user_name,ouid
왕자,9b2852e25a85deebc5ce4173b1ccc1e6
19,18e17412f97995c818b669bf4052a753
상추들고튀어,1dde487186c06c2f54e65484219d1d09
사자,bc0a86cc5d24182a2e09a2d29644e205
폭력,5d84519cf2b0e9c3d69ec23a4a859e12
보상,332522192aed72ca90aaa95d90e1b08d
지은,273812858150a28424d56f440a5b1499
먀오먀오,7fab3087eda49357ee067c51b8f8b3eb
Oneːcherry,fb59b9ebe43ffd9d6b8b5aa9e33b97b3
더건,b54f2c11425549c9a0309f8f8876dfd1
벚꽃,5b73ce7ccce4e2aa1966c49c83780b47
파랑,580ef4be741c2746e671fdf05205e546
셰익스피어,63bbb405e661019a480b7c0648e84590
뎅뎅히,502bf3d1c519055efd7b4e7313ccefbe
solo,f093eae67469de7498e7b3bd3de80713
FANTASTlC,c48ec5e498103c87505a145734df2f4d
곰도링~,ca080f89fd0f8978f867f2799572d1a6
skip,be8178231c717712201d9191605362ab
콩씨7,e570c51ad87baaab53dce767c701c3d3
바람,5ae9a0aba72b7bdbfff9cf7b1ab12079
아리,2203c145161ac614f582061d62c5748e
료마,5108872b4333bb22a48517638cd4fbed
신각,5deaa01e89f395a90815102bd8137fb7
저승,e26863167555673a1b52bff349a9893d
lxve,b93f28b48b7637450e70fab96a4498da
핑크,a1c13bf09c5566436919baefd49038e8
틀딱단속반,0ed71d04383bd12216b14b614d4a41f2
페르비,1fa1b70d5b3de816520ba1a99e485191
댄스,096a3023fe20810eca6aee054c84f357
우든,e8105bc04e4a48451d1ef5b73bf7cb02
보건,642e49d62b7644ad7f9987aa1980e51b
ㅱㅱ,f636440af24b8e6e095e307046fd738a
안양,93e261a22fb8c6651a418d580373708d
zraI,0632880a7c4e164b272fac72b73aef0f
소은,e0fd923c800e5441b8cf515f9f8abfe0
옹심이두마리,179879ae0cf5c184af64bab0f0749930
조감각,29cfc86dab1c4680759c313ec902b391
ShelleyCake,b4e0181bbb6b7cdc8cabef599b6cbe22
산이,b7f9fe7314d5322b7db588ee6319da1f
King,e05575c8814953055ebc988160718211
개돌용병,9f038c1ff07cbc6414e976fffbb154ef
곰인형,531a427051aef493c2560eff1afe91cf
병아리팔아요,8305224838a1c14f6837270527050c16
타루,2ed5e828450f875917887a085c84d918
최윤미,8d5612676718a14fade04f2cb91561c0
레전드,648fbbc694e660a33b8cef0cbae3f1d9
한번해,12ae316087ba4a9e3ea486120d61efe7
FINE,27717da7b2d71df52896180856ccbea8
히히,55f3c861f0b35e0633e647c476cb795e
응아,99bf573152209e7f1cdf6db6bedc772f
Shy,6d5edf92a4ea7f3d18c806c00a3c9593
cherrykiss,0d9807ab206e5a2172f57ec9f50bea98
솔,dc0559231f37697e31549b40fd7de706
반예빈,284876168e1a9d0eda99ab4b771b5286
둥이,1baf251696168578cce1d408fa8e4f55
랄하면,834284fa6e7cf65914a7cde283a21b08
色女,82235398864c70779300daea913744d3
unknown,52c7326c888b04902d01f399fb912a14
IlIIlllIllIl,cfd88abbcc74eb55941d6723fb95dca8
Κiii,38906987f54adc55e11fb32f4ea76cf2
전번,d7369b912c3b1bbbbef83a1f2cd3b28d
유키브페,72ae7ade509d482f7b5aef7450ea073e
칠보장어,4b72c0667ec35b31a29fbcf957fe9570
투썸,593d755a6bb13d9838ac833d32f7fce2
Jiyoung,ab52d88c8fe807829a92e597cb96e841
자두,45b1a2043c7c65ed1e199fd1ddb185ba
핏자국,2761c3d84c872da16a42327ef1f77afa
에바몽,f63e0a98179008ae19faab242211fa02
평생로젠,a985f820f03659e122385ff11646af73
지도,018eec186511a63ea86738c7799252e0
젤,06ac78845d5e6fe1df8cfd564e6c1234
지건,d8073e6267b2c16c9a9997e546d9b201
asd3fas,f83605e5fb8eafbf8257291088840791
정말,67e18db111ba767dba205c9e0f508bac
따뜻하게입고다녀,e6ac81dd9c38524bb494689d315e9fd9
스토리텔러,46a6b7706dddde2fd761220d91daccdc
사빠몽,f33ac3bc20179d08fd3320f33ebfe242
그사건,e017c1019117b828bcbea77f55f506c7
반하나,30a3ec8484ddb8426f5a0d1d7cf86584
공인,2733455b1b1c04a6614483e86404d594
영민,2e7780aea1fd653770023cc67cb946cf
IIIll1,2ce42ac3d20ab0bcb21b72ff6675ecba
시윤츄,a8f3e2f4ad589abf83ac9febe5a36453
쯔양,26c6ef281b80c34f703a378b34568d80
Poni,16650f3a8db2d4f4f06f38fb97b67247
강경민,5f5eef029527bcd41e71832d0ef7f570
야누스,123d200947d6d2f5bd5619f4a4bbec68
대화마을,1b0c58caa535ce8c3478d1163f624cd7
최은영,ae2b0a6d046e21bc22e91816ef5e44ca
메이비,d6cece07c765e0242e9cadccbb84c6f3
천재,69c6272c668d9161e20b246a17c53863
미교,8970504ec5284edfe946feb968f236de
지존,b3ce20e4e1b749d2ea7b9c5bd8ea6d3a
lullaby~♥,1d8ba77e386d4d1f490834345f368143
메티,ea36a0969328927ce4e7ded3976d1fac
거친,ab6b970c0d8478a70c80a944de5e33d4
IIlIllIlIIlI,28ecd94b3460d7b3fe9f9d05e5710427
근우,9f1e4ee0b7189cbf26f61d406a4384f9
73,0d6653ed2159cb510c14af9c4141ec5b
┕┑,ca9f424f0d15f5cacdfe92ae739ea3fa
갓돌쇠,fc44cb28f2fed2c506495ee7d12712aa
욤,847c6e4a25a0ae9da06542b8b34e01d4
♡반샷,8e1780ebc367c8305e7c667bb7af65a2
관로윽좋노,282635d7a7febf09f6c6b75d2b4e53cf
myway,fbe05878f8cab4157b041b81814c73fd
고도리1번,4b1e12a61248eea9ea7f78f71da6b86b
가짤루에영??,20e33b6b3e0e957df549b3dd6ebf689d
zetty,9a8e0f12855b23c60c1ebe54564e226b
럿츠,1ebc186e9f889fa3974a406aa09fc829
혈라,73fda248ff16eede5471edd2d0cc9359
레니,ccd01264eed929b82d4003fcdce85736
루치,fc68a32950692ff790bd92cb066a64f0
LarK,502b6e40e6cef4db201a588c20f73977
김택진,805397ecbb640a9e4188a9baf1b2eeb6
좋아,54426b475bfc0c84eba9e490bd0ecae6
로번,28881b22e56d1ebbf792d94f5fab6ed2
현도,b50e93b420473990d23459de55b61203
예슬,0f9cfab8569741459e9c2a440df4a74e
ㄷㄷ,829b554a9d54873ddd2c8d14efe96680
살짝흐림,c66ffea284872e0abf389280359bc617
웅3잉,f790fef8b19ccf53a5b32fafb52ff105
미드,a562d72f5e2a91814cde18aa5a0c9b97
소풍,ee09be66fcfd5a10672223d9f542585c
만남,a5cd9595e1f9325195c08629431ab9ea
병풍뒤향냄새,79d0d4fffb37ce1d0ddf808c8cb63b60
깽히,3228306efc0137bdce36418c13d941d5
소녀의세계,5eda75df3f580125d4c030740706d92e
서든러#000833245,efd30cc1a1301bbfcc00e83592078a2d
S급라플,d2729e3ed99e1d97c04922997c004454
성이님,f74b18622a190cf8775f51425dc76faa
꺄,3fac0580bde1babab2d7882d677f9109
전설,1179776494b4eb74195cad8b5cc050e1
질,f07e16a0ce9a959946e7fe8c2043b76c
먹,2bf7afe25cb698532546956df11d218d
chuby,2439b139a720b2aa9e46321db1d911e3
약속,fb776a5feeb22fb219b0beb05051b0a2
텐시3,946e6a8ae5c8e4d24316d601d65eeb31
정치,ba9b226a5c6c8b7218fd953a8e6cf3f9
환각,5e02207be883f93c9316ac6df946d31e
매화,d6f659e89208ee013e6aef11c10601d1
포포먼쓰,59fcd3e4826eafeb22b1179c41154b8f
공군,1fff781cdee150846edb0af047652fee
과대표,8a4bfd624198c6c3b55bf09d1145298f
보조개,5594bf19111070d9a401dbac94109eb4
yong2.wb,b138e96334c3b6c78429957f1a89fcf6
#red*pccafe★,210deb06fd9f19e4c7d6efe375be86fa
elice`Jongho,ea9dcba8dc3df6ed62c637312c48c9f0
보물,d0c4b0df4a10a9f1c1f0a04ba967bd6c
시켜,cba5c21892ab6a7949c43e6bca8dc2ef
은우1,b9282b1da17861088b498afa293b4cbd
초코롤,7424384d13b5aa1e704a0220554dee97
lllll....,fa976579eadf100f90b338fe6820b16e
천송이,a518db4eb352ff7e09024feed780d13c
잉잉,1213498adefba92baa7138aa0d050f6c
양가,a3d2c63f909d41e560d737e14b321c27
쏘우,8f9819acb514684d86c035b284e10dba
뿌뭉,6071f4ba0b6ad1dda855fd54d8bf5c35
후배,534414ff89625147b46d0c64f00e4c10
코와이네네네ㅔ,3fa406b1f01251972b9d546fb6a1ef7c
Legendarys,ba1625893c7b8ebc87465063e425eb57
꼬집긩,88c7f7e8a7f346d0ab66a9dda0e2c546
뽀미,6325bd2d0907dafffebac93f0c269e61
전채현,41d82f5534d2f219e1c420d033128a7b
lIIIIIIlIIlIIl,baeaec85232b7b59b2b63ef351cd14e3
보영,8c27d951126ddba12ccf094b4b5fb4f4
현찰,8b7819156453522073e2495d5797bae3
형준,6bb067c0c60ed2c6af5dec07bac5d9ba
윈터,d374c0582818c96c8d7067ca77f4ebfe
평생아솔,840d8fa05aee75879a025c415b3676a4
후연,52f676ce655a9acb1327d8b6bee93d54
韓牛,cb031642fb9aa50c876d60b817863622
BOBCHOI,0a00dc2b0546bfcd6798fc4be772e0f9
세금계산서,9b63f37be284b9e4205dc7a4645cd528
ＭＩＲ,f54e2bf3c577aa3fd50578bb2c1937f9
외나무,5447b3b22b84ace082f92dc3a437bc9b
핵키,41272652c2bba3865dfedda24a59462d
casting,b487ccabbc0f02100ecfadffe835167e
로그제재,80a2dc0ea59dcef5b0aad82253ff3e6f
Stra,143925a0a08e52bd4b289dc0d3085074
요네,b4310b7df4769789e53d240aeb9dea55
열정묵향,c355552a42729bb3aa3cc584ed86e20f
lIIIllIIIlllIIl,facb4f6b8c5a1767bf1cdb41d540a65b
라윤이,b93854f026f31513b2c0848b12bb3c60
학력,16b9d109db50a18337285465fd68780d
탄생,107f952ec161efb1dc760ae6c2c265a0
김수염,080fa4a17acb6e0ffc9b400e558d5f7e
소원,6acea493211b081c51f4c199d3f3edfb
￥eeezy,5f71d06c9977b636adbf845704df861d
모잘라모잘라,9d9ec39dcd7edfbf7d696f941b261cb1
스쿠터,fbf3838823e5d15cf12cc6b7d2e992f5
임민호,8b840e410c22ff7473087de302e6e94a
기말,9fee5c44ee2fa8d902edd2c9456f8f2d
승훈7,0514a90b73e94dcf8c13d85dac3caa15
포차,0c84d3f430b4d23ae22934557b980d00
최항,45afc9eca26756f58065d0a5b93a0312
효빈,cad95c4868e351237a0de4cac3e6cc03
미라클복희,29b8e3f898515cc4e787b2ec74d12068
총들어이넘아,6cbc6bc425b56afcb65094f7eed20be0
peach,d9591b826db8d611f4eed014791889c6
쪽지남겨주세요,f9a482a58290fc0a3f833a95315a2aac
영준,a0d13ac7a3d778fe8680c842313f018f
용서,ace637a4977e50b44d59ab29042afbd0
체리사탕,7b4ccdd1a45d058dee208afb8ae7646f
유승민,e1a184b3d7fe960bac87efeb0fc0f5cf
정용화,93b63931984005b6b24d0b213b46f61b
서든러_25770114,d91f14c9f0f5e27fdefd745b5c154a0c
와인,c2f3058e2bee05bf17911c847fc827bb
화지,3481be46ed14b44101755ea4a326e9cc
빼,c849050595d81e8fbe5eb34dade47db7
야미,d735ddb457a0d137c6c46d8153eba39f
IlI1,f36d846979fe2aaaac0de203bc1c111d
65gir1,42623e037e749483cdc4ecc20652003f
ivory,d307763fd209492574ea383046a1275e
hyunsungg,0136f10d0f040ceb86007bbb3ef41231
탑건,d0646bc50cb2f86d8ca25dfb0e851de4
몽이,92ddc79a54a31a4191d2da3105a5f37a
Mr.England,f85891777cd6744f68468ab0574de536
서든러#000884539,655b40d2133c458bdb9930103960c61e
다희,4f2aa7cd9dc3c389968b51f17e4d7235
민교,e429485f98c96d823a27a38a592f5feb
ohmygosh,120cc58a11edef06fb75e79e387c2047
래아,e4f1a94eb732f69c784e91776c71f5fc
일본,bf8be389fa47776e0f61b7faa8d85d0e
잔인한꼬맹,8613d37706c65dd87efe3c258c4b249c
sowall,6a912fc219accde193dad9ee3e6595cc
찡둥,8dd711c6930202ec3c10fc3a310d1277
먹고갈래,2bef6f4102311b3ecf7ffc9a28c430cd
당긍당긍,5a16d5c007deb76ff4f3bd6bc85fa89a
카르나스,3df995f5c9e2595073ab5c9474e19bc9
랭크전던짐,26661f4f5ddcb8469a87ceeee34f4ae9
ggaebaki,20d7ef5a5f0c9027a9832e9f73980e53
김연제,3b9b8b6c99701e425ada3e0fc72322c1
에임,d733e39cf5503960fb9cd0579d9890ad
토심,22084df93879de54941beef010532acf
키라라,74f29f7711ab53794b07fe5912d6c12a
Gift,4395282272057620eb2458efacbfd9d6
두산,1c7b3bb48bc506576e712675cee0eb3e
요¸아˛정,8b8435e18faf9002798dd6242f6e5d36
콕,1b582f36ae431ec43cc2d2dca0bf339e
원포인트보성,5d85bab69f1f6eff7758de6f45da1c3e
시뚱땡,fc1a6eab9f421be155b7b9146335c44e
옥히,b380b2a67742eb44a200cb585e74d7f6
랜뽑,02d81b50de0ce438c9c21fd76ad53655
Shadowboxer,f2088cb91ccd358567adeacfd672ef53
트리마제,f9e93a0b2fec7db438bd28f6925a2f70
다래,dea48f896861786eed777dea79e29f98
foxy~♥,e351bed0bd52e941c62b4df47399581f
IllllllII,7de1c247f0885a830cac74c8afca4560
newyorker,1e0fd0ab10b5c4ffbb14770326588d8d
마성,6029cea7766c06729f455389d0641624
스킬,a88da456e8efee6b05e559ae3ab9fd5b
나이트,5a1b09eb3fde9715e9fffb075ea8c0b1
수민,967f6b9bea9fbcad115ad36953447b64
떵민,9bd7d64578221963e442a931e5d4d89e
늑대,44e182a35389fa081f00b2e82819159a
애링이~♡,e9dac9c57af35bd8cf434e6239a9fc3f
딱딱이아저씨,579146791d26cea6e11c6f7649f957b7
박진수,5915ed69ec8a8c2be7c3f4fbbfdfee40
Larks,dd58a01cd9a23c6bfd068d0258eb4e72
예리,a69148eef542904110a495c48b4bb35b
낙지레버리지,47f564778ee893c688a7adc4c303c103
다영곤듀♡,fd85308f3987feb460bb34be92c75386
IlioilI,a187d175f943f8b6bf1ab0e69a13826f
onelove,46ed743c39fea43c228dec42f3a771a6
속상현,91842acf8ddae9170361dd4b91021175
신＼('ω')／나,c5085490bfe6925f4d8d902d3fd996ae
bba,0405878b861ba46a0ecd961ac737963e
야미メ,4bb997a7f1c21ab2c681cb52408b771f
해적,01e418adbb180c3899de0ae34dd9789f
관통,b749cda7cd2f3182664ca89224fb2929
박덕흠,8a586766e35a66b12e61adfe77ee3345
cherryme,57d78b214f2d3d3c026215be9528efff
츄,8fcceda225ce8b77ecd48ef844b0793f
흥,ec3300d4f9f4f1be32d7e082ebcb6d19
힘??,5a7cf65265ee9966eface4ee8c8fbfa6
singilu,e5719b82d752dcce65256e444a540958
Seirens,284c18d64828530106ef73d63c9bc077
까칠한소라씨♡,0f0cf6a689653b28c6d704c777cdd570
디땅,51dd016337e371792658cf53057b9cc5
롱길,ab5e7b1c66e61c0371d0fb5f3b78154b
주,2d4702d5ab3a7cc1a4001a51ba9404e8
Billiant,38e8c109e706516de047c5902d4e0f70
(´⌒`∩）울어,19104fa876bd2ff725f3995f5a478910
Hancock,de627e2940d2ceb5d6fab2a738b9d860
나예,766cb6d70a56870a31b58101bf4747f6
장어,8be5f3f717818b7eba82149d02ea4f7e
동희,6c4df67c8bba255a4e464dc04d941427
우린,99d97d9d16a681cd89d1e7c827a27911
이하영,ff1fb9a283d02bc12a4059b277cb9cd3
Sword,770d6e0d64e4e40b3c6e06321bdb69ed
김똘비,be40d1d729e5d2a12ab77d236f7ca645
창자,bd785e176ee9a3a7a8d837288a42caed
로이,983948af2a5f8cc5762fdaa785a87782
도끼,d45038d8ff32f9ed5d7f01294af5d68c
Gard,8557c91e7291dc04631f23efb066b733
이정음,e39b66d3d5b10c1bc98839097223a881
IIIIlIIllIll,7cd4503eafa357b776a83f1ece8f39cb
스커,b6478724e45edc5a3c1a68fc1d246d0d
채금,f6d3c6d822465963c15439aa8f5250b3
JungHo,a88385953efcd6198fe30874dd875fb7
오리,f31bdc2e6e5a7b749b4aac527411ffc3
Matteo,36c99bc038ba198c2fc0b2ca59a17815
패왕,7a06c09e0dce5bc8ea1ab40d00d12a49
건설,c2bbf914c13636dfa119709d763910fb
데이나,1e65f341d5d1db5e414c9352193aee1d
Ålbert.이프,5991780600f8706dc8d603fb28bdf5e2
♡hanna,bf552b1d6edb03a8086be13a6907911f
해운,3912b69b1ab7f0287e6b2ad9cdde5e40
호두7,4927311908b62f04caa5153ecd5c1d1b
부산잉,18e436caf38fb4823d3ef33e9eff0982
한별-_-,be7f9957de91e2e0233992bbee3c97f0
ⓜⓤⓨⓐⓜⓤⓨⓐ,7571c5e2df7391194cf1ec02bdce1845
이근,03b94b4aaed378998f8c6055c996895d
테러,3cef12825374dcc0c3499ef15e0cbba6
파덕,c9d298982642462d026007f4f93474f3
케빈,97c838b8dadb430fe0cf8409fb6f24d4
찌혜,2ae56582b589550bc1ffbdd5859e4605
정훈희,109a3c427e092d6b0b3844800e2c0e1a
찡현,03fa501341a2fa63848ed2f931d05141
흐앙이,604b39adfef0824e2bb1510f17644a08
sense,817d474f8c723f028ec53466dbcdcbde
.107.5.,e420541c6cac9d6b58f720d801078e01
탈론황제강혁,bc358a102f4f4681069b4cf9c8a91c6e
박성한,d4d54ff399e02a884c3a29b8d0f76bf7
거참,25c304ecd1f3bbd17e8bd5daf3f8791a
도마뱀,71bdce0088162edbb6db96ed1d2d0820
냉냉,e6cf6e73d7262f61dca66df7e3ac2305
잔인한소닉,79d56f4f87627e7c3f899ef16a2324b7
Heretenitripes,895d02c1a9dab3a32ba0d65b374e9355
다피치,f10f25fd064f7e23e426cec4af93aab1
케이크,cd0254b25571248cae1523b5b723c187
레이븐베라,5100560b5127802c827f73f7db6b5299
샤탄,cfcdecb3308e7d631634c5b082791071
민경호,607a2be8ce2321f1a38711652dcd6484
쏠라,855523a27f6961ae1bae148ed358e897
BongSunny,3929f14f59315fa59ee3404358bd8aad
떡팡,92bb3f9ffbcd4f1c0a0ec8d60d33f14b
복수,438ed68efaecdc65677febe6b757d194
콥,9be965c7427ca308dc628447433913c8
머랭,fa5fb4b9ec24ddd10908ef975f2f0108
ㅊㅇ,c4f8eef70a3592eee199425c27efe5f1
하고갈래,71abaae01aba3f3afb32d075022665c9
러닝빠름,964f3b777df0d000f66308224379f15f
조각사,003d0b600c59e36feaa73cca3994a408
재롱,012e622254f0024d03b6e88db7b62e22
뜽미,91e4969aae0041b5fcf1de8fa5b7b046
정겹,783e3b46481bb0f7dfd6b6557399ff81
ChamomiIe,88c7e238d0b187259e62a509337014dd
Soul,9e7f7390f9f0fecaaf9517d0cd52db47
율솜,1e51738d7e451a9790159ccd29f2043d
Santiago,21ecc9d162b6976e6874812bd89db38e
느낌メ,0d6f8e5a184ac089ce34bf48f3003c38
XRP,c86960708b3cfcbfef81b0620a013753
lIIIIIIIlI,98415bb884faa7fc2858cfa84886f0df
rhshl,8dfdfbefaee6a09dffe9450d037278e8
유환,32ec9fa271c7a520e296dcd797ab5eeb
명욱,e437dc6081c673df101bfb2ef1265a33
애쉬,59b07f21113db19afff601f1bd24bb4d
은별,38541b3bbc59a53af3339e84e2312dda
자고갈래,e7f3d3cb8427626f3e983665e28c33ff
팽하,c7abe05310ed565ee8c74b417416ea51
도아,8e58ae8e743fdd1be3c4aa49959503bd
강준상,dd68a8d4c783ce05fc92057d53af4f9b
Melina,a1f11bafc78171b7d2a216de6150e47b
떡갈비,f920c51fcb7ecc8b120d554b4a5f9923
쥬얼리,7d05df80fdadf9898a261510704664ba
CSI,cb48f1c74757213dbe23fc643c1d0be3
시웅,540000743f96e893dc467965c9b95d72
삥밍,f8f98fcb83b87b08b56c4d113a8456ba
개쩔쥬?,a78800746a3fdb23e46ea90423516adc
Love，Fear,67ec1445c0b712067c75ff994702b533
포뇨,89078f1bbb3a60bfee94c6e621989379
서든러#000814997,0b3c531f07dbcf15100e4b9d0dff5a8e
석회물,3151975af5744631a41901c96ab7e189
봄이님,a0a3b0f9e45f8fb84798a40f1290ca6b
♡균이,cab8ee42b8c50ad8f460d5675489caa8
세징야,495695c5186471ba0636d8c3e6278d4d
Ly.모모,1cf448a29585aa7b2a4cd3d389a50af0
럭비,42f4fd9548b009767dab36495c8d75b8
준디,aca1ff1b37b1fe852ea2782c424ef2cc
주기후,5b587064099e9c92d1d2b1b73f92fa8e
llIII,b46d3e07cac4798c5bbf7853d794e3da
원포인트천사,6013b18cbe747226982a104a6b5fbe0c
lluvia,d23fe1632f3f21fee4c632bf3739c501
kkk`x,68f96715bc9e2320d83eb33d48b3bf1b
마에스트로,dd887e6b3b0469d264797b4b49af34fe
HolyMoly~~,74d5bc3607a6b9b9ba8b06cbbd28222f
챈트,adda23744c9d4f133aab21426a1ef9ee
힌,a8b730d005d5417fb5905504bf4aef0f
나이프,bfe219d139e6cbccb92905d99b8ded8d
신디,4eaa7db077f085c49e230ba22f230837
형릉이,9f2d24ab630bdf5b4dafc148bd13cc39
달민훈,c0c4e6388a7add5e8a171f9fa5890d68
왼삥,10042a44c97f01d174179ea76ed6a6bc
celly,a1346cebd83fcc934ec274a2e91c843a
푸들,e2cf2aa4a908a07bad0c8bb84576eee3
혼입,026267d573f2631b2a77202b0d5c6469
사돈,06ff99b3d2e5ece5f7ec458f6b48c996
초대명인,4ed792e406b193ce14bff2281d3387f4
베이스볼,7dd215c992f4029e4cc10b36f5d9d72b
복사,dddc62da484a1e417b95c9403236df77
grapeee,502bd6a28f44826f3dace4ac09c60af2
IllllIIlI,f759e275f208c68c55a5915cf79a3559
밀워키벅스,3cf7b28b5abdb6688f9de5653f994c69
펭마,6e4a4e8883700d65afe24ca42723613d
냥장피,f763ab73e1b8d8a7fb8be880a341675a
ㅈㅈ,527b0076d85741b44114ea5939fe7bd0
바람같은,4ae4a57c9ee04fe5246d36c72b940f8a
제환,f334c37e0c7c6f118143a1d7af3ccc25
바보,ee2e7f2743688fc61381dff85de3f337
lovingU♡,c511d5f4a0a3f79c723f09bb59edaeab
BIack,809157a89d859de8c3d41dbb25856620
지빈,9133015a117b0505796f407562676187
신서연,a8184e34117b44e70acd86dc2a32e192
ㅠoㅠ,3ce2315d183df77820031321145de21d
ＫＥＮＴ,cc3530f39937b4c12bfcdd4c98ff365e
missA,cad4fbe22ef3c0a144f136fbbf8d5bbc
Magisk,67eace77bd34ca7bc099b51018007dc1
레쓰be,d0f1c9f9611efdd7713d9d7ca6a2103c
지현우,c34952d9578663821e8477aae2615ea2
palry,a60bc18c3f8fc18bf2f2c664e9ce4375
로사,2e0cdcd12b08190b72a0e82bb2074e94
무선,bbc5ff91ec1650286bc07b8351246210
댕멍7,dd90338a9aa440cb59fa161c82bc95fc
Lexus,396e17a699fb90fd735db12dee9d878d
다로,b82c698299929d817ddf3cec11c9f4ea
봉구,7c22577fe574631a09841def0bf2594d
myrose,0907186c545595489102a1612a8833a4
ruv,7c34db75cf3687c4796b1188029b1105
아재섭섭해~,c43a357091d510640782af11cfe390e6
효빵,87fbf16442eb0fc1013e211011e59337
찐상,4a5d548b87e3ec942a3050327a524e19
슛슛,955d17c31e06ca578cdcd27fbaf4d404
막고,f268d422def1300c344d38d5c7dd92c4
렁뚜,56cfeec2f18746698562b416fb147089
SOOP:뀨우♥,379939017e20de784bd7ccfc35516cf0
CindereIIaMan,a9280fd928de269ade81e1add5761d7e
siseulu,3044542e736279f9f8528527a0124d9f
브라,1a963170a056f4d0af3902ba540a9f5a
보다,0b618f91e7189d9e6a2f763ae1e7860c
꾸러기롯데,0c464b65c0988d247d09d2f94a45890c
운명,18009d6772a34b26ab65b5c3dff5fdf7
맹이,ce9439ca59ebe33bfa52c53cd02968c1
케챂,729bbf6aa98a09b60f974707710b76fd
아레스,2cea2fabb79ee499c0c1751d5aa02de1
OneːTsukasa,92ca6756f34450f84215c32363044a37
찍찍,e792330af7df69124dbe45a80df29b2d
싸부,df5af515e27b615494d6693e56b0ed63
dszg5m80,8ef98852f8218ba377f605e1714cf3b5
코코5,4953b157d3f0a4cb029188c515451771
룽,5205b1df5bdc5777e521fb333df2213e
테디,cc8f1c7ddca740b2130d0b75ed5116d4
붠수,c549402aaa799801784cb89feaabf3d2
블랙야크13,dcd8c06d9286620d37ac7bde2c056704
리원지킴이,cb5f1cfe33a48281ad3b2c0284c4ed61
정면열어라진짜;,501a248233a2f67803af126dbddde632
숨다,d86834be8fd750a1de8197706a354655
당근,699f08dd9d661e0adfc2c3d6fbefb01c
카카오,08a0f75e671805b8d78b8662e46681c0
룡,a97b902fb4df840c106018b28005c6c1
버스,0a84e557e15a9426fe9f3bbffa0ef2b9
ah,1f86bfafdf027296c104b7d985d14e71
러닝제로,f1d419c22f9c81e4f4ab821cd31884d8
가사,cffd6904b3ef10b6e0353fcef1750689
하니'^',08d4d1fa0dcc4a7dddfb57728bfeb2ae
MayJLee,9916598ae81bbbad03cb91129b06d217
필터,6aa748988f666571d9af07c17941cd25
Ol슬,b4775c8c1dd198d8a35b471a6d22f13d
힝힝,d1d1fb6bb1f68bf8f4948a355b5ffaa9
˙_˙,161197812850b4480adda8e1e5c22750
상사,62c861aa5601c86000d135dcf7c1862f
퀘샤매화♡,36c46d331d65cce5429e27aa4944c5ee
동영배,2cb4fc63b93d15eebc07245eca4e8c81
용아,93ff1b46406cf53dd8d596f65947a120
redrain,6bef44f445384fb289ad44abc92a1f1a
uk:P,8e0e5a88ae6189345ff50ee07fe90b8f
강동희,a798cc38ba7b3f6d01659ab9ba803deb
술팽,a7b83e25e1ceb0b44c036bad7be1abae
포챠펭,ae9d6c9016f2af4d632113487414ef56
펀맨,c1bdf79dbe9e3a64f437f0ffa917d5a1
쫑쫑7,22780fd8fb59381e0600fb375ae87767
김애봉,48889886f501c39df6bed8b8989f1d26
뚱쫑땽꿍,4236821c928469ae19441ace071dbbbe
향안,44bb2d0de3d2979a8af871f8734b091c
펭킹,ebbdb29332dd1412c0e0fe007ec9ada5
민승규,770d7f9d5847e2d8ecedd0f043108ad6
종혁,c27d1893afdebbde336433b9b1b46638
짭구,cea4a7c89a31eb7858193e4ff075fd9e
삼백원♥,89854a41147b30e24291ff44e007823b
욥,9236cae9ed7baa27ffa325e9db967f68
배유빈,7b7da41a193dcd80f799beb559c1fbad
화약통,181a42151308c7acd449d72395ec4dab
섹끈,c02fe29e9d4252356b1afcdd6cfc7af3
래쉬,d66a27fa856062aad4832b967246180f
@@@@@@@@@@@@@@@@,94090c9f956327d34ec48689b133234c
스피커,52ff4f416bdbe30d7f88364e11ebbaee
달모,64317f36e65e68577286e09bfbab022b
˛(｀¸.˛´)¸,c840493a42e0e9a57b6d82ccee9c8af4
빈,c31ff64f873a966d228a110d3280de3b
개미,15cf22393280cc9c3650ad74bdd92b59
아이꽁,61d574ac8c25243e5d4b840f4ea982e9
탁동경,7dfb0592d0e22dad80c64662ee1fc059
승열,25f7fb7e5362200a33bc5d1d56cc95cf
onetop,052fe11aaad542264f5d569ef90ecc0e
의별,902ca6c817f436a3b76329976af98638
지훈,4026da40f0a74220556f3e1c4b2f5035
taein.lpz,2aa255cd2049dfc4a2e9f7e5b3177ab0
사위,2f8f42ef66aad8c17f96dee12590b3eb
일상으로,3b7e10dc8b96497c6f7e240d08e683cd
인간문아재,2003571051f8469837c21fcae33ed70c
로이스☆,e9334b3e3c6bc36a4f5e816925c3a5f6
아영,90aacee187255d1f880229e3d84afc97
이셔리,0f2fa2066c86d878c3806b31c341ba1a
후훗:D,174594ae32565532a673316987e3912d
llIllJY,d4d4e66658a6d69bd6aceea5ec4dae8f
대통령이재.명,7624a2ab8c2440cce7e47331b255eb27
젤귀,629692c9ced0f80d1edb22bd672dde44
바세린,5d59d0042f95012392c460b41178e47b
나무,22723031d7abf482be8f1796c1fed155
이진,ec9a069ad9c0083071c7b5ef77555af0
IOPE,18b82460acd3c585ea08a0aedeb2e859
별양,2243a0edb31661f2d3eeeb26807e5858
서재,3259f682b743c43eadd002cc59d319e1
§오윤희§,42e4d5ed3d8c26f525f3882d81d91c36
소녀,33823c8b89e147c673f7f43ed7b938db
돌핀,91f6fadf7d829159b66f71ec086dcb1b
잘건데어딜만져,26c7604e2110c9df8eb225884ae6eeeb
박민정,224a28a725adb83ef3476cf0c2e60a8b
루몽2,49d8fbbd3300cac8f2b7882b630ef12c
쵸비,a3f727f36af962e37125cecb8b15d3f7
퓨즈티,32c57f3592f8d23a5c36c3f4f8a426ba
꼬순내,189715c17b7127128b68cfef6d58ed25
이잉,dee4b36723de263384d12d674f26816e
여름,2bbd26f17484b842f81ecd3cca9a569e
성서,d003b66f2ebc1ede22ed2aa71ccf9561
은지,353a0da4d2a5391b2adcb92047a44b8a
Tteokbokkiman,65c870e0e3af830f888d3dd360e0b84c
엘깜,428d779d03183ed234ec99c9b55224e3
dandy,49f468466f91dc59a234cfddcb133636
서든러_25813761,db68d553f372ed4e463c9e70db24a5af
조병현,fea84497bacb22821f3802de6976dcf5
둠스,1072209b94f7238f673b9e2ab24673b7
ㅈㅎㅋㅋ,eb71034d115ad4cf7cfe0a29ae5943fc
뭄뭉,2728682f9f4fee06a87d9c956efbc803
비버,4a4a84b697bde5553aa923ae9d13fe84
lllIMIlII,b4b2a731adb78dc528689edddf9fdaa0
고슴,84357c0241e6736903e4e422aa3a08d9
립,f3ceb1dd00fb8402047598792ad1f8ae
서든러#000851961,dbb344cef056b5dc5c8c3313a416284f
뱀,fa6c9626709c389c9bfb3ce357cacdc8
xeta,9e551ce788f54fb43fbdf88551f83434
순별,a4efc1d7c6a4e4d3cfd02ba364326180
Yelp,5ef03db5557aed94826792a515809b6a
코스모스,edd1adea6cd980f8b4db0ab376634bbf
우주별,ec315b6080878b5b395f7ef83a4a1137
조끼`sy,9a72823fcda0dcd310edacbe70c9b3a7
손수정,4c70141f1afa1b15f57d31776c92d081
핸섬,4ae726138aaf035bb1003aa4a4aad770
수민z,e2eb47d5f66b072b1577a41df888bdcd
이혁이,7b3d8c4ccd7b7fd805dfd4025dac9011
채아ˇ,db4c8d1a10c670a71db558bac80cefe3
레이,aacf07455d3db27a0710a9708660e2b1
열정귀요미,d83289d0b1377ab89e77851d623afa6c
dahae,a659d4dbccdde252737f47ace9ec6a80
럽젤,e08d243f31102b6c2a11b95c73adc75b
라이프,a6d6d9d1c5aa55cc4480999d59727c59
판매가,9efb03e5670aa6ea770a4711c550ecea
이새은,d97ea64f5a3db50f3a158328edf935f4
터프덩어리,233f05bdfae2a84501b24ef4190e9a22
춘식0l,0860fd93bc89f27f85fdbb0b16a5e5e7
Lovely,072528911ea01b8aecda399a3c01d6b3
잔인한실각,ea2566150af0cea235f705d65534e728
뽀글e,cce4bd09f2f002733be7805a290e0467
로망,4a5c51f0ac7e87353e32480e3b7e3978
血痕,d9b901750bb7ab4677d572dd4fa4b42a
샥,a0550867b2f608ea37f0d90d347cc49c
뱅반별리,85babaf867ee2182e9f4b478b56e644a
조성,16d4000a05692bd60ca8526d748c125a
제코,b873fa0320ea3a7f1c0ffd63c41e4be1
bbizim,b1d603cca3a06d4243c4c3885c72eef5
업비트,2d4c89ea7c33148bc2b35a1a80c8c935
동안,d05e65891057cd6d6284fe55c77a5b10
양,34e0803733bcaaec5301ac21e33519c4
미현,8afe554b304027f85fc6fd9adc0b3d90
krad,691d6e3cd21f9658b5bfa9a7034e1239
첼쿠,ed9394aa1593c5fbc16f81e49ff9a18a
팥들었슈™,ff553d41736f8cd4ac40adcea1e066ed
서태준,58cec55e83fa831f7d6a6a816242b667
롬,fc8b04c1aa6718449cadf5d1389c586b
튼,b38225ca78766077c1b59531d6fd3af2
헉,048da2db33a1b56e12487f5c47a7f1fd
제닉,c8a1a4f33d25f81eadb2ce0b9a8fc8ad
송,04460007eebc9875691785b39010be7f
김로기,fee4da8dfda5ea8382ed70af8a0daddc
윤사뿐,2f49ce22e0c90b2cc7dfe9785bd3f3bb
unIove,bc9bd30de535c8c7f2cd74081448d1d5
북,94af27aa83c61cb6057d962d80a26ec2
서든러#000948671,0352c6a768014a8e822fc3a2ac585319
무인,ff5f71ebcc76a0023e80876aee9ed180
닭강정,25a88ba1f53491b509c175ebe6af0c19
호잉,e84846846074d3bbeb45a0baa10dc463
뚠땡이,4dda57dbe645890347feb57dc86dc4e6
Strawberry+,947a2b9f2b14c33d52b93331a348db13
호스트,dd7604c9123d076e9d1fc7617bf16838
찰나,f4d3629a13a469c9cc50d3b48e6e579f
블랙카이트,46aff34bc820e464f7abee5fa89e30df
수창,61d3ef633109b47d4e8fe1762ea440ac
엠빠,6258b1f20213096112679f2257f52cbb
렬이,b5df85dcb741d84670dc2ca6360b1b44
진일,6d13f7344d5aee653d4f623344c801ec
원포,278ba95b2addabb9edcc277def8a96be
chronic,ce1a5c6fe0216202f940be27daf5a1cf
Dark,25ff9051570c40213ef3e6452f4134f9
구링,3f98539e614873797102e754873b881b
라푼젤라이,f490ba66535ff10f1c2d87a0c7c3d9cb
뒤뚱,4253443af73006999fdee1a0bee00f2d
우도리,07b7a8900f1bf2754fbdfebc0ee88c5c
백련,b9b659592387b4720333f1232376ab43
아린,73ff95ff65289cdefab1d2fd698df089
찬슨,2935eedaca3f5d6453fd894e08be838e
게임,94ae30ffbed3f35fb0bfb579643e573b
flare,d6cf12119bcd66714c95922f560ae8dc
슉년,48bec16f5cc92d9a112748fe35175b53
토팅,7005a72ff3cebf6121de204b4ddf42af
엔드,b1c090d0493f9e708e4796f05c2738f8
레이즈,f37d765295f9ebb1611fcbb19962327f
치즈빵고양이,0ca2a4083631691d9d35f6737a322ffd
새콤이,5e9587056cd610d14facddd0d83ee712
퀡퉯췗풻휇뤫웳뭷,81d427e54d953e876dc844269d61f060
하릿,f694d0a11957bc99731e13907764f5e2
하영이,562fdd34b4014e932cf7998b412425e3
sxsx,d0a41382c7748a6d96f7505a6686f053
cute,9ad5409135350024094186327d717d26
석궁,a2aa414694cc9a3198d5d6183609ded8
울산김우열,c35525f08ec5c2af9e1ab4d9233e02de
초대신비,88512eae6b2b9af0c1c53303ad00812c
下,5f9e8b0578c0650dcfb1386023b14c8d
아랑설이,81e2652b7a0bb9151b2cd5db442229fa
나때릴거야?,e84af445c033ae2b4c68cff984e3e951
채히,26d301c6fc02d9a22c2ab6269c399a97
의건,dd05440e0b1e6605a136d187812e7318
용건,061e4c00117da1d0bc28ac3d3a583959
¶┩,394a4b8701baef2a4e023613fb309b96
로키♡,60cab1d8cc4a48184ad854a3fd878a2a
본주,90d0fa0eef2ecd494de03b3288fa7e0e
KARINA·,957e39aaf2d8667291b2852287add228
ChoiYeNa,54f98e074e8b2230fc9db61965d93176
잔정,ef335cbb91a04867d33af5039cf98e97
shirley,609978bf310642b749cf0b011879e2e9
hosino,ee7db77dc862a88e06ff86728bd9737c
키자루,f90470ae8e245f7ddd1bc9eb5ce8d7dc
YeIIow,080a2ecb557c6b24992a9f62b3ca8446
김솔라,1833098c36962cfe60d9f85a0745708d
쮜,a88af2be65e0ba8b2b601a6c7c28f6fa
투덜,ff6fb5fa190b6b408a46be54c37f2627
Leave:),063536b196ffc04e1d2beabec0dfe894
SC1..안현수,7da3d43e89e91fccfa92694041daf1f9
하젤,eaba7b4fce4e637d3c7f1e72e52ead01
가상,0eeb1a96a02e120cb5660652d6accbdd
Fe,ec6b0f70f474323660bc4e816c83ce83
대왕설탕,fbf2bb19f450161678db557e07f267a9
빤뚜,ff0a3be194396e139d9aaf35f2a53c48
껀듑,99ac226ac4e9885d7ded14e477ebe5df
루링,2354d5cd6e5c01b2a197525aef874b14
법블꼰대,6c979b69b0201030c178c6cada8ad70c
씅언ㄴ,d2881d87c396594f3b415ab7bc484b23
max。,0664fb9951acb88f50431dd59ca84f6f
Lazersniper,109b9d64b1953906391fe111ce7fdece
아로안,bd652cdc1d4de03de68670ca62719b51
뻔개,9a6053c3e3bb782c3cbce6124d8c5af4
카레,0ae58240e392aedf81a66bc7928a20c6
[a]..新費,0dd339d73862de3ab11ed39680c7dfc2
meoldy,047614dc5507d8d986d6fc4a4e533745
♡하울,aa2bdc208e4200f5e47e658a45ebb6ba
SMOKYDOUBLEBLUE.,0c9a6e4fdf320ffc3e8cb7fda7e4ce59
응ㅇㄱㄹ,eb30b64a5db903a10222cd94e6af6644
주디,de54a241e3c3fa4544ec473032c471ae
형종,d53de16b99922c976294d61a5631b390
music,c73a22b6f14334fa6ab295360002c2fd
푸딩,dd831c84c5923403c493428fbe972528
BJ아쥐,8a75e746de5b443a2819a666741a2810
묘비,da784611a27e752ac2bb69eaecd52097
승욱,04d1fd5419e6e82352ccd480ece65748
김크레이지,742bab1bd01f243b4e537ef6c7eddaaf
다르,998ec5ccca58432bd6f7fae53ccd7282
vinicius☆,5b806171408c0c03d3c5ea33b9452c2e
cakey,ab957544c77edf2180c2683690d03529
내사람,3b111174728458ca728f88919f735be2
미린,4b98e9279df9cbfa3cd3e4f7d471c1ab
멘토마녀,c900fddb6efadc9a6fe1adb5ccdc6bd7
starho,813e99aa1a6bb869047346cf7e716c33
착함,5d408131705530dc8d65542f49156355
반하니,11aece3ae32c91a5d48da4f02005a108
원포임원준,464b7daceba55f87b802acf5e77d7c7f
바지,6b6e604df13b0199a3ac751d07f92405
좀비,be25881a2468c9d111b5e3698ccb1bcc
☆∑광박사∑☆,874b67358c3c0007007f356ad01e60a8
놀부,4360cf85c54fc6702245ba2fe96eb290
창욱,bf7d5222ef429a9b6818ff988c1be03d
무온,bf652982b913038e6a9dd6f88aedb24b
poko,e9817aa012d45bf5471ea800b898d425
IIlllIlIII♡,cab1af0b6ac9a716069bbaf8870c73c3
띵어.cL,458dce09541d8b4dd645bc4bbccc22ad
주사,0bc879293cac66c60e75d4de22a1db52
망고,8a899769658d5e33111bc30818ecbda0
히죽이,9067d56638c1546f52ece1404db99c35
다크,0edf8db49fdf58df2e3936c64e639d4c
체리,aa515d5d04402bd2b4eac3fba339f74f
tomie,1e6527c60406b80bfe7efccf8e4a99ba
hoipoi,297f0ef018b8754e1434ec62740c9070
caIi2paris,bc10c4aa858abaacce48310f2a007eb4
범죄,5ed87a8d004353c82153666292cbef9b
하정원,2c82f5dadcdbd97052375e17fbfab8e3
혁,86f0cccfaf8edfd27f2ae6bf40549d63
에보연습,fe1db468c66d4a2f236ec02e34576895
항해실,c69b1ec7532c5c4d495f037fee34001f
핫핫,f4b52fa433911e56c82a1c9aae7f9273
eyap,321678412158fc4f9c7f4b334129243a
미진,9ab732a986fb6f3d79010c349c79306b
초커,290a0881c96db9a29b8dc36da1d02466
한숨,1fdcd39af6d1e05c095d252aa6b4195e
배신,cc21eb3edce8e8e00eb9f10ea7f3c193
술잘사주는아저씨,13ff47a0fa9431b003787acd37e59fc6
업템포,302cf3d52b39a070bbf935f877ed4971
미터,14e3eb4e46c747050094146c71491125
알려하지마라,1e54053c4dce0398db146f79f3f47ace
삐얔이,bfb205e04580253c93e529d330032b36
물총7,34c790657d152676e77f3316e7275983
으읏,85f2eb8083a04e3c86cd4fdfd5b8d954
송지효,225f7e878dcb9e69ba93dca8f612504c
sy♡,a918ac309520c1f6781708a6e68bb130
공대요시,9034bda6cda258f467572040a15445f9
Oneː하주,42bd97e135f5beb27e8db1b7b0d0ca66
서든러_25682573,b75bcd48b8f95f858171c3ec00286349
아레나,be2a967ffaf8501027b4fdceebe8c232
하투,2c739264096a813f3d670ff0bd326a3e
따옴,448d59cb382c4100f083d393680f2ee5
아이유,7a4be4cd67e5ac38a4b67784d41f99d2
nuII,c02c1e967e4ef17e2229afdc4507c1db
아포스민츠,75933946369cfffce26709dda131a1ce
범규,4bc70905956ded382326fe37d33a1f2f
사대강,f0195e57d8b8ec2146f882fc71cda4c1
갱규,b56f0d2691245f2571cf3b9f1db8f115
푸린서아,05a18cd649ee37f1af1483b77be9636a
윤거니사형,d3957ebda91a02b6a293b0bdf9351d1a
gayeong,dcf10cd5b38307f0be40e5ec8b0552bd
계절,aac436fe720a847cdfb4d6b6acaca36d
돌빨았나?,74cefc43c05dabb71cbabd7c108fc27f
마가렛˙,07de6556a78d8a90a248686b1e8050d5
뿡딴개,ebfa759b4e5684fefe8ad4b1cf2afd9f
위트,08eda9546e5f1fb347c1c1baf9995fe0
레이븐똥,5d9824a4a3caf71975b4582e5c15172c
삼녀,c582896d49ae12fa1bcb1fdeef3fc79e
SJ,32c72276a29b4c933693cbc2a95c25a4
마약·,a4b7bec52f5633ad0e6f8837fdeb5a97
생식,93be843504a5f52ccb3b206f3382b7a0
욕,02f7b46afbb4a512444950abcaa82fc5
지아나,a1c86f2664ef0e1154e6c91c68355118
상세,cb9dc495f934fc020a64f5d679079983
♡동준,1ab75b4f4b2e6b652dc5a52ca36c42f1
엠1창,679f72357e5307d22d88d03955075519
김바닥,bf0e9f16bd742d6ff1c140c450752f53
쳬스,d7a4b30fe2bf5aee4d4fe5d227453151
솔킬,165f9d75f76689ecf5a6e5380749af64
speed,97db329778c3ac87524c8c52c3a9e78a
지균,2b74d979470e71bff7d4b189ee4788c8
반장,9ca9c9cef7e51b9c477b9a59f92df81f
lRIS,1a7f2212c416e739e262975fc9771b32
이서스나이퍼,2367552c16d60ef3c469e83c1a12f865
Mapleland·,8b18c4e0a836f13f380e07895554bfda
원수깡패,e850740bb69a6a7ad75c27fba5ebcf1e
두아이아빠,e8eac1a3b5a5a59a602ddc4d1e14bd9d
가성,0f4b38c4a1c403e99090af70b584f4db
반성,c502d3fd5758722587e8cd9e198e330f
re'Dalma,cbcea67075a87428c839e15efc2d9e30
제너갓펭귄♡,e46d4a5de0af0d4bdcb1feded8a6db8c
윰'-',06aa26986feabc7a6fb3a47842f62505
LovelyBear,3f0ac62f6ad7d5694c320da8d2fc7538
IIIllllIlIlIll,0e76d3d63aab916b051ec98c09b33d24
mongeab,5798c06fe07f4617c7fa9d7742972654
종친,ee7e103078c7a3b1c9ffff46368dc8fd
♡롱리,9ec56da7ab9d01350ee28cfa9ee404f1
찬자,aa3de16816bef2bc2685d5c9b269128c
채은냥,387472745545c752f7933119441c39e2
큐트민주,ee2e50222837cd55102dd375873d1364
돈,2aba1ddc5b1637c56e73fff004b850a8
혈세,273fc7cacbb72e25dddc8703a37c4f68
iPhone,997f1bbcf0d794553dd5cd3e8ba2f31a
진짤루가짤루에요,a4ae38c88df1ff2017f150330339a39d
원포클마,b011e8a735e4bbf067688287a4f5d689
류승범,15adce07e64a4eb8f4a84c4b04b264ef
산,238ab45e41be1a196441840ec914cb57
BBangya.ly,99fdd03cfedd4e2d1e2a275c5f0ea50f
탐탐:D,e4f6adb7bd718c5aba0e700080581b13
라이트,988dd6365ec78a8c0d870110a69e8654
래퍼,02061ef94e66b0b019e9feaf0476adc4
총쏘는방법잊음,be005cfda14380a5ab1f0e965bdbcb61
Nandari,1dcd6b5f45db490fbf8321ceb43352fc
rodsfromgod,10706f53ff802d275825ee36c15c7554
서든러_25682744,59c2c01525734e37da87d6f6653295b1
♡시연,6f646e98f6cbe679aacbfe14733691ca
입속,e6c831cafc641abaf4336f8b28a58142
봄비,1ef648ff7e16c517cec9b71110978e27
보비,9cd47aec7dfdd7f51ed31f1520caf251
meyuu,07bf9dd59261298e26f3e5b169a778dd
그림죠,3448d8af4b56d5748ba5104f54c330ef
승환,223dc4b251c64a10660866406caa8daf
준이,d3315dfb5018f3acb0fc9932d90266c3
훈♡,58f18738ea6585757975e8f70991bbbd
리더,34114a81e834c9467e9c9bd5ffbbfee2
사탄、,337a7817d589999370235ce3bfd4cb44
IIlIllIlllllIIIl,09dc7f714499c12dbf439ac7725247b4
lIIlllIIIlllc,741b229d713260f2539035b1fdeeeef3
랩,4dc9515741bcc25dac7398682090c42d
핵,bc0c6b33bb6dec1f7544163c79f9166d
Loyal,63a891307be8815c201667d80d639a56
제린힝,c55e90223e61741aff2c9ce6076ff126
John_Wick。,b53fea4650f6aaa0dce64c16ea2f7f66
IIllIlll,610f234b3542806e2b0c6e5674aa5a68
waterbomb☆,4bd46191f5c81da3a8178827bb144913
이순아,e1647cc09499823f4b0fafd6323bb2c3
플란다르,34384d6b88c86036563b9f2f395903e2
영근,61638c71abdeafdf22d5d03e78d0eb90
끝,fb60214fffa137c2fbb198141346ab52
"Ck""쭈니",2201e38168ca744bc2de0b894831b828
wagurikaoruko,3c475d36a9a7687ef34150e8194bc33d
