character_name,character_date_create,character_create_type_name,character_class_name,character_nation_name,character_gender,character_exp,character_level,server_name,job
포맨,2015-10-18T02:20:37.25Z,캐릭터_일반,전사,부여,M,2.6642123164765604e+18,899,연,전사
신이내린한분,2008-09-03T10:04:19Z,캐릭터_일반,전사,고구려,M,8588192448074138.0,899,연,전사
바리스타,2016-01-17T00:50:13Z,캐릭터_일반,전사,부여,M,7.269350553065193e+17,899,연,전사
호불팔,2017-04-10T13:14:06Z,캐릭터_일반,전사,고구려,F,6.066964041577893e+17,899,연,전사
조루,2022-12-21T14:05:28.25Z,캐릭터_일반,전사,부여,M,1.73457590157024e+18,899,연,전사
룬비연,2023-03-03T05:43:32.125Z,캐릭터_일반,전사,부여,F,1.2238811309563914e+18,899,연,전사
유하,2021-02-05T18:14:42.5Z,캐릭터_일반,전사,부여,M,5.999974960023136e+17,899,연,전사
비화,2012-05-22T14:12:21.375Z,캐릭터_일반,전사,부여,M,1.5512129545363487e+18,899,연,전사
사탕,2019-07-25T14:26:03.375Z,캐릭터_일반,전사,고구려,M,1.50691974736986e+16,899,연,전사
사계절,2022-07-24T10:14:58.875Z,캐릭터_일반,전사,부여,M,1.247409925309644e+18,899,연,전사
긴체,2022-09-20T12:53:05.125Z,캐릭터_일반,도적,고구려,M,3.4556683059629184e+17,899,연,도적
식객,2009-07-05T03:29:11.375Z,캐릭터_일반,도적,고구려,M,1617765165271734.0,899,연,도적
악동최민혁,2019-03-30T13:15:55.875Z,캐릭터_일반,도적,부여,M,6.300008855826901e+16,899,연,도적
군주,2009-07-23T15:13:03Z,캐릭터_일반,도적,고구려,M,1.9354999184146364e+16,899,연,도적
신검,2018-01-03T10:12:35.25Z,캐릭터_일반,도적,부여,M,5.6082348185091494e+17,899,연,도적
비책,2005-07-23T04:39:44Z,캐릭터_일반,도적,고구려,M,9.650015727264646e+16,899,연,도적
르결,2016-12-10T00:46:07.375Z,캐릭터_일반,도적,고구려,F,3.587938593240197e+17,899,연,도적
패브,2000-12-21T11:53:55Z,캐릭터_일반,도적,고구려,M,2.167847093384125e+16,899,연,도적
풍예랑,2003-04-21T00:51:03Z,캐릭터_일반,도적,고구려,M,547578155389354.0,899,연,도적
험무리,2018-03-13T11:03:37.75Z,캐릭터_일반,도적,부여,M,1732708971993924.0,899,연,도적
여래,2015-04-10T07:20:41.125Z,캐릭터_일반,주술사,고구려,F,6.500979781363164e+17,899,연,주술사
특명접수,2019-08-19T09:03:13Z,캐릭터_일반,주술사,부여,M,7.573236912766244e+17,899,연,주술사
라임초,2009-11-26T09:22:57Z,캐릭터_일반,주술사,고구려,M,8.868263542492813e+17,899,연,주술사
대설령,2023-01-11T11:39:08.375Z,캐릭터_일반,주술사,부여,M,2470519716726211.0,899,연,주술사
장미,2022-11-16T12:29:21.875Z,캐릭터_일반,주술사,고구려,M,1.239777718204547e+18,899,연,주술사
바태식,2023-11-20T10:20:38.375Z,캐릭터_일반,주술사,고구려,M,1.563026292417442e+17,899,연,주술사
한방,2001-04-04T08:57:22Z,캐릭터_일반,주술사,부여,F,3183754422481883.0,899,연,주술사
슈퍼타워,2015-12-18T11:15:04.375Z,캐릭터_일반,주술사,고구려,M,1.953317338640925e+16,899,연,주술사
타코,2022-11-27T13:45:53.625Z,캐릭터_일반,주술사,부여,M,2.8823102244749388e+16,899,연,주술사
토끼당,2012-12-20T12:15:05.625Z,캐릭터_일반,주술사,고구려,M,2.201745094373392e+16,899,연,주술사
정령,2013-07-20T04:53:03Z,캐릭터_일반,도사,부여,M,6.304083406096577e+17,899,연,도사
냠심,2019-08-24T08:58:43.75Z,캐릭터_일반,도사,고구려,F,5.983710965054668e+16,899,연,도사
그븐,2018-06-11T02:40:57.5Z,캐릭터_일반,도사,부여,M,381681491172393.0,899,연,도사
율시,2006-11-21T09:05:29Z,캐릭터_일반,도사,고구려,M,613993546685429.0,899,연,도사
미초바,2005-03-09T12:10:27Z,캐릭터_일반,도사,부여,F,7.130130501651112e+17,899,연,도사
주황색,2008-11-07T10:06:52Z,캐릭터_일반,도사,부여,M,6.170604627809644e+17,899,연,도사
휴린,2021-05-08T13:03:38.625Z,캐릭터_일반,도사,고구려,F,1.4712315376209302e+17,899,연,도사
상담,2004-09-28T18:03:35Z,캐릭터_일반,도사,부여,M,2.66058282674456e+18,899,연,도사
우웅,2019-09-29T00:04:22.125Z,캐릭터_일반,도사,부여,M,1.0461281733976726e+18,899,연,도사
귀문킬러,2006-10-04T13:26:06Z,캐릭터_일반,도사,부여,M,4.607313145683026e+16,899,연,도사
정리,2024-05-19T13:04:17.625Z,캐릭터_일반,궁사,부여,M,3.073897863838176e+17,899,연,궁사
빈지노,2015-02-02T10:11:20.375Z,캐릭터_일반,궁사,부여,M,1.0530000751901594e+18,899,연,궁사
김망붕,2009-05-28T21:07:52.5Z,캐릭터_일반,궁사,부여,M,1.0502944279204048e+16,899,연,궁사
설마,2012-04-27T16:12:22.75Z,캐릭터_일반,궁사,고구려,M,2.2289211499918964e+16,899,연,궁사
세련,2017-12-27T10:38:00.625Z,캐릭터_일반,궁사,부여,F,2.3215704970889264e+17,899,연,궁사
연우,2020-01-07T11:15:38.875Z,캐릭터_일반,궁사,고구려,M,5.0639263493539896e+16,899,연,궁사
마크,2023-08-05T06:00:17.875Z,캐릭터_일반,궁사,부여,M,332362338559720.0,899,연,궁사
착송,2022-12-23T17:09:12.875Z,캐릭터_일반,궁사,고구려,M,3.536263615752767e+16,899,연,궁사
비화이,2022-12-21T16:22:13.875Z,캐릭터_일반,궁사,고구려,M,4.875231356480356e+17,899,연,궁사
쏜당,2023-02-11T13:25:50.125Z,캐릭터_일반,궁사,부여,M,2.5495493631771e+16,899,연,궁사
반지,2003-01-31T20:07:26Z,캐릭터_일반,주술사,고구려,M,4294967295.0,99,연,천인
광휘,2008-09-13T12:56:58Z,캐릭터_일반,도적,고구려,F,228499966624.0,532,연,천인
검귀,2024-06-10T05:03:05Z,캐릭터_일반,천인,부여,M,2.6953086137569574e+17,858,연,천인
이번,2013-12-22T00:30:12.5Z,캐릭터_일반,주술사,고구려,M,34267554675802.0,740,연,천인
괴물,,캐릭터_일반,천인,고구려,M,286902033.0,630,연,천인
느좋,2024-10-03T16:32:38.61Z,캐릭터_일반,도사,,M,,1,연,마도사
시시,,캐릭터_일반,도사,고구려,F,4544890733.0,544,연,마도사
서비,,캐릭터_일반,전사,고구려,M,80282595.0,510,연,마도사
나연,2017-04-21T23:52:02.625Z,캐릭터_일반,주술사,고구려,M,1.0214317953816547e+17,899,연,마도사
호랑,2006-07-24T16:27:36Z,캐릭터_일반,궁사,고구려,M,1.1794241808533573e+18,898,연,영술사
연합,2025-01-27T05:48:43.625Z,캐릭터_일반,차사,고구려,M,4.140429190284748e+17,810,연,차사
비룡,2024-07-11T04:46:06.5Z,캐릭터_일반,차사,고구려,M,9.054625371702357e+16,856,연,차사
척곤,2020-05-31T12:57:37.375Z,캐릭터_일반,전사,고구려,M,1.5708578173493665e+18,899,무휼,전사
성심,2007-11-24T23:46:06Z,캐릭터_일반,전사,고구려,M,4.698510347831044e+17,899,무휼,전사
묻더,2009-11-16T02:42:53Z,캐릭터_일반,전사,고구려,M,3.112984606480919e+17,899,무휼,전사
또준,2014-09-11T18:40:41.25Z,캐릭터_일반,전사,부여,M,5.938831571558659e+16,888,무휼,전사
연민성,2023-09-14T14:37:55.125Z,캐릭터_일반,전사,부여,M,4.056342165552859e+16,888,무휼,전사
채굴왕혁이,2020-02-22T02:34:02.25Z,캐릭터_일반,전사,고구려,F,10180399801533.0,830,무휼,전사
벚꽃,2014-02-20T12:45:40Z,캐릭터_일반,전사,고구려,F,1.3382332354158859e+17,837,무휼,전사
무사의검기,2003-05-08T05:50:07Z,캐릭터_일반,전사,고구려,M,1.2849968472021858e+17,818,무휼,전사
강수성,2024-09-15T06:09:57.125Z,캐릭터_일반,전사,부여,M,1566619832456885.0,817,무휼,전사
린룽,2017-12-27T07:16:28.25Z,캐릭터_일반,전사,부여,M,5.817077154242902e+16,815,무휼,전사
강수세미,2022-12-27T09:15:59.375Z,캐릭터_일반,도적,부여,M,2.360878386875918e+17,899,무휼,도적
사신,2016-06-24T02:01:04.75Z,캐릭터_일반,도적,고구려,M,2.238536023372754e+16,899,무휼,도적
머니넘조아,2003-01-02T10:05:56Z,캐릭터_일반,도적,부여,M,9567044794076836.0,899,무휼,도적
테라,2005-12-30T17:09:56Z,캐릭터_일반,도적,고구려,M,1.7437123098277686e+17,899,무휼,도적
영혼,2004-09-28T17:55:33Z,캐릭터_일반,도적,고구려,M,2.957437234855774e+17,898,무휼,도적
불커,2002-08-22T05:52:32Z,캐릭터_일반,도적,고구려,M,7.586573498080795e+16,894,무휼,도적
유원지,2003-05-19T02:02:20Z,캐릭터_일반,도적,고구려,M,2.6519257362787523e+17,867,무휼,도적
미스,2004-09-28T17:18:06Z,캐릭터_일반,도적,부여,M,16507378866142.0,863,무휼,도적
역전,2005-08-05T07:41:11Z,캐릭터_일반,도적,고구려,M,2660412104581320.0,859,무휼,도적
로로,2020-05-14T18:13:39.25Z,캐릭터_일반,도적,고구려,M,7.934903580509955e+17,857,무휼,도적
염병대마왕,2003-01-14T13:12:20Z,캐릭터_일반,주술사,고구려,M,330055248773131.0,899,무휼,주술사
아세르비스,2010-03-24T17:19:35.375Z,캐릭터_일반,주술사,고구려,F,3494813526688639.0,899,무휼,주술사
들호,2001-09-30T13:02:08Z,캐릭터_일반,주술사,부여,M,5.779849558590181e+17,899,무휼,주술사
앨브,2003-03-16T04:07:54Z,캐릭터_일반,주술사,부여,F,1.416321789957102e+16,899,무휼,주술사
기포기,2019-08-30T16:13:03.625Z,캐릭터_일반,주술사,부여,F,1.1459386668587661e+18,899,무휼,주술사
시기,2017-11-14T21:26:06.625Z,캐릭터_일반,주술사,고구려,F,7142196788150926.0,895,무휼,주술사
체리,2008-10-07T15:13:35Z,캐릭터_일반,주술사,부여,F,7.895848221119826e+16,891,무휼,주술사
방아깨비,2004-09-28T10:51:22Z,캐릭터_일반,주술사,부여,M,2.3446850865164404e+16,890,무휼,주술사
낭락,2010-07-04T03:05:15.375Z,캐릭터_일반,주술사,부여,F,171826192161646.0,890,무휼,주술사
차무식,2008-12-29T14:00:08Z,캐릭터_일반,주술사,부여,F,3.038997748602014e+16,899,무휼,주술사
겨울,2020-08-02T11:10:40.25Z,캐릭터_일반,도사,부여,F,3.2221271695556704e+17,899,무휼,도사
쑤피,2020-05-18T14:58:31.75Z,캐릭터_일반,도사,고구려,F,1.8172549041092824e+16,899,무휼,도사
적화,2004-03-18T22:09:42Z,캐릭터_일반,도사,고구려,F,2.5768735019812045e+18,899,무휼,도사
포터,2001-03-31T11:07:28Z,캐릭터_일반,도사,부여,M,6945183990601.0,896,무휼,도사
천사얌,2010-07-14T03:23:07.125Z,캐릭터_일반,도사,부여,F,7462762370034329.0,894,무휼,도사
시치미,2002-08-22T01:20:08Z,캐릭터_일반,도사,고구려,F,2387211073507107.0,892,무휼,도사
미인이다,2013-02-06T12:19:22Z,캐릭터_일반,도사,부여,F,8234528646742095.0,874,무휼,도사
영원,2023-10-27T10:37:57.375Z,캐릭터_일반,도사,고구려,M,4360404656365886.0,873,무휼,도사
광택,2008-09-15T11:12:30Z,캐릭터_일반,도사,고구려,M,6.757689660846748e+16,862,무휼,도사
조광,2003-03-08T04:08:24Z,캐릭터_일반,도사,부여,F,1.5822557598304074e+17,861,무휼,도사
찐함,2011-05-08T12:22:57.875Z,캐릭터_일반,궁사,부여,M,4.103244267555109e+17,899,무휼,궁사
상금,2015-11-07T13:08:52Z,캐릭터_일반,궁사,고구려,M,4.100931726854278e+16,899,무휼,궁사
룡궁,2005-01-29T05:24:40Z,캐릭터_일반,궁사,고구려,M,4.597138718998275e+17,887,무휼,궁사
한나,2009-08-07T02:39:32.5Z,캐릭터_일반,궁사,고구려,F,2.602474305792974e+16,879,무휼,궁사
리츠,2024-04-14T16:23:16.875Z,캐릭터_일반,궁사,부여,M,3.732595858238404e+16,871,무휼,궁사
벽리,2006-03-07T10:06:31Z,캐릭터_일반,궁사,부여,M,1.575873736699154e+17,861,무휼,궁사
헛지,2009-12-10T01:37:23.875Z,캐릭터_일반,궁사,부여,M,7865773272897115.0,859,무휼,궁사
칸로지,2023-11-22T12:36:53.125Z,캐릭터_일반,궁사,부여,F,1.2797724801833676e+16,820,무휼,궁사
유소망,2011-07-22T13:23:11.625Z,캐릭터_일반,궁사,고구려,F,2.236279454780387e+16,812,무휼,궁사
설경구,2024-12-18T07:20:40.125Z,캐릭터_일반,궁사,부여,M,1.938600243324728e+18,811,무휼,궁사
장동건,2014-10-07T14:23:05.75Z,캐릭터_일반,천인,고구려,M,3.435641140844577e+18,899,무휼,천인
하지마하지마,2013-03-05T00:22:39.25Z,캐릭터_일반,천인,고구려,M,2.51085576101107e+18,899,무휼,천인
천리스타,2015-08-08T05:43:16.125Z,캐릭터_일반,천인,고구려,F,4.287899391356393e+16,899,무휼,천인
연투,2018-12-23T06:14:23.375Z,캐릭터_일반,천인,부여,M,8.830199968503141e+17,899,무휼,천인
반요이누야샤,2013-06-14T03:19:22.5Z,캐릭터_일반,천인,고구려,F,3108185385011166.0,887,무휼,천인
밥도둑,2014-02-14T13:46:57.125Z,캐릭터_일반,천인,부여,M,8.357025468836851e+17,886,무휼,천인
때리지마라염,2015-08-06T13:15:36.875Z,캐릭터_일반,천인,고구려,F,1.1107434236983103e+18,864,무휼,천인
원지원지,2012-04-21T05:57:37.25Z,캐릭터_일반,천인,부여,M,1.0991646282880437e+17,863,무휼,천인
훔뱌,2014-07-27T06:40:13.375Z,캐릭터_일반,천인,고구려,M,4124511660490400.0,856,무휼,천인
애라찡,2015-10-04T10:44:41.875Z,캐릭터_일반,천인,고구려,F,5.093021272885065e+17,841,무휼,천인
꽃블리,2016-12-01T17:01:19.75Z,캐릭터_일반,마도사,부여,F,5014593988977829.0,881,무휼,마도사
기퍼,2021-01-21T03:56:59.375Z,캐릭터_일반,마도사,고구려,F,4.203662070648345e+17,872,무휼,마도사
머니넘레이드,2020-08-17T13:59:23Z,캐릭터_일반,마도사,고구려,F,1465282260943404.0,865,무휼,마도사
참새와독수리,2016-07-08T04:37:48.875Z,캐릭터_일반,마도사,고구려,M,1.019595562780245e+16,847,무휼,마도사
루놀,2016-07-07T16:44:30.625Z,캐릭터_일반,마도사,고구려,M,3.03654795568629e+17,832,무휼,마도사
능강,2024-08-09T11:26:44.625Z,캐릭터_일반,마도사,고구려,F,1.1682393928284772e+16,823,무휼,마도사
심보늬,2016-07-07T13:58:28Z,캐릭터_일반,마도사,부여,F,1.3506211207556754e+17,822,무휼,마도사
마도포기,2019-12-31T21:54:50.5Z,캐릭터_일반,마도사,부여,F,2.4821472466904445e+17,820,무휼,마도사
데탑,2017-11-07T11:25:00.875Z,캐릭터_일반,마도사,고구려,F,18352374581615.0,815,무휼,마도사
폐인,2016-07-25T13:36:45.5Z,캐릭터_일반,마도사,고구려,M,6.0464347412180296e+16,814,무휼,마도사
유이설,2020-07-20T14:32:11.5Z,캐릭터_일반,영술사,부여,F,1.782298784134866e+16,899,무휼,영술사
진레이니아,2019-12-31T17:06:22.375Z,캐릭터_일반,영술사,고구려,F,1.558005931023568e+16,899,무휼,영술사
으으,2018-12-21T00:31:53.5Z,캐릭터_일반,영술사,고구려,F,8.064984556838352e+16,899,무휼,영술사
자라,2018-07-19T06:26:26.875Z,캐릭터_일반,영술사,부여,M,127654578324786.0,862,무휼,영술사
곱네,2018-07-19T06:19:44.5Z,캐릭터_일반,영술사,고구려,F,108690984886645.0,850,무휼,영술사
가봉,2020-02-24T14:31:43.5Z,캐릭터_일반,영술사,부여,M,44584556614655.0,835,무휼,영술사
철쭉,2019-07-31T11:20:35.875Z,캐릭터_일반,영술사,부여,F,1.3910040373177213e+17,824,무휼,영술사
핑꾸퐁,2018-07-19T08:18:29.625Z,캐릭터_일반,영술사,부여,F,4.066918744850197e+17,824,무휼,영술사
기어,2018-12-20T14:24:46.5Z,캐릭터_일반,영술사,부여,M,3.5787145338662476e+16,821,무휼,영술사
쏘우,,캐릭터_일반,영술사,부여,F,2.0253785526079506e+18,820,무휼,영술사
신라,2018-08-16T06:07:56Z,캐릭터_일반,차사,고구려,M,8.505555887502304e+17,899,무휼,차사
미문랑,2018-09-19T15:50:06.875Z,캐릭터_일반,차사,부여,M,1.9668304184386592e+17,899,무휼,차사
섹차,2018-08-18T14:11:30.625Z,캐릭터_일반,차사,부여,M,1.1285549782123866e+17,889,무휼,차사
흑령만년원귀,2019-04-24T14:27:33.125Z,캐릭터_일반,차사,고구려,F,2.190584083409009e+16,864,무휼,차사
아레투사,2018-08-16T10:06:06.75Z,캐릭터_일반,차사,부여,F,120543628960478.0,864,무휼,차사
아랑,2018-12-23T12:33:51.25Z,캐릭터_일반,차사,고구려,M,7.72609596958917e+17,837,무휼,차사
핑쿠퐁,2018-08-16T05:32:33.375Z,캐릭터_일반,차사,부여,M,5.504496395746285e+16,837,무휼,차사
데여,2018-08-16T05:19:16.25Z,캐릭터_일반,차사,고구려,M,470685039833569.0,830,무휼,차사
꼬추,2018-10-31T08:28:58.75Z,캐릭터_일반,차사,고구려,M,7690470119093.0,830,무휼,차사
히바리,2019-01-12T00:10:18.625Z,캐릭터_일반,차사,고구려,M,3.0284001669982675e+17,821,무휼,차사
겸존,2021-12-22T19:26:51.5Z,캐릭터_일반,살수,부여,M,3384236281240855.0,899,무휼,살수
퐁크핑,2022-01-01T15:35:52Z,캐릭터_일반,살수,고구려,F,1.432024284623519e+17,858,무휼,살수
앤드류테이트,2023-09-08T10:07:43.625Z,캐릭터_일반,살수,고구려,M,1151480625592908.0,826,무휼,살수
쫄지마쫄지마,2021-12-22T11:26:36Z,캐릭터_일반,살수,고구려,M,3.164560287737911e+17,828,무휼,살수
짜여,2021-12-22T10:12:45.625Z,캐릭터_일반,살수,고구려,F,5404896445269309.0,817,무휼,살수
키눌,2021-12-23T05:01:53.375Z,캐릭터_일반,살수,고구려,F,1.3578312353096776e+16,813,무휼,살수
에일로이,2021-12-23T06:30:17.375Z,캐릭터_일반,살수,부여,M,1057146766984240.0,810,무휼,살수
박미혜사랑해,2024-04-21T05:18:23.875Z,캐릭터_일반,살수,부여,M,7.000457077724845e+16,810,무휼,살수
클롬,2023-08-24T17:23:52.625Z,캐릭터_일반,살수,부여,F,9.536647616490799e+17,809,무휼,살수
힝겸,2021-12-22T05:21:30Z,캐릭터_일반,살수,고구려,F,1.4702729783753366e+17,808,무휼,살수
리듬,2004-09-28T22:07:55Z,캐릭터_일반,전사,부여,M,1.565655046542568e+18,899,유리,전사
아야짱,2016-01-28T16:06:59.75Z,캐릭터_일반,전사,고구려,F,184344696721034.0,899,유리,전사
팬더,2010-12-08T00:34:10.625Z,캐릭터_일반,전사,고구려,M,2.953155891686658e+18,899,유리,전사
산냥이,2011-12-06T07:57:20.75Z,캐릭터_일반,전사,고구려,F,2.4707405042793564e+18,899,유리,전사
다마,2011-08-17T09:33:09.125Z,캐릭터_일반,전사,고구려,M,1.1192710716150122e+17,887,유리,전사
고리의도시,2018-11-24T08:17:56.375Z,캐릭터_일반,전사,고구려,F,1.928521691441498e+18,879,유리,전사
애니,2005-08-10T10:48:19Z,캐릭터_일반,전사,부여,M,3.5658495660017108e+16,875,유리,전사
쌍칼,2005-03-10T06:53:22Z,캐릭터_일반,전사,고구려,M,84993278140474.0,864,유리,전사
경환,2004-12-24T14:24:07Z,캐릭터_일반,전사,부여,M,2.571394428773497e+18,884,유리,전사
난동,2022-05-26T20:25:26.625Z,캐릭터_일반,전사,부여,M,3.3069040689064154e+17,839,유리,전사
싸이코,2001-07-16T05:07:19Z,캐릭터_일반,도적,부여,M,2.7851444460150016e+16,899,유리,도적
젠틀,2013-05-07T10:09:50.875Z,캐릭터_일반,도적,고구려,M,2.4685068503542354e+18,899,유리,도적
임프,2009-01-18T08:05:25Z,캐릭터_일반,도적,부여,M,1.628614363882715e+17,899,유리,도적
교당,2020-08-02T15:52:10.625Z,캐릭터_일반,도적,부여,M,2.1034727648241704e+16,899,유리,도적
제독,2010-11-01T03:48:11.375Z,캐릭터_일반,도적,부여,M,1.5750192484300058e+18,896,유리,도적
블루,2005-01-09T00:39:08Z,캐릭터_일반,도적,부여,F,4.5947235145722554e+17,894,유리,도적
금천지인패,2010-01-17T04:31:58Z,캐릭터_일반,도적,고구려,M,43288764221440.0,881,유리,도적
민지,2007-12-24T11:05:41Z,캐릭터_일반,도적,고구려,M,1.7214530655303602e+16,874,유리,도적
작은향,2006-06-24T09:23:08Z,캐릭터_일반,도적,부여,F,3.921734514217336e+16,872,유리,도적
술퍼,2023-01-10T13:47:19.375Z,캐릭터_일반,도적,부여,M,5406183077683751.0,871,유리,도적
자두,2004-09-21T03:32:37Z,캐릭터_일반,주술사,부여,M,1.577944262135751e+18,899,유리,주술사
강산,2021-08-09T13:27:16Z,캐릭터_일반,주술사,부여,M,2.9584028702677023e+18,899,유리,주술사
날때,2022-03-09T09:42:28.75Z,캐릭터_일반,주술사,고구려,M,8.566472473766506e+16,899,유리,주술사
츠카,2022-05-26T01:45:25Z,캐릭터_일반,주술사,고구려,M,1.2190046685792634e+17,899,유리,주술사
에로,2017-07-10T09:21:11.875Z,캐릭터_일반,주술사,고구려,M,5683982276639016.0,899,유리,주술사
회상,2013-02-11T08:02:04.5Z,캐릭터_일반,주술사,부여,M,1.187574332179318e+17,899,유리,주술사
핵터,2010-12-08T05:12:04.75Z,캐릭터_일반,주술사,고구려,M,1.871184306747611e+18,899,유리,주술사
사과,2024-03-06T14:21:17.75Z,캐릭터_일반,주술사,부여,M,8.459481813659837e+17,899,유리,주술사
수장,2021-01-28T08:39:19.625Z,캐릭터_일반,주술사,부여,F,1.7473447075545715e+18,899,유리,주술사
구구단김세정,2005-09-10T09:35:30Z,캐릭터_일반,주술사,고구려,M,1.4248983191883816e+16,899,유리,주술사
만두,2007-02-07T06:58:56Z,캐릭터_일반,도사,부여,F,3.079639442619609e+17,899,유리,도사
허니,2016-02-15T14:13:27.75Z,캐릭터_일반,도사,부여,F,4.6665812362606304e+17,899,유리,도사
키스,2009-07-08T03:12:23.25Z,캐릭터_일반,도사,고구려,F,3.081258869453362e+17,899,유리,도사
루루,2015-12-16T14:05:35.625Z,캐릭터_일반,도사,부여,F,2.945676025942298e+16,899,유리,도사
영원,2005-07-24T08:12:53Z,캐릭터_일반,도사,부여,F,3.2536861100518388e+16,899,유리,도사
나무,2009-09-29T03:34:22.75Z,캐릭터_일반,도사,고구려,M,2513856293365977.0,899,유리,도사
요정,2008-09-11T13:35:17Z,캐릭터_일반,도사,고구려,F,1.7778895228933604e+16,899,유리,도사
뽀야,2003-03-23T02:48:08Z,캐릭터_일반,도사,부여,F,4.885757429747931e+17,899,유리,도사
필드,2014-01-17T03:08:31.375Z,캐릭터_일반,도사,고구려,F,1.742583408421828e+16,899,유리,도사
빈끼,2022-05-27T12:34:12.75Z,캐릭터_일반,도사,고구려,F,3601547982413299.0,889,유리,도사
와인,2012-01-13T00:28:47.5Z,캐릭터_일반,궁사,부여,M,463028698133133.0,899,유리,궁사
라라,2006-11-06T10:03:59Z,캐릭터_일반,궁사,부여,M,4.741178018381434e+16,899,유리,궁사
우유,2023-11-20T08:09:55.125Z,캐릭터_일반,궁사,부여,M,8040687904633077.0,899,유리,궁사
한조,2023-04-25T09:41:13.25Z,캐릭터_일반,궁사,고구려,M,9.883778519659493e+17,899,유리,궁사
라면,2018-07-23T12:46:12.75Z,캐릭터_일반,궁사,부여,M,1.4897441845419323e+18,899,유리,궁사
조그맨,2023-08-20T18:03:04.875Z,캐릭터_일반,궁사,고구려,M,1.4847032985070968e+16,898,유리,궁사
동도나나나,2008-01-15T09:15:55Z,캐릭터_일반,궁사,부여,F,1.2638332385403182e+18,876,유리,궁사
궁수,2018-12-20T16:35:41Z,캐릭터_일반,궁사,고구려,M,5937481109306976.0,869,유리,궁사
연사,2024-09-10T14:09:20.125Z,캐릭터_일반,궁사,고구려,M,2.277110266146142e+16,867,유리,궁사
토게,2023-01-24T15:32:22.875Z,캐릭터_일반,궁사,부여,M,7634496485412726.0,867,유리,궁사
검도,2011-07-21T16:16:34.875Z,캐릭터_일반,천인,부여,M,2038830546988993.0,899,유리,천인
뽀뽀,2015-03-31T22:53:58Z,캐릭터_일반,천인,고구려,F,5.468381051517599e+16,899,유리,천인
잭스,2017-12-15T19:47:37.75Z,캐릭터_일반,천인,고구려,M,1.1773872194922603e+17,899,유리,천인
아리,2018-06-30T21:49:32.625Z,캐릭터_일반,천인,고구려,F,1099511281194571.0,899,유리,천인
악동,2022-06-01T16:24:01.625Z,캐릭터_일반,천인,고구려,M,7751358404309266.0,892,유리,천인
릴리,2011-07-23T10:49:56.125Z,캐릭터_일반,천인,고구려,F,1.4885158907440096e+16,882,유리,천인
체리,2012-08-23T16:56:21.125Z,캐릭터_일반,천인,부여,F,6.19168953578288e+16,880,유리,천인
예토,2015-08-08T12:10:24.125Z,캐릭터_일반,천인,부여,M,1.5624808020597765e+18,875,유리,천인
칵텔,2015-11-19T06:26:15.25Z,캐릭터_일반,천인,부여,F,1.380367358113495e+18,869,유리,천인
설매,2011-07-21T11:03:19.25Z,캐릭터_일반,천인,고구려,M,9.067264035794525e+17,869,유리,천인
이별,2016-07-14T13:00:54.125Z,캐릭터_일반,마도사,고구려,M,1.7037038465155338e+17,899,유리,마도사
청록마녀,2017-11-22T06:25:04.5Z,캐릭터_일반,마도사,고구려,F,4.769978733094367e+16,884,유리,마도사
신라라실,2018-12-20T11:44:14.75Z,캐릭터_일반,마도사,고구려,M,1.6174672041338176e+17,866,유리,마도사
달디,2016-08-31T03:50:04.125Z,캐릭터_일반,마도사,고구려,F,4.717269202725938e+17,853,유리,마도사
내일도달려,2018-01-29T02:43:15.5Z,캐릭터_일반,마도사,부여,M,5.49904145773489e+16,835,유리,마도사
해골,2016-11-16T03:05:34.375Z,캐릭터_일반,마도사,고구려,M,5.181143212470997e+16,833,유리,마도사
자동,2018-01-17T05:33:13.875Z,캐릭터_일반,마도사,고구려,M,1.8920406585512576e+17,833,유리,마도사
마릭,2016-07-07T07:17:01.125Z,캐릭터_일반,마도사,부여,F,3948132449616808.0,829,유리,마도사
변이빵빵,2017-01-27T15:56:49.625Z,캐릭터_일반,마도사,고구려,M,8.284530911660522e+16,823,유리,마도사
여름,2022-10-22T16:15:00.625Z,캐릭터_일반,마도사,고구려,F,960706224070652.0,822,유리,마도사
제트,2018-08-02T03:49:05.875Z,캐릭터_일반,영술사,부여,M,3.0427507409219085e+17,899,유리,영술사
로포피,2023-05-05T04:32:34.125Z,캐릭터_일반,영술사,부여,F,1.3009411243134488e+16,897,유리,영술사
다니,2024-03-18T11:45:55.25Z,캐릭터_일반,영술사,부여,M,7.317005252060253e+17,881,유리,영술사
청록신녀,2020-01-01T00:43:58.375Z,캐릭터_일반,영술사,고구려,F,3270786653429751.0,866,유리,영술사
광양,2018-07-19T06:07:13.375Z,캐릭터_일반,영술사,부여,M,1.3844514456481203e+18,865,유리,영술사
쌈바디,2019-12-07T04:09:52.625Z,캐릭터_일반,영술사,부여,M,6152606343264866.0,861,유리,영술사
서채,2023-01-08T20:08:26.75Z,캐릭터_일반,영술사,부여,F,194436939938668.0,849,유리,영술사
우주인,2018-07-19T11:44:09.25Z,캐릭터_일반,영술사,고구려,M,1880800889071243.0,847,유리,영술사
복귀한청풍,2018-07-27T12:03:48.625Z,캐릭터_일반,영술사,부여,M,3.49159148645346e+17,841,유리,영술사
바니,2018-07-26T15:27:25.875Z,캐릭터_일반,영술사,고구려,F,4256509185855149.0,837,유리,영술사
별빛,2018-08-20T12:44:46.125Z,캐릭터_일반,차사,고구려,M,6.402289448624712e+17,899,유리,차사
흑승,2018-08-16T12:31:33.125Z,캐릭터_일반,차사,고구려,M,1.2326059339695848e+17,899,유리,차사
순수,2018-08-16T13:22:03.625Z,캐릭터_일반,차사,부여,F,1.1647172851936787e+17,899,유리,차사
현실,2018-10-27T16:46:48.875Z,캐릭터_일반,차사,고구려,F,110938313680527.0,898,유리,차사
울산너구리,2018-08-22T13:15:47.375Z,캐릭터_일반,차사,부여,F,1.390953778365033e+18,891,유리,차사
리븐,2018-10-01T14:07:21Z,캐릭터_일반,차사,고구려,M,1.1250140642153212e+18,888,유리,차사
힐미,2019-01-14T07:25:30Z,캐릭터_일반,차사,고구려,M,5.327393676427254e+17,876,유리,차사
귀신,2023-12-07T04:40:18Z,캐릭터_일반,차사,고구려,M,2.7453620825003597e+18,855,유리,차사
저저저,2021-01-23T13:15:22.875Z,캐릭터_일반,차사,부여,M,8.990431858954755e+17,830,유리,차사
진프로,2018-12-23T05:36:41.25Z,캐릭터_일반,차사,부여,M,9617255131830128.0,831,유리,차사
냐옹,2021-12-22T03:29:25.75Z,캐릭터_일반,살수,부여,F,6.9183558471465944e+16,899,유리,살수
행님,2022-10-19T16:18:01.375Z,캐릭터_일반,살수,부여,M,71057819292782.0,894,유리,살수
외쳐,2022-12-03T23:44:47.375Z,캐릭터_일반,살수,고구려,M,5.918627870561055e+17,842,유리,살수
유스케,2023-12-09T09:49:25.25Z,캐릭터_일반,살수,부여,M,1.5153352457777984e+17,820,유리,살수
조로,2021-12-23T03:36:40.875Z,캐릭터_일반,살수,고구려,M,1.0733671146423589e+17,812,유리,살수
용암,2021-12-22T08:52:02.375Z,캐릭터_일반,살수,부여,M,510309514811055.0,810,유리,살수
샤이,2022-04-22T00:14:43.75Z,캐릭터_일반,살수,고구려,M,1.2886868532209546e+16,847,유리,살수
보리보리쌀밥,2024-08-17T13:25:26.5Z,캐릭터_일반,살수,부여,M,2.1345362640758518e+17,807,유리,살수
보스,2023-09-08T13:37:42.125Z,캐릭터_일반,살수,고구려,M,224258627404714.0,806,유리,살수
훈남,2022-04-17T03:26:37.625Z,캐릭터_일반,살수,고구려,M,5.534615422428113e+16,807,유리,살수
비폭,2011-07-15T13:36:11.375Z,캐릭터_일반,전사,고구려,M,1.0862856881689286e+18,899,하자,전사
쉬프터,2005-02-07T15:12:18Z,캐릭터_일반,전사,고구려,M,1.4679874278442864e+17,899,하자,전사
새벽,2012-05-02T10:06:23.75Z,캐릭터_일반,전사,고구려,M,1.507066879920304e+16,899,하자,전사
관우,2020-04-27T13:43:55.125Z,캐릭터_일반,전사,고구려,M,1.262951396633266e+18,899,하자,전사
보스,2023-04-20T09:02:55.625Z,캐릭터_일반,전사,고구려,M,6.916056899886711e+17,895,하자,전사
야옹,2016-10-22T15:01:21.125Z,캐릭터_일반,전사,고구려,M,7.845509644553704e+17,887,하자,전사
전설이었음,2018-02-24T08:05:44.375Z,캐릭터_일반,전사,고구려,M,39238920993073.0,856,하자,전사
제라드,2002-11-07T09:16:48Z,캐릭터_일반,전사,고구려,M,8.720501304558881e+17,848,하자,전사
은범,2009-07-26T10:52:08.875Z,캐릭터_일반,전사,부여,M,8255306869609767.0,846,하자,전사
풍룡,2018-08-04T12:10:25.5Z,캐릭터_일반,전사,부여,M,4.552264369081238e+17,839,하자,전사
노모냐고,2011-06-22T07:00:19Z,캐릭터_일반,도적,부여,M,1.968498195077622e+18,899,하자,도적
슬로건,2017-09-11T14:48:15.375Z,캐릭터_일반,도적,고구려,M,8.739217598840558e+16,899,하자,도적
조커,2007-09-19T09:28:34Z,캐릭터_일반,도적,고구려,M,2413885263108605.0,899,하자,도적
히든,2010-11-25T13:13:28.5Z,캐릭터_일반,도적,부여,F,6.432553101137878e+16,899,하자,도적
기본,2012-08-01T10:11:01.5Z,캐릭터_일반,도적,고구려,M,4.452820825753639e+17,899,하자,도적
유협,2006-12-07T14:24:53Z,캐릭터_일반,도적,고구려,M,8.974902814330651e+17,898,하자,도적
공유,2014-09-25T10:56:22.5Z,캐릭터_일반,도적,고구려,M,2.607016950364137e+16,893,하자,도적
그표,2023-10-15T20:59:28Z,캐릭터_일반,도적,부여,F,1.7187635412363653e+18,892,하자,도적
초록하늘,2003-09-23T08:17:06Z,캐릭터_일반,도적,고구려,M,6.1324366805665704e+16,890,하자,도적
지게,2007-08-02T04:57:05Z,캐릭터_일반,도적,고구려,M,1.587506994835853e+18,880,하자,도적
루트,2008-10-07T07:40:14Z,캐릭터_일반,주술사,고구려,M,4.701096513246512e+16,899,하자,주술사
소녀,2023-08-21T14:05:45.125Z,캐릭터_일반,주술사,고구려,M,2243485531289545.0,899,하자,주술사
눈동자,2005-08-23T07:34:20Z,캐릭터_일반,주술사,부여,F,9.872971966883542e+16,899,하자,주술사
무부,2006-03-03T16:51:20Z,캐릭터_일반,주술사,부여,M,1981156229930539.0,899,하자,주술사
염탄,2024-02-23T10:46:13.25Z,캐릭터_일반,주술사,부여,M,3572397253628445.0,899,하자,주술사
홍추,2023-03-08T20:02:30.875Z,캐릭터_일반,주술사,부여,M,1.5371026384781662e+16,899,하자,주술사
대적,2011-09-29T09:37:12.375Z,캐릭터_일반,주술사,부여,M,3.928568148822683e+17,899,하자,주술사
노력,2005-10-14T06:18:27Z,캐릭터_일반,주술사,고구려,M,2981572873423769.0,899,하자,주술사
벌양,2017-07-04T00:45:35.625Z,캐릭터_일반,주술사,고구려,F,2.3914200800890906e+18,899,하자,주술사
기엽징,2020-10-02T00:14:15.875Z,캐릭터_일반,주술사,부여,M,2841679095894006.0,899,하자,주술사
조이,2012-09-22T04:50:00.375Z,캐릭터_일반,도사,부여,F,1.8342924526843005e+18,899,하자,도사
서련,2003-02-23T11:26:36Z,캐릭터_일반,도사,고구려,F,3.630090312799869e+17,899,하자,도사
나고,2010-08-10T10:49:03.125Z,캐릭터_일반,도사,고구려,M,8448944919534594.0,899,하자,도사
임포,2014-03-18T15:56:20Z,캐릭터_일반,도사,고구려,F,2.308408540068737e+18,899,하자,도사
클럽,2008-08-30T12:07:33Z,캐릭터_일반,도사,부여,F,6.392502432778291e+17,899,하자,도사
치즈,2011-01-24T11:53:07.375Z,캐릭터_일반,도사,고구려,M,3.245754749460652e+16,899,하자,도사
씩씩,2013-12-07T11:39:02Z,캐릭터_일반,도사,고구려,F,2997007313561697.0,899,하자,도사
검사,2012-05-31T03:12:53.375Z,캐릭터_일반,도사,고구려,M,7.522560681201398e+17,899,하자,도사
천마님의기원,2022-08-13T14:25:40.5Z,캐릭터_일반,도사,부여,F,1.1516723622354441e+18,899,하자,도사
너편,2023-05-16T13:22:38.875Z,캐릭터_일반,도사,고구려,F,2.1654752847285763e+18,899,하자,도사
비폭,2011-07-15T13:36:11.375Z,캐릭터_일반,전사,고구려,M,1.0862856881689286e+18,899,하자,궁사
쉬프터,2005-02-07T15:12:18Z,캐릭터_일반,전사,고구려,M,1.4679874278442864e+17,899,하자,궁사
새벽,2012-05-02T10:06:23.75Z,캐릭터_일반,전사,고구려,M,1.507066879920304e+16,899,하자,궁사
관우,2020-04-27T13:43:55.125Z,캐릭터_일반,전사,고구려,M,1.262951396633266e+18,899,하자,궁사
보스,2023-04-20T09:02:55.625Z,캐릭터_일반,전사,고구려,M,6.916056899886711e+17,895,하자,궁사
야옹,2016-10-22T15:01:21.125Z,캐릭터_일반,전사,고구려,M,7.845509644553704e+17,887,하자,궁사
전설이었음,2018-02-24T08:05:44.375Z,캐릭터_일반,전사,고구려,M,39238920993073.0,856,하자,궁사
제라드,2002-11-07T09:16:48Z,캐릭터_일반,전사,고구려,M,8.720501304558881e+17,848,하자,궁사
은범,2009-07-26T10:52:08.875Z,캐릭터_일반,전사,부여,M,8255306869609767.0,846,하자,궁사
풍룡,2018-08-04T12:10:25.5Z,캐릭터_일반,전사,부여,M,4.552264369081238e+17,839,하자,궁사
인연,2012-05-04T13:11:35.625Z,캐릭터_일반,천인,고구려,M,1.159898499099321e+17,899,하자,천인
선율,2011-07-21T04:13:00.125Z,캐릭터_일반,천인,고구려,F,1.5652046139566428e+16,889,하자,천인
라선,2014-01-15T15:41:14.625Z,캐릭터_일반,천인,고구려,M,7.535596737753599e+17,885,하자,천인
규비,2012-05-04T11:39:13.375Z,캐릭터_일반,천인,고구려,F,5.2855434361761144e+16,884,하자,천인
시밤이,2017-10-03T11:50:08.625Z,캐릭터_일반,천인,고구려,M,5.298329884997122e+17,884,하자,천인
채널,2014-03-14T13:46:11.5Z,캐릭터_일반,천인,고구려,M,1.5392246033186488e+18,881,하자,천인
히어로,2014-05-16T05:31:24.625Z,캐릭터_일반,천인,고구려,M,1.077202831803718e+17,881,하자,천인
갤럭시,2012-11-09T05:51:40.125Z,캐릭터_일반,천인,부여,M,81478101880841.0,864,하자,천인
청발,2015-04-07T14:47:20.5Z,캐릭터_일반,천인,부여,M,8478363681798045.0,861,하자,천인
찌뽕,2014-12-24T11:30:03.25Z,캐릭터_일반,천인,부여,F,3.065577726763585e+17,855,하자,천인
초선,2020-10-09T10:07:05.75Z,캐릭터_일반,마도사,고구려,M,1.2403096713673576e+16,899,하자,마도사
얄미미,2016-09-14T01:42:21.625Z,캐릭터_일반,마도사,고구려,F,5.298981966338589e+16,899,하자,마도사
능강,2024-05-05T13:45:51Z,캐릭터_일반,마도사,고구려,M,4.752468003283192e+16,888,하자,마도사
트름,2016-07-07T12:46:41.25Z,캐릭터_일반,마도사,고구려,F,4.786170014319515e+17,862,하자,마도사
니켈의헤임달,2017-10-27T15:46:55Z,캐릭터_일반,마도사,고구려,F,6.161951210356579e+17,852,하자,마도사
무부마도,2020-10-15T05:41:12.125Z,캐릭터_일반,마도사,부여,M,4019900709037768.0,840,하자,마도사
물총,2007-11-14T17:07:48Z,캐릭터_일반,마도사,고구려,F,3.869941136687067e+16,836,하자,마도사
거미,2020-09-11T06:55:09.875Z,캐릭터_일반,마도사,부여,F,1.6708883947520595e+17,827,하자,마도사
커피,2022-10-01T07:26:29.625Z,캐릭터_일반,마도사,고구려,F,2.1399867980128664e+16,826,하자,마도사
예리나,2016-11-20T03:58:45.25Z,캐릭터_일반,마도사,고구려,F,3.795458816152525e+17,826,하자,마도사
보물,2019-12-31T15:00:28.125Z,캐릭터_일반,영술사,고구려,M,9.563402286519773e+17,899,하자,영술사
얻어걸린돌,2020-01-03T09:36:03Z,캐릭터_일반,영술사,고구려,M,5.1290203820966195e+17,899,하자,영술사
아라따리,2020-07-23T06:02:44.5Z,캐릭터_일반,영술사,고구려,M,5.4460185483909306e+17,899,하자,영술사
개팬다리,2020-07-23T11:00:27.125Z,캐릭터_일반,영술사,고구려,M,6.35266677530401e+17,899,하자,영술사
용뿔,2019-12-21T09:00:14.5Z,캐릭터_일반,영술사,고구려,M,3.3619824289196588e+16,899,하자,영술사
애울,2020-03-22T13:09:33Z,캐릭터_일반,영술사,고구려,F,1.2659830400876328e+16,893,하자,영술사
스모커,2018-08-16T16:37:00Z,캐릭터_일반,영술사,고구려,M,1.4116355975773606e+18,882,하자,영술사
도도요,2018-07-20T14:01:27.75Z,캐릭터_일반,영술사,고구려,F,60326675832789.0,862,하자,영술사
마너,2024-05-14T17:23:13.625Z,캐릭터_일반,영술사,고구려,M,3.9128967244576774e+17,886,하자,영술사
김살,2019-04-25T13:16:23.625Z,캐릭터_일반,영술사,부여,F,1.6455063189858307e+18,853,하자,영술사
바보,2019-01-01T07:23:02.875Z,캐릭터_일반,차사,고구려,M,1.5627895610211372e+18,899,하자,차사
차쪼,2018-08-16T13:19:22.25Z,캐릭터_일반,차사,고구려,M,1.759505144620924e+18,899,하자,차사
마트,2018-08-16T05:09:53.75Z,캐릭터_일반,차사,고구려,F,1989699142072545.0,899,하자,차사
첫강,2020-03-13T15:04:37.875Z,캐릭터_일반,차사,고구려,M,1353250987673542.0,899,하자,차사
치타,2018-08-16T05:04:50Z,캐릭터_일반,차사,고구려,M,2.541266038134407e+17,899,하자,차사
그대,2020-01-30T12:17:07.625Z,캐릭터_일반,차사,고구려,M,3.123949926381391e+17,869,하자,차사
정연,2018-12-19T14:18:17.5Z,캐릭터_일반,차사,부여,F,1.443747300534325e+17,850,하자,차사
까칠흔녀,2018-08-18T18:57:18.5Z,캐릭터_일반,차사,부여,M,4.657182981049125e+17,881,하자,차사
흥분함,2022-06-18T12:49:01.625Z,캐릭터_일반,차사,부여,M,5.176419642025841e+17,847,하자,차사
진도준,2018-08-24T15:05:08Z,캐릭터_일반,차사,고구려,M,5354333449832767.0,840,하자,차사
초랑별,2022-03-22T11:00:24.25Z,캐릭터_일반,살수,부여,F,2.1950740264391748e+16,897,하자,살수
쌀쑤,2021-12-22T02:34:24.125Z,캐릭터_일반,살수,부여,F,50292202387394.0,881,하자,살수
이계낫,2021-12-22T02:29:36Z,캐릭터_일반,살수,고구려,M,7.604018915068056e+16,880,하자,살수
눈오리,2022-01-17T13:29:25.125Z,캐릭터_일반,살수,부여,F,1.893518633595982e+17,872,하자,살수
낫살,2022-05-28T08:08:11.75Z,캐릭터_일반,살수,부여,M,4.800810448634352e+16,856,하자,살수
옥빛나,2021-12-26T11:46:14.875Z,캐릭터_일반,살수,고구려,F,5.026661963291858e+17,828,하자,살수
살연,2024-04-17T17:08:24Z,캐릭터_일반,살수,고구려,M,2.8047364883283044e+16,824,하자,살수
양다연,2022-07-31T02:50:05.125Z,캐릭터_일반,살수,부여,F,3102183532985.0,820,하자,살수
조교,2024-06-08T16:25:12.25Z,캐릭터_일반,살수,고구려,F,2.2896745512400966e+17,825,하자,살수
서울또로,2022-05-19T08:49:13Z,캐릭터_일반,살수,부여,F,3.4465490547361536e+17,817,하자,살수
카이엔,2010-08-20T07:15:32.25Z,캐릭터_일반,전사,부여,M,2.009211641060768e+16,899,호동,전사
반지,2014-07-28T19:26:25Z,캐릭터_일반,전사,고구려,M,1.6854720057261274e+16,899,호동,전사
광휘,2010-11-14T02:54:42.875Z,캐릭터_일반,전사,고구려,M,4.306612500743987e+16,899,호동,전사
더갓,2022-07-23T15:51:35.25Z,캐릭터_일반,전사,부여,M,1.0829628042468433e+18,890,호동,전사
검귀,2001-11-24T05:01:20Z,캐릭터_일반,전사,부여,M,1.4284003817440904e+17,883,호동,전사
기백,2023-01-01T10:17:51.375Z,캐릭터_일반,전사,부여,M,1.0221485423061229e+18,882,호동,전사
검압,2015-03-21T11:10:25.25Z,캐릭터_일반,전사,부여,M,62705667746039.0,876,호동,전사
이번,2003-05-03T17:19:17Z,캐릭터_일반,전사,부여,F,9.322319893881115e+16,868,호동,전사
괴물,2008-10-27T13:47:27Z,캐릭터_일반,전사,부여,M,67672266932740.0,867,호동,전사
항일,2003-09-30T09:37:25Z,캐릭터_일반,전사,고구려,M,307111509005812.0,862,호동,전사
재회,2004-09-28T17:53:10Z,캐릭터_일반,도적,고구려,M,9.536308394524454e+17,899,호동,도적
민지,2004-09-21T03:36:45Z,캐릭터_일반,도적,부여,M,5.5381685279479176e+16,899,호동,도적
바보,2020-08-29T08:06:43Z,캐릭터_일반,도적,부여,M,5.13195638908182e+17,899,호동,도적
민수,2005-03-08T12:19:39Z,캐릭터_일반,도적,부여,M,761117783105237.0,899,호동,도적
퓨면,2007-07-22T01:56:59Z,캐릭터_일반,도적,고구려,M,2.191489937427058e+17,883,호동,도적
월유화,2011-12-01T19:21:00Z,캐릭터_일반,도적,부여,F,2.7245957288884576e+16,882,호동,도적
막비,2006-12-25T14:12:03Z,캐릭터_일반,도적,부여,M,5.5429671770555994e+17,883,호동,도적
사신,2021-11-28T22:14:15.375Z,캐릭터_일반,도적,부여,M,8708004373790195.0,880,호동,도적
리신장인,2014-01-23T12:53:51.875Z,캐릭터_일반,도적,고구려,M,3.69280843314498e+16,880,호동,도적
반근,2007-11-22T12:32:23Z,캐릭터_일반,도적,부여,M,3.58853405593638e+16,880,호동,도적
천국의달,2011-11-14T14:07:32.125Z,캐릭터_일반,주술사,고구려,M,2.2362999939865774e+18,899,호동,주술사
경환,2008-10-03T06:47:37Z,캐릭터_일반,주술사,부여,F,4.518656175140998e+16,899,호동,주술사
미아,2008-09-22T09:14:01Z,캐릭터_일반,주술사,부여,F,1.4880329065614644e+16,899,호동,주술사
국밥,2017-09-11T13:48:42.375Z,캐릭터_일반,주술사,고구려,M,3.3829771994226086e+17,899,호동,주술사
걍산,2010-12-27T16:16:35.75Z,캐릭터_일반,주술사,고구려,F,2.654053252175688e+16,899,호동,주술사
낼름,2003-10-22T10:24:07Z,캐릭터_일반,주술사,부여,F,1.3503910834392832e+18,899,호동,주술사
윤현우,2008-11-04T16:43:54Z,캐릭터_일반,주술사,부여,M,224186461370775.0,899,호동,주술사
탑미르,2008-08-09T00:43:52Z,캐릭터_일반,주술사,부여,M,3.2685598169645012e+16,899,호동,주술사
리트머스,2001-01-01T08:11:59Z,캐릭터_일반,주술사,고구려,M,1.5076589465196576e+17,899,호동,주술사
비수,2017-05-19T09:18:53.125Z,캐릭터_일반,주술사,부여,M,2963707011842606.0,899,호동,주술사
악동,2011-10-14T06:48:09.125Z,캐릭터_일반,도사,고구려,M,2150365231001276.0,899,호동,도사
케일러,2020-02-10T10:07:55.5Z,캐릭터_일반,도사,고구려,F,1222875043811182.0,899,호동,도사
붉도,2003-02-28T16:51:53Z,캐릭터_일반,도사,고구려,F,4.0231022796472536e+16,899,호동,도사
뽀얀,2015-12-30T12:57:01Z,캐릭터_일반,도사,고구려,F,1.0066376103145274e+18,899,호동,도사
다이,2006-05-27T04:12:23Z,캐릭터_일반,도사,고구려,F,8.80771034186524e+17,899,호동,도사
리포머,2021-08-05T13:10:53.375Z,캐릭터_일반,도사,고구려,F,5.109453924932719e+16,899,호동,도사
스타,2009-08-06T01:17:29.125Z,캐릭터_일반,도사,고구려,F,6114253804306068.0,899,호동,도사
금강,2005-08-25T10:03:28Z,캐릭터_일반,도사,고구려,F,1.846139763995214e+17,899,호동,도사
여우,2021-01-26T12:55:55.125Z,캐릭터_일반,도사,고구려,M,1.4823085038534018e+16,899,호동,도사
채화,2013-12-29T16:14:09.5Z,캐릭터_일반,도사,고구려,F,831240663042314.0,899,호동,도사
태풍,2023-07-27T10:17:23.5Z,캐릭터_일반,궁사,고구려,M,7.160884246481532e+16,899,호동,궁사
대소,2019-08-19T06:32:21.75Z,캐릭터_일반,궁사,고구려,M,4.649258251120805e+16,899,호동,궁사
도급,2021-10-25T14:56:04.875Z,캐릭터_일반,궁사,고구려,M,3.953940414014527e+16,899,호동,궁사
코데,2022-12-24T11:40:53.875Z,캐릭터_일반,궁사,부여,F,7.801300404565488e+16,899,호동,궁사
건총,2008-11-29T14:23:29Z,캐릭터_일반,궁사,부여,M,2.6332960072640525e+17,899,호동,궁사
부산,2015-12-29T14:19:48.375Z,캐릭터_일반,궁사,고구려,M,196535659935649.0,898,호동,궁사
여챠,2016-11-12T15:57:58.625Z,캐릭터_일반,궁사,고구려,M,1.9723295648494935e+18,891,호동,궁사
깜아,2021-03-16T15:03:21.75Z,캐릭터_일반,궁사,고구려,M,5.068247807609187e+16,891,호동,궁사
로밍,2012-05-13T14:36:37.75Z,캐릭터_일반,궁사,부여,F,1.9769420641211805e+17,884,호동,궁사
궁술,2007-10-07T09:16:09Z,캐릭터_일반,궁사,고구려,M,2.1809351870271596e+18,881,호동,궁사
긔용,2016-12-18T09:51:24Z,캐릭터_일반,천인,부여,M,1.0482145319483235e+17,899,호동,천인
소망,2015-10-08T16:38:41.5Z,캐릭터_일반,천인,부여,M,7396234303249465.0,899,호동,천인
추노,2012-09-11T11:10:32.125Z,캐릭터_일반,천인,고구려,M,2.0940598511647684e+16,899,호동,천인
을두지,2023-08-26T05:14:58.875Z,캐릭터_일반,천인,고구려,M,1.7853695638319844e+18,899,호동,천인
구마유시,2011-07-24T01:10:58.375Z,캐릭터_일반,천인,부여,M,349232335903994.0,897,호동,천인
우쭈쭈시루떡,2023-07-23T10:18:55.25Z,캐릭터_일반,천인,부여,M,8.892052221255792e+16,897,호동,천인
예수,2013-02-19T13:56:13.125Z,캐릭터_일반,천인,부여,M,8.296506784536539e+16,893,호동,천인
천의비상,2017-03-31T03:56:02.375Z,캐릭터_일반,천인,고구려,F,8.117954237163651e+16,892,호동,천인
고위지인,2024-04-10T02:48:48.75Z,캐릭터_일반,천인,부여,F,2.46292439343194e+18,890,호동,천인
당구광,2012-09-15T02:30:21.625Z,캐릭터_일반,천인,고구려,F,8.30042380443432e+17,883,호동,천인
느좋,2017-01-24T12:39:37.625Z,캐릭터_일반,마도사,고구려,M,1.5551223089603664e+16,899,호동,마도사
나깅,2020-07-23T06:41:06.375Z,캐릭터_일반,마도사,고구려,M,1.1503730411595354e+18,899,호동,마도사
조드,2016-11-14T04:40:08.875Z,캐릭터_일반,마도사,고구려,F,6.727158976165194e+17,892,호동,마도사
시시,2024-10-01T15:25:58.25Z,캐릭터_일반,마도사,고구려,M,90989019269265.0,886,호동,마도사
새봄비,2020-02-05T04:47:36.5Z,캐릭터_일반,마도사,부여,F,5823207016146493.0,870,호동,마도사
서비,2020-07-23T06:47:34Z,캐릭터_일반,마도사,고구려,M,2.5333431580686244e+18,870,호동,마도사
수시,2023-01-11T18:28:14Z,캐릭터_일반,마도사,부여,M,8.281590990596184e+17,862,호동,마도사
나연,2016-07-21T11:19:31Z,캐릭터_일반,마도사,고구려,F,3.911812967400855e+17,851,호동,마도사
클리토리스,2022-01-01T08:40:58.625Z,캐릭터_일반,마도사,부여,F,6.217397200040372e+17,845,호동,마도사
개누리,2017-10-18T09:32:58.375Z,캐릭터_일반,마도사,부여,F,4.7915711410942464e+17,836,호동,마도사
하이용이,2008-09-26T17:07:58Z,캐릭터_일반,영술사,고구려,F,7.619975904265439e+17,899,호동,영술사
암소,2018-08-06T03:55:32.5Z,캐릭터_일반,영술사,부여,M,7.810511237888893e+17,898,호동,영술사
태미,2021-08-04T14:29:07.625Z,캐릭터_일반,영술사,부여,M,2.0873224508402803e+18,893,호동,영술사
아세토코르사,2023-02-03T11:17:57.5Z,캐릭터_일반,영술사,고구려,M,4.438862359758145e+16,892,호동,영술사
달빛놀이,2018-08-04T05:49:53.75Z,캐릭터_일반,영술사,고구려,F,207825071063334.0,881,호동,영술사
영상구,2022-04-08T14:02:24Z,캐릭터_일반,영술사,부여,M,1.3698474061675459e+18,878,호동,영술사
호랑,,캐릭터_일반,영술사,고구려,M,500782143547450.0,863,호동,영술사
언더워터,2019-08-08T09:52:25.625Z,캐릭터_일반,영술사,고구려,M,1.3185341977912197e+18,860,호동,영술사
라료,2018-07-19T13:02:25.75Z,캐릭터_일반,영술사,부여,M,7.539792470025734e+17,857,호동,영술사
민아원,2022-04-11T10:19:44Z,캐릭터_일반,영술사,부여,F,1.1430763164220032e+18,851,호동,영술사
연합,2020-01-24T23:48:00.625Z,캐릭터_일반,차사,고구려,M,1.8772575863829778e+18,899,호동,차사
비룡,2018-08-18T13:32:38.875Z,캐릭터_일반,차사,부여,M,2.518025219024994e+18,899,호동,차사
뚱어,2018-12-06T15:47:21.5Z,캐릭터_일반,차사,고구려,M,6.308110756471506e+17,884,호동,차사
싸가지없는냔,2018-08-16T05:24:59.25Z,캐릭터_일반,차사,부여,F,2478111717026018.0,881,호동,차사
검토,2021-06-23T01:42:01.125Z,캐릭터_일반,차사,고구려,M,24555279770697.0,869,호동,차사
델타,2018-12-31T00:52:17Z,캐릭터_일반,차사,고구려,M,77928008577825.0,862,호동,차사
사천,2020-08-26T10:27:47.875Z,캐릭터_일반,차사,고구려,M,1.810658128354084e+16,861,호동,차사
찡찡,2019-01-11T08:13:21.875Z,캐릭터_일반,차사,고구려,F,5.793639809998224e+16,860,호동,차사
파이어에그,2018-10-02T14:49:16.375Z,캐릭터_일반,차사,부여,M,9768155350869408.0,846,호동,차사
지디,2018-09-05T13:55:38.5Z,캐릭터_일반,차사,부여,M,6.0555207519562776e+16,836,호동,차사
에페모,2021-12-22T10:08:49.875Z,캐릭터_일반,살수,고구려,M,1734598405562160.0,899,호동,살수
투황,2022-05-27T07:02:34Z,캐릭터_일반,살수,부여,M,1.595615613361017e+18,899,호동,살수
까르보,2014-02-07T06:54:33.125Z,캐릭터_일반,살수,부여,M,1.444177441081281e+18,893,호동,살수
살낫,2022-01-01T23:21:07.25Z,캐릭터_일반,살수,고구려,M,2.716940647206994e+18,868,호동,살수
따람이,2021-12-25T11:44:47.5Z,캐릭터_일반,살수,고구려,F,5.5218499191691795e+17,855,호동,살수
무심,2021-12-25T05:22:26.875Z,캐릭터_일반,살수,고구려,M,1.4597704594085382e+17,838,호동,살수
은서빠,2024-12-20T08:33:05.875Z,캐릭터_일반,살수,부여,M,3.00492899924625e+17,837,호동,살수
우주공,2021-12-22T03:18:29.875Z,캐릭터_일반,살수,고구려,F,4.754874082200791e+17,835,호동,살수
살숭,2021-12-22T02:33:33.625Z,캐릭터_일반,살수,부여,M,5.030428266572773e+17,833,호동,살수
연옥구겸,2025-03-06T13:30:59.375Z,캐릭터_일반,살수,고구려,M,6.69983198619546e+17,830,호동,살수
늑대,2023-02-26T02:10:26.625Z,캐릭터_일반,전사,부여,M,1.0780127776313737e+18,899,진,전사
무기,2020-07-27T11:57:24.375Z,캐릭터_일반,전사,고구려,M,1.1632708117083408e+17,810,진,전사
김감자,2020-09-30T13:46:51.125Z,캐릭터_일반,전사,고구려,M,5.515850694380369e+16,804,진,전사
탕롱돌동,2024-05-03T15:47:58.625Z,캐릭터_일반,전사,고구려,M,1.97168462637374e+17,806,진,전사
세인트가드,2024-12-05T06:15:58.5Z,캐릭터_일반,전사,부여,F,2.983842457315482e+17,810,진,전사
체벌,2024-09-28T06:05:36.375Z,캐릭터_일반,전사,부여,F,1.1439241426033709e+18,800,진,전사
리마수타,2022-07-21T05:16:39.625Z,캐릭터_일반,전사,부여,F,6.883201899991918e+16,805,진,전사
크루루로룩,2024-03-23T07:51:00.875Z,캐릭터_일반,전사,고구려,F,2610623916451.0,800,진,전사
지깅,2020-07-23T08:48:45.875Z,캐릭터_일반,전사,부여,F,1984081335659.0,793,진,전사
크로아상,2020-08-14T02:45:42.625Z,캐릭터_일반,전사,고구려,F,1.5201240275376116e+16,795,진,전사
이별,2020-07-23T04:08:00.25Z,캐릭터_일반,도적,고구려,M,1.966202039008383e+16,899,진,도적
조조,2020-07-23T04:07:33.625Z,캐릭터_일반,도적,고구려,M,1.2440339492475812e+16,899,진,도적
카토,2024-04-15T01:14:37.625Z,캐릭터_일반,도적,부여,M,7.386699087708125e+16,867,진,도적
총수,2020-07-23T10:03:08.75Z,캐릭터_일반,도적,고구려,F,1.0001583196506403e+18,862,진,도적
신디,2025-01-01T02:59:21.25Z,캐릭터_일반,도적,부여,F,1.5994872375177664e+18,830,진,도적
이매,2023-08-21T10:52:00.625Z,캐릭터_일반,도적,부여,F,2.9436568058564256e+17,811,진,도적
정성,,캐릭터_일반,도적,고구려,M,80203930129099.0,800,진,도적
하느미,2020-07-23T04:05:49.625Z,캐릭터_일반,도적,부여,M,1.629987278923276e+17,801,진,도적
도고적,2024-10-09T01:04:03.625Z,캐릭터_일반,도적,부여,F,6.831579219176556e+17,800,진,도적
민첩한대머리,2025-04-13T06:40:43.625Z,캐릭터_일반,도적,부여,M,7.263507167495839e+17,810,진,도적
시즐,2020-08-08T13:23:30.375Z,캐릭터_일반,주술사,부여,F,1.6953639370419267e+17,899,진,주술사
사신,2023-09-20T05:04:37.125Z,캐릭터_일반,주술사,고구려,M,47785132237267.0,887,진,주술사
헬로방방이,2020-07-24T12:05:40Z,캐릭터_일반,주술사,고구려,M,7.896454542191309e+17,895,진,주술사
김태희,2023-07-26T08:18:30.125Z,캐릭터_일반,주술사,고구려,F,1.9712215072708493e+18,885,진,주술사
패자,2020-07-23T04:03:17.875Z,캐릭터_일반,주술사,고구려,F,5.458153820689353e+16,866,진,주술사
영잼,2024-04-25T11:51:11Z,캐릭터_일반,주술사,부여,F,1.795907955489536e+16,868,진,주술사
룽지,2020-08-12T21:18:01.625Z,캐릭터_일반,주술사,부여,F,8.027845414259763e+17,852,진,주술사
악똥,2023-01-07T13:26:19.5Z,캐릭터_일반,주술사,고구려,M,1530341173105694.0,850,진,주술사
그린비트,2024-10-31T11:12:23.375Z,캐릭터_일반,주술사,부여,F,5.939229532674719e+17,840,진,주술사
이세계유학파,2024-10-07T23:57:14.375Z,캐릭터_일반,주술사,부여,F,1.2519200256161506e+17,844,진,주술사
휴지통비우기,2024-09-13T09:19:30.25Z,캐릭터_일반,도사,고구려,F,2.131053486224182e+18,888,진,도사
미소,2020-07-23T04:15:28.375Z,캐릭터_일반,도사,부여,M,6210483991236091.0,884,진,도사
포도,2020-07-29T14:09:40.375Z,캐릭터_일반,도사,부여,F,1.7216301861284483e+17,857,진,도사
김베리,2020-09-30T13:45:16.375Z,캐릭터_일반,도사,고구려,F,1.9052534527081776e+17,853,진,도사
파도,2020-07-23T04:08:22Z,캐릭터_일반,도사,고구려,M,1464243460372950.0,825,진,도사
하나,2020-07-23T13:47:09.5Z,캐릭터_일반,도사,고구려,F,1.1296446321975772e+16,817,진,도사
우산,2020-09-05T05:00:54Z,캐릭터_일반,도사,고구려,M,14979505664862.0,812,진,도사
순후추,,캐릭터_일반,도사,고구려,F,21718320748353.0,809,진,도사
챔잼,2024-05-05T12:12:14.125Z,캐릭터_일반,도사,부여,F,1197079659401025.0,818,진,도사
리지아,2024-04-18T12:17:13.125Z,캐릭터_일반,도사,부여,F,1.8461881327004588e+18,820,진,도사
질투,2020-07-23T04:07:41.75Z,캐릭터_일반,궁사,고구려,F,1803776782628378.0,899,진,궁사
황매화,2024-12-05T08:09:47.25Z,캐릭터_일반,궁사,부여,M,8187601120893521.0,842,진,궁사
릴릿궁,2022-12-21T12:16:49.75Z,캐릭터_일반,궁사,고구려,F,2.755387777619878e+17,833,진,궁사
법뚜껑,2024-10-30T15:22:39Z,캐릭터_일반,궁사,고구려,M,3.1973094892276824e+16,841,진,궁사
저격,2021-04-23T12:52:32.875Z,캐릭터_일반,궁사,고구려,F,3.735049308306945e+17,817,진,궁사
우주,2020-08-16T12:59:07Z,캐릭터_일반,궁사,고구려,M,7.794979764735099e+16,809,진,궁사
머쉬,2023-07-21T20:55:47.375Z,캐릭터_일반,궁사,고구려,M,1.962056779187024e+16,820,진,궁사
박꿍사,2024-08-11T09:35:57.125Z,캐릭터_일반,궁사,부여,F,5007018618240363.0,801,진,궁사
그까이꺼,2021-01-29T13:31:07.625Z,캐릭터_일반,궁사,부여,M,10982815486747.0,800,진,궁사
차카니,2023-04-22T13:08:35.375Z,캐릭터_일반,궁사,고구려,M,1.3182866846380614e+17,800,진,궁사
스탁,2020-07-23T04:33:34.25Z,캐릭터_일반,천인,부여,M,1.7130592250128664e+16,899,진,천인
황천행,2020-08-01T01:53:54.5Z,캐릭터_일반,천인,고구려,M,1.4704407655988895e+18,875,진,천인
바보야,2024-03-09T13:51:22.125Z,캐릭터_일반,천인,고구려,M,2.4690961124643475e+17,855,진,천인
천십십사기,2023-08-17T06:28:01.75Z,캐릭터_일반,천인,고구려,M,1.9808606830291146e+17,832,진,천인
쏭이,2024-09-06T02:18:51.75Z,캐릭터_일반,천인,부여,F,2.8455595870740774e+17,825,진,천인
삽살개,2024-09-06T15:54:06.375Z,캐릭터_일반,천인,고구려,M,6.80464819168613e+17,845,진,천인
모나양,2024-08-30T18:59:42.25Z,캐릭터_일반,천인,부여,F,6.5224397360404536e+16,807,진,천인
마키나,2024-12-11T12:08:19.25Z,캐릭터_일반,천인,부여,F,1.433042739273094e+18,800,진,천인
시리피스,2024-09-24T12:18:49.625Z,캐릭터_일반,천인,부여,M,1.551837572258779e+17,812,진,천인
상무천,2023-09-25T05:24:57.375Z,캐릭터_일반,천인,고구려,M,3.828302390925258e+17,816,진,천인
블랙,2022-07-23T03:59:19.25Z,캐릭터_일반,마도사,고구려,F,1.1216627996348626e+16,845,진,마도사
진실,2020-07-23T04:02:54.25Z,캐릭터_일반,마도사,고구려,M,2.8587590567286502e+17,816,진,마도사
프리,2020-07-23T08:13:08.375Z,캐릭터_일반,마도사,고구려,F,6082400221673999.0,816,진,마도사
김연아존예,2024-09-18T17:18:36.375Z,캐릭터_일반,마도사,고구려,M,1176354799479375.0,805,진,마도사
메에,2020-07-23T07:32:35.5Z,캐릭터_일반,마도사,부여,F,4.885871771804878e+16,804,진,마도사
네코광폭,2025-02-27T12:05:11.875Z,캐릭터_일반,마도사,고구려,M,7.912380926736315e+17,800,진,마도사
마뚜껑,2024-12-17T06:22:42.375Z,캐릭터_일반,마도사,고구려,M,7.262224454770018e+16,800,진,마도사
시리스,2024-12-08T11:31:33.125Z,캐릭터_일반,마도사,부여,F,4.6913540976660936e+16,806,진,마도사
아카츠키버프,2020-08-03T12:52:36.125Z,캐릭터_일반,마도사,고구려,M,7.095149678040796e+16,802,진,마도사
버프내놔,2024-12-05T11:32:26.25Z,캐릭터_일반,마도사,부여,M,4.09217610139297e+16,800,진,마도사
피트,2020-07-23T04:39:30.25Z,캐릭터_일반,영술사,부여,F,1.3099085549389885e+18,899,진,영술사
신주,2021-08-29T11:09:09.875Z,캐릭터_일반,영술사,부여,M,1.9808084089830671e+18,896,진,영술사
차크라,2020-09-20T04:57:18.875Z,캐릭터_일반,영술사,부여,M,3977855358944315.0,818,진,영술사
유난,2020-08-12T15:57:59.125Z,캐릭터_일반,영술사,고구려,F,2.6597199854005984e+16,813,진,영술사
태구,,캐릭터_일반,영술사,고구려,F,15683581064993.0,801,진,영술사
의식,2020-08-12T15:32:53.125Z,캐릭터_일반,영술사,고구려,F,3998823127436860.0,801,진,영술사
현신,2020-10-16T11:28:59.25Z,캐릭터_일반,영술사,부여,F,8.104693626369822e+16,802,진,영술사
사스케,2021-07-29T04:58:35.625Z,캐릭터_일반,영술사,고구려,M,6.2433115970239224e+16,800,진,영술사
귀법,2024-04-27T10:14:52.125Z,캐릭터_일반,영술사,부여,F,1.3240184390838939e+17,807,진,영술사
일라,2021-06-01T14:50:23.125Z,캐릭터_일반,영술사,고구려,M,1.0789323802108294e+17,800,진,영술사
죠쓰,2020-07-23T09:44:47.875Z,캐릭터_일반,차사,부여,M,9540995079063394.0,899,진,차사
래자,2020-07-25T08:14:48.25Z,캐릭터_일반,차사,고구려,F,9.772359374147946e+16,803,진,차사
당월,2024-08-27T01:14:50.25Z,캐릭터_일반,차사,부여,F,1.603949738628544e+16,800,진,차사
사신삼,2020-07-30T12:19:04.125Z,캐릭터_일반,차사,고구려,M,2189324522446464.0,801,진,차사
소수,2020-08-12T15:02:39.875Z,캐릭터_일반,차사,부여,F,1.1365786978274867e+18,810,진,차사
깡철,2020-08-01T01:39:38.75Z,캐릭터_일반,차사,부여,M,2.4869426459911264e+16,807,진,차사
케뽀,2021-07-31T09:17:04.5Z,캐릭터_일반,차사,부여,M,9.773043138793712e+16,801,진,차사
동계,,캐릭터_일반,차사,부여,M,929859513964.0,793,진,차사
혜카,2024-12-15T09:37:40.25Z,캐릭터_일반,차사,고구려,F,6604722129331423.0,780,진,차사
미아리,,캐릭터_일반,차사,부여,M,188004429693695.0,790,진,차사
바견아,2024-09-29T14:28:12.625Z,캐릭터_일반,살수,고구려,M,2.0955824278502377e+18,888,진,살수
바나낫,2021-12-24T19:41:27.25Z,캐릭터_일반,살수,부여,F,1177224247502978.0,814,진,살수
차밍,2022-09-07T04:54:35.875Z,캐릭터_일반,살수,고구려,M,2.3091559007955578e+17,835,진,살수
참수,2024-02-10T17:41:55.25Z,캐릭터_일반,살수,부여,M,6.026933865307626e+17,815,진,살수
마피아빈센조,2021-12-22T07:21:21.375Z,캐릭터_일반,살수,부여,M,1.5775447680587716e+16,802,진,살수
명쾌,2025-05-02T06:48:39.125Z,캐릭터_일반,살수,부여,F,1.0423023911301715e+17,806,진,살수
포비츠,2025-02-08T13:18:43.5Z,캐릭터_일반,살수,부여,F,1767215145693.0,791,진,살수
자체,2023-12-25T15:19:50.375Z,캐릭터_일반,살수,부여,F,1285325248539359.0,798,진,살수
수고,,캐릭터_일반,살수,고구려,M,62259724464443.0,793,진,살수
디귿,2024-01-09T17:10:27Z,캐릭터_일반,살수,부여,F,1.372021534174149e+16,769,진,살수
