character_name,server_name,job,ocid
포맨,연,전사,d3c2bda905bda4fcdbf9a3b30972a233
신이내린한분,연,전사,6b7a4d4d779c8d55ea92ec4ae0ac14f5efe8d04e6d233bd35cf2fabdeb93fb0d
바리스타,연,전사,17c7a3a794cceab47d6d4c869a8f7522efe8d04e6d233bd35cf2fabdeb93fb0d
호불팔,연,전사,a198e09876905fad8e6a91c18797ced186e68d4012202d0434d05f81868f68e3
조루,연,전사,c1ad15f3ed217b17980cb516231bbdfe46a65b8b6b5e842bb857fbf7b25cabaa
룬비연,연,전사,6605493618e36bd22d0f8e04a7a2ad0e1c093150d8c67aa37c548653de6720f6
유하,연,전사,7a9e7ff71d6a8994210132cd458e3f6dfd50b3c01f2369579b36389cc90e60b4
비화,연,전사,ea48e740b189fabb49d38a3f39021c19efe8d04e6d233bd35cf2fabdeb93fb0d
사탕,연,전사,1c402d0def5ffedfbd225b09f4644de13663933da92e7566c55104ec9ac2894d
사계절,연,전사,68d0e8c6a17eeb87d49e63e252a7b5502c80a75b10a900bae7267f7b22c88765
긴체,연,도적,c6e31a4fb353165809d32816bd18e5f0454174e45430f1270b6bf34c891e7d56
식객,연,도적,0d6ad201ad1c0b73236bbf5d5814b154
악동최민혁,연,도적,b66e10bada47383dcb4d909ff8aef3b286e68d4012202d0434d05f81868f68e3
군주,연,도적,e98fccecd9068b0fd8505cae509d608befe8d04e6d233bd35cf2fabdeb93fb0d
신검,연,도적,dc56152637609b744af81330e05f0d8cc47ea5ffea2564f587ca830a8f71acb2
비책,연,도적,50aa8185ce4e9004077e76ee0f2f947aefe8d04e6d233bd35cf2fabdeb93fb0d
르결,연,도적,8216912a829e5ba2f1d412cd2a92a5c2c47ea5ffea2564f587ca830a8f71acb2
패브,연,도적,846a3f4677004db866d24d5447568a29efe8d04e6d233bd35cf2fabdeb93fb0d
풍예랑,연,도적,3d3bd1b7d1e0a8f7e307ed50dce79a12
험무리,연,도적,e1958038f34326bf02bcab521c8b59a686e68d4012202d0434d05f81868f68e3
여래,연,주술사,2bc62c887d0d5d4306cbc21dc08e9a93efe8d04e6d233bd35cf2fabdeb93fb0d
특명접수,연,주술사,62b486cd347b3144f2298332f5962fe7fd842dab14be2a956555625b37c97bff
라임초,연,주술사,5fbeea0561bfcdcb83b967748ac7965aefe8d04e6d233bd35cf2fabdeb93fb0d
대설령,연,주술사,7a530f90bc3a48e7be9db3a5a3e2b87e2da93d5c29221676a4f60204ae56aeef
장미,연,주술사,61a17fb11453a0f2d27fc8ee91bdc0ca05ba2700bb342426ae6b1920c32d3e85
바태식,연,주술사,91634323686dd9109f49eb7209b4191d1ef93588062ec11a1c7cd54f458134fa
한방,연,주술사,f936e53832955f750ed3ed95ffe446fcefe8d04e6d233bd35cf2fabdeb93fb0d
슈퍼타워,연,주술사,ecd65071231fa5ee7717f445fef7c5edefe8d04e6d233bd35cf2fabdeb93fb0d
타코,연,주술사,b63eaafcdf89b266ca9771035b727af3d87665458318d481cf47ec2512ed4917
토끼당,연,주술사,cba36a7e502b65c06e7eecb5269aef46
정령,연,도사,38aa751daab7644ff20124a8308c0a94efe8d04e6d233bd35cf2fabdeb93fb0d
냠심,연,도사,c1b67b69f713e4ff0ae7908373f47e304723574b05820acf03e7ec3162ff5bed
그븐,연,도사,35a2676fbb2deb6e7a8cea8691142a16fd842dab14be2a956555625b37c97bff
율시,연,도사,fac72f54bc1f31a324d1863dfa0872b8efe8d04e6d233bd35cf2fabdeb93fb0d
미초바,연,도사,9ebf8b7157660e0630ab84e4db70d993
주황색,연,도사,c87cb5b724c71962beff87fc5f7bf9e0efe8d04e6d233bd35cf2fabdeb93fb0d
휴린,연,도사,0fd0c4aeaddd23fdd96ed777c5141656ee20e3c0428da3fc7dab0b059ad05b02
상담,연,도사,e80e27b0f49034c72a5c85bb3a68c4c5efe8d04e6d233bd35cf2fabdeb93fb0d
우웅,연,도사,d26814be5531f7b03ee556d39e76510ffd842dab14be2a956555625b37c97bff
귀문킬러,연,도사,4769eced31668d5b0333eabb3146ef7aefe8d04e6d233bd35cf2fabdeb93fb0d
정리,연,궁사,eb0b3d6e54b3da7f8c033defaa96b01bbf233c14caef05126d9450b92f31a21d
빈지노,연,궁사,563c3d345017f177876212e1b6e378dbefe8d04e6d233bd35cf2fabdeb93fb0d
김망붕,연,궁사,d8f2a5d3c915cc611cba581b1e73613cefe8d04e6d233bd35cf2fabdeb93fb0d
설마,연,궁사,c115580988d69a3db3f5931d3495ecd0efe8d04e6d233bd35cf2fabdeb93fb0d
세련,연,궁사,f5c96748bf0f7e75d7b05858a3149d718295750b1f4857867454debc45ec9c8a
연우,연,궁사,cd0760e0ac1cd5a6127c4ca940406809aae77432709819edb959e1fd5d1d77b4
마크,연,궁사,f982ccacf175dbf4ebb2861d571c5905bb189cd87cb2829fbfcc092210b551a6
착송,연,궁사,38c0ffe8b0d32a138616e009f2d2e92a8bd883fbc13e757dd9c58e84decaf6e5
비화이,연,궁사,840530afc8d5c014c28889246f0592c98f63c2350f51a64c61992fb5f2c6008c
쏜당,연,궁사,41db9f2e849b91b4522b13596ae0e7190ec8fa2d7ca87c6b387e478ba6588b86
반지,연,천인,37e3e5e21c4d5f85d1e4a3724b02756f
광휘,연,천인,5c13523872aa668110e22c08fa5bf74eefe8d04e6d233bd35cf2fabdeb93fb0d
검귀,연,천인,df05513ed0d4519feea958bf0a5a7683bf233c14caef05126d9450b92f31a21d
이번,연,천인,7be71c69934116649effc6b0998a451cefe8d04e6d233bd35cf2fabdeb93fb0d
괴물,연,천인,d48330ecf9744bb57187cb15efdc8e33
느좋,연,마도사,545359b584d7bbaafbcbd81f33c315362c80a75b10a900bae7267f7b22c88765
시시,연,마도사,36f511cce49a0ecd3afc57849c8ba983
서비,연,마도사,66287c60f8349dba4c88a40d9d32c6e7efe8d04e6d233bd35cf2fabdeb93fb0d
나연,연,마도사,a90f4092bb9dda27d14450566baae6214723574b05820acf03e7ec3162ff5bed
호랑,연,영술사,73b336b2df54c08baf7d155d17de677eefe8d04e6d233bd35cf2fabdeb93fb0d
연합,연,차사,d9690646060cd60c8f757345eb4613c826bbb1153700a9b857f046dce582b327
비룡,연,차사,504a44dbeabf92b8eaafab2b703ece47a9095ac89f9c94363a672f18fb20b644
척곤,무휼,전사,a9828c58581756794020940a795ac583744f8665c0f46d782101e43b22fc6a95
성심,무휼,전사,7e5af631932eea5cbacff61907c85abb88de902d347d3238816ade4d024798b9
묻더,무휼,전사,224beb7eccbb414278342e3595bbac459dc2468fa6a44afad93b0682f1132ca0
또준,무휼,전사,c76d578e8c47f4ae95a1467e3987cc388bd883fbc13e757dd9c58e84decaf6e5
연민성,무휼,전사,3be94812736195b91bcc3bc826166058ea7c1d356bf726ea6434cb608de205c7
채굴왕혁이,무휼,전사,222edd388b374b62c2f478cef92b7df9befd54165deedc51a58ff6bb77a5ee18
벚꽃,무휼,전사,6649dd249fd9e5b57ab13ef6bf4230e76fbb98200a15be5bcc73a64995849e9c
무사의검기,무휼,전사,1919c3d373a87bcf4c70d6dd05dde24e5175320715f501e34f071ef47caa74ac
강수성,무휼,전사,3be94812736195b91bcc3bc82616605847b293988cca26a39554c463455bfe88
린룽,무휼,전사,9847ec267385b4d7178704408673ed622f0ce1c254a7892be3855230dff531f1
강수세미,무휼,도적,3be94812736195b91bcc3bc826166058680331e3e35c60b0d1bf00c815e05955
사신,무휼,도적,a6b3f2a8239fe63c471e72b75889db10c73803be4f250591e1a8c33f2cf191f2
머니넘조아,무휼,도적,cea3efa72234ef624c109abcf2ef94eb804ec41b968ad24f49fe8dbc6aded16f
테라,무휼,도적,7ed76b1d4fc369b5b0719af107c3b1f1e19d72da277665010cfbed89d2ae443b
영혼,무휼,도적,32a83927827a6adbb65ed52982b58f9cd74597df79e65eb0e762e8a7d848447e
불커,무휼,도적,26774dbae72b7e062e8e0079708b2c8dcd4f387f417f538930eaf558d44956fe
유원지,무휼,도적,79f43ed4e68b03c6ffeb1e6f2924d5bf4da58b52531dba53d0bce3a93b78d7c5
미스,무휼,도적,38441da553014f720a9145492482a29e285b9373074b35ab510ac56899968390
역전,무휼,도적,909e4a1454bee79f2d33d3df7305fce8c87713a390fc39cd3ce4bda4c14d7a1c
로로,무휼,도적,3dd96c3a072017151e51163b1985523cda85c981e6f6c70048f960f3aa75b57f
염병대마왕,무휼,주술사,8955c646754c7c83e6ad590f085c9fecadf35062f1ac1f3de2c07ccfe0d30942
아세르비스,무휼,주술사,c27c037e6834c68bf34939e4b7fbc5582c80a75b10a900bae7267f7b22c88765
들호,무휼,주술사,700ee9549d95d38cba3c70ecb68bfc4304a92ab23a95a82a2e98e9c3db87507c
앨브,무휼,주술사,07202a165e9dbc3dc56101c8f30d6c24e221eb359c7f40f8ae500e9f112ae201
기포기,무휼,주술사,8d802ca3e529848e84ae6865343afcaabec7474032a45ed478659ded5568b8f3
시기,무휼,주술사,5a2ac51fe2e0f394a925f5c45bd5669679db86a84b5f676822184a876a9cfbcc
체리,무휼,주술사,3d647a8be37dd844ad0c74e1801f9e2228ff9685cfc119839fcc341613e04501
방아깨비,무휼,주술사,2871f3d79eb9d112c5c75d02a8282514c2f0c5ca839e232980a1ea598fb0fe0e
낭락,무휼,주술사,c209ed5a25fd364fac21ca202f60706a28ff9685cfc119839fcc341613e04501
차무식,무휼,주술사,a0b57a178e7e14dcc697b7efcdd4728f5b0bf2c50406f4718ab7e60195194222
겨울,무휼,도사,93f14cc891a0a9be00da899905c59bf0f23b180acff70a792079407d613c8e3c
쑤피,무휼,도사,5fdb216ef4b11ffceeb13b0646c359fa93168c65821ed1beee14d5c9b29492fd
적화,무휼,도사,9eece397ba6d8a44ebaaa9ceb47cb70f16640f133349997ef9d9176312435c54
포터,무휼,도사,468ef448c7327dc3f49a10c106408209e811f5ec2471d767341141652a5ddbee
천사얌,무휼,도사,d0444571cd71d1f5afc1d8f3e3037cc94256e674f51067bf31b7b0a280b2b318
시치미,무휼,도사,37258263f41ed7b9bd4e74cf0755d25e8f63c2350f51a64c61992fb5f2c6008c
미인이다,무휼,도사,8d92af8eb234721ff7c4eac4fd97e3e0db044692f1d171178b0bff0e7f98a558
영원,무휼,도사,3be94812736195b91bcc3bc826166058ad1e3732c52609589cd9047e27c9f776
광택,무휼,도사,7cc85e7d23ed7dfadbf6298f3f2faaee15a88269cdcfae63f9d800e5b2679a00
조광,무휼,도사,298d3631632c562cf2e996f98818521a88a892b6020f4cd162661debbf10edd0
찐함,무휼,궁사,64d92b713e471e336b0143b36876fbcb2874d02fe60db04cef8f682ca01d09e0
상금,무휼,궁사,472d82904bddce8671a1f763d87baf162697b3e9e0a270b9eeecc686c04ecfe0
룡궁,무휼,궁사,b2e9c732ab70662686356af68bb9c9b9ec03378eac3163afc82a0bb139d2d564
한나,무휼,궁사,79755c460bc729691bfe83b0da25f68f5755d58a067c18cb4877199099d6f64e
리츠,무휼,궁사,3be94812736195b91bcc3bc826166058f1d80c4b56ac86621460cabd9580915c
벽리,무휼,궁사,6c1b3a0400ead7941c338484b76e35cbe0e9bc1c0abb522e3b6c28a3679b5b1a
헛지,무휼,궁사,b0513e5239634cc0299cd6ae2c5808ceaf3c67bec2c8976c611a76dd794327c6
칸로지,무휼,궁사,3be94812736195b91bcc3bc826166058cd9ccdbc47629f53e1a73e502358e4fa
유소망,무휼,궁사,f003a3b12e09ee62f0f1604a21f687963c3b6387e1baf6e7144b719f291c6812
설경구,무휼,궁사,3be94812736195b91bcc3bc8261660584922fae541b6f43db0960eb489616248
장동건,무휼,천인,f5c7c2de093f397e3131242eea5e4ec49c4668c7065013d153fe7263e63c041c
하지마하지마,무휼,천인,c3990e60a8ce23ab527f2f61202fa667c131e9de8b295af0d26bb298e91da305
천리스타,무휼,천인,2ae1bef72be4aadccfb8b1a8ab463b669b9c42154fefd7b366d8f5c4affbebf8
연투,무휼,천인,bc2e94d5e6cf7869c2486e141e035f1c59e228811fec59855e09edf5c79db85f
반요이누야샤,무휼,천인,a7d30fa990ef1c9283200de00dd0b697630a5affea3ab61e251f69b860a055ff
밥도둑,무휼,천인,2b1a6a8051fe1a5b2feba4e2be2d022f8295750b1f4857867454debc45ec9c8a
때리지마라염,무휼,천인,84c4073d8d60afe64d7bd61d9d2230d285275aea5b2426bb17224395f821108d
원지원지,무휼,천인,bf6827a0519022d8b8ee9166f17cd659262ad2410c168a1a6ea914ca2fc792b9
훔뱌,무휼,천인,78597d325893870d73875b0f9865f1bafd842dab14be2a956555625b37c97bff
애라찡,무휼,천인,902482be57301a278156a70c44aa91217af71c9a4c74607ea8967b6724b47d93
꽃블리,무휼,마도사,a25aadfe0bdffde99c4809358f17de4671c94507011f02c594a92cf9fa14bd4a
기퍼,무휼,마도사,3be94812736195b91bcc3bc82616605859cdf6ee4404ab1280ff9988b3ad2a67
머니넘레이드,무휼,마도사,ff5ca042942aba26e6e17f6ffd2be231448c19e31eea651442972a58d78276ec
참새와독수리,무휼,마도사,a691dc6e0c7a0254042dfe436eec527a71678b0e9a6ad93e065520d4186e7637
루놀,무휼,마도사,a691dc6e0c7a0254042dfe436eec527ad9071fb5fee736b238ae71496aaf03ec
능강,무휼,마도사,3be94812736195b91bcc3bc826166058dd00002086cd6fee05598cd3358286eb
심보늬,무휼,마도사,a691dc6e0c7a0254042dfe436eec527ab4922bbd67f8ea6d5a7c8c4f0ced459d
마도포기,무휼,마도사,91465fe6f30ecaa51597aa2cfefa02c36f6e4fa117200fbc95eea9863b0d5f96
데탑,무휼,마도사,5a2ac51fe2e0f394a925f5c45bd566968ea0409b5f1afa3b4cb04e0f21f5ed5a
폐인,무휼,마도사,a529b8342fbf40da3ef992ab10fed8d39bbca414833aa18b2eb56d2bb9fba68f
유이설,무휼,영술사,47170b1e901116231f1e3ce62695294a762c1196c5b3535b1e5d35d92763b093
진레이니아,무휼,영술사,91465fe6f30ecaa51597aa2cfefa02c38efa681c745f4ac47dea1a67e1322615
으으,무휼,영술사,50f7e3da3c884ce7dcab112cbf158007b588a2c661cd658cf99ebfd533d49ca7
자라,무휼,영술사,e9812cc82ba121fa31b2401ae8227c9b15dfbef77b4c815773be4018e05c77ed
곱네,무휼,영술사,e9812cc82ba121fa31b2401ae8227c9b077a48ff97d8a053efa79c02a5072523
가봉,무휼,영술사,222edd388b374b62c2f478cef92b7df9a9d73423c22dd7cac4654497702f6361
철쭉,무휼,영술사,a0be38b3781c8706b4be7a82764e145a6a8f93343f990ba26ebeae318af30153
핑꾸퐁,무휼,영술사,e9812cc82ba121fa31b2401ae8227c9b48457c64d7fb6d6b26d7b1e493c8dfd6
기어,무휼,영술사,50f7e3da3c884ce7dcab112cbf158007312727ca9735a9bcb2e2437ba46af81e
쏘우,무휼,영술사,65295b1e4871442d71a81b0ef69d561c3b57fd32b10f6214251c05b905aef05f
신라,무휼,차사,78651642972b397fe20646cc408c9457cbc86c6836bb3f56f95834231989a1d8
미문랑,무휼,차사,2cbacc66aea48586d445375d1c98883ab593c413915dcc03a207adb702c1a8ec
섹차,무휼,차사,5aa91de7452aaa04908f735e7bfbcdbb7adf5741edcbacaa8de08d7d7a2efce6
흑령만년원귀,무휼,차사,f8ce9fc39c64ac0da6d67f79095611c41e1687070fdaf0269d958ec3e1d06939
아레투사,무휼,차사,7a15fa20e870691f84286ef8c128e54489d90475ec312cff21b7d0899e08e8cc
아랑,무휼,차사,bc2e94d5e6cf7869c2486e141e035f1c1922239bc6b168b78795d1dcbbd736f3
핑쿠퐁,무휼,차사,78651642972b397fe20646cc408c945778f7176406f5b549b2a9cb5c2fdcf1af
데여,무휼,차사,78651642972b397fe20646cc408c9457aba03e10656b5f5437f926b7e65de056
꼬추,무휼,차사,e576b30602faf19bfa627ba82ea733ff5d4979c2daafd0eeb47936944df0cc3c
히바리,무휼,차사,e21cd59b787733bdc0c9d6a25837d4d01f894935ca4e6bb1de4efd919b227633
겸존,무휼,살수,3be94812736195b91bcc3bc8261660582cc254a675f0196fb4e22bd80802c873
퐁크핑,무휼,살수,3be94812736195b91bcc3bc826166058a8a9cf38bec0644ebe4c5007305d5a08
앤드류테이트,무휼,살수,3be94812736195b91bcc3bc826166058fd90560589e7c63639cf781532863938
쫄지마쫄지마,무휼,살수,3be94812736195b91bcc3bc826166058e51fb9973e2c17cf910f81ccbb0c1299
짜여,무휼,살수,3be94812736195b91bcc3bc826166058d2d840e66f046fc6476e56399119fde1
키눌,무휼,살수,3be94812736195b91bcc3bc826166058b632295a22bac06f4826c11a34536ce8
에일로이,무휼,살수,3be94812736195b91bcc3bc82616605871c12197daa2c515abf05a05a640d6cd
박미혜사랑해,무휼,살수,3be94812736195b91bcc3bc826166058eaf331796600ada8c72c645643b688ce
클롬,무휼,살수,3be94812736195b91bcc3bc826166058dad7124d45488448ddc683dc4aabdf6c
힝겸,무휼,살수,3be94812736195b91bcc3bc826166058a2753b9bb17497ee458c54a0db7a3371
리듬,유리,전사,1408aa551ee8cd71c4abb1edd8594daac47ea5ffea2564f587ca830a8f71acb2
아야짱,유리,전사,2fb58f8ad4aefbf8aee5f8be16ace772aae77432709819edb959e1fd5d1d77b4
팬더,유리,전사,a19e918c7ad9a401beaea09c55806caad63a5a325db8fafce5f1ce5bbc2bcc9f
산냥이,유리,전사,c35ff7536089928a874a9e652d7e504f88d2005e52f22091028a50e909f648bd
다마,유리,전사,8299e7106df9de3b155207cf84c4c5d32cfe742d1c4e2aff62757ad6138020b7
고리의도시,유리,전사,c6cd261b85bec98650e6e6f6552616152d8a31889eeae1cd74b598a1d559d189
애니,유리,전사,13c3621bc5f9662a3a54e32842fcd07cf010c724ac34fd2bf446afaa979c1330
쌍칼,유리,전사,0d77e1b5741ca9633e8a9739f4a153545133251b15f2faf3f68acf93492ddfc1
경환,유리,전사,9b11f4fa64c2661dede328082a45be22fa95aa9463f0f985b2a02fddc8e9948b
난동,유리,전사,8539794a0d45cb494ae006e185475ceea9daa0725e7c0b1841718a5420a77202
싸이코,유리,도적,7f71958330a7f9ba9a494f354b469191cf9edf72d2cfc20d9a1e29904442bc0e
젠틀,유리,도적,dd0ec5491b10bae7effcf3af06e27ccd09136a7c8dc2ff6d6886b20b5189de3d
임프,유리,도적,d0e96aaba17353a495de3b1d39df8f1af3903ca952c4d7f2c6f0fac1e60c9513
교당,유리,도적,c2c8365e6b9a91413dbb8d253b469ca9d3924419b2036ed235c39e5a30c38abc
제독,유리,도적,63942461e24f8f21eb1c84cc10beab4ef577de2c8bdd0682cd8268cbe3f7f79f
블루,유리,도적,83e06f0eb5ae83f07f55c1463dba92a62c80a75b10a900bae7267f7b22c88765
금천지인패,유리,도적,e7d38255f099cbf44fa26090a5619c05a11b78a5d9673c3b41f95c158caab67e
민지,유리,도적,bfeb49bb50e5c72efa5f019ba00a876a28590c0d61512ca9fb28dc8d192920c7
작은향,유리,도적,ed62bbbe5c02905a362f19385323b485f4adf7c2a031c83569d02215f741b6ad
술퍼,유리,도적,8539794a0d45cb494ae006e185475cee6a1d1aeba26edd7d8aa67a7bff33580e
자두,유리,주술사,3cc4677ba0d25b4733f50f4487ab9db5b906646a9983b188b4170c096927bcc1
강산,유리,주술사,8539794a0d45cb494ae006e185475cee35dacb1bd07330e1aafd08d74967b71e
날때,유리,주술사,8539794a0d45cb494ae006e185475cee0df96e86035f2b1985a57da79b15394a
츠카,유리,주술사,8539794a0d45cb494ae006e185475ceee116711dda58ef9af058b2360e2ae415
에로,유리,주술사,5b2359733bc77b14945c900be5dd74bbf30a494b4d7deed1568555225d4465ab
회상,유리,주술사,959039f8b1b7f4a38abe54a293c4c544033c572904d19c382d0151afa1e59d12
핵터,유리,주술사,91d95e44c61225dd881826abd66e404ebf233c14caef05126d9450b92f31a21d
사과,유리,주술사,8539794a0d45cb494ae006e185475cee2bcbcaea86a6c71bd51d9c4bb36cc7c7
수장,유리,주술사,8539794a0d45cb494ae006e185475ceeabe07d99dde62d03e44865b710a5ce0c
구구단김세정,유리,주술사,8d871a7df4833ae3239114c4246e5aeef7ffe0d70b8cb6b1a039b20b226c450b
만두,유리,도사,1fd49fe13dda49d06b973583a5c25789b5e86da3a0586b26ec50503984b1b686
허니,유리,도사,89a072a2ca5d55d763b2c67d1cd0f5596befdff1fdd9f17c961398e59dc40453
키스,유리,도사,6d37c733e4786be35c6197addc1f7f8013a9787b55dba6b2d8249c803fe4a4df
루루,유리,도사,3cd258090f520e65b19a4a8cd3282143364efbf8b23d26b35c58ea19edcf1249
영원,유리,도사,4720d8734f50ef0b2f6376057e4d71cf90407ab55f49c9cc7b4173890a9e9357
나무,유리,도사,97d240acaa707e9ae28ade4d1fbc20d568daf667977f7b7b38f70f67b93e90ac
요정,유리,도사,f2078566f34aaccbaced0208b9c835892581e028b0495c51f3249775b110d725
뽀야,유리,도사,c2a9d69dd1acd2bfe5ebc8dd68e644809e967dd20b873b4ac3625fe271a3a90e
필드,유리,도사,55bd4570c623d129c7c2dfdd1690d4233a66d016f48ae151db6f6fde93d9a4d7
빈끼,유리,도사,8539794a0d45cb494ae006e185475ceea6866ea5c82503451b2001eb6eb132f6
와인,유리,궁사,1dad503581bb339b4c199551a9747714475e1813d3efb55b90bdf82b91ca6243
라라,유리,궁사,ea863392cef2470a9ce54a2471f0cac9230ad48f7fe594baad1d643c41912392
우유,유리,궁사,8539794a0d45cb494ae006e185475cee79fc636299ee6f27a8e0e1a56304c758
한조,유리,궁사,8539794a0d45cb494ae006e185475cee93bffea025472292e1951d11c6028924
라면,유리,궁사,139fb79ec0468e1ea2d97072b714343c09136a7c8dc2ff6d6886b20b5189de3d
조그맨,유리,궁사,8539794a0d45cb494ae006e185475cee97d4b36b8434f6ee3c64b1cd8fd0d6d5
동도나나나,유리,궁사,d5aacd48b86c1b3a777c090a12775ff01c930304f276f5aed366f8dd3987e733
궁수,유리,궁사,1baf90d2f73b74347ca09f21987247c31c462397426aa006bbafbf7340208231
연사,유리,궁사,8539794a0d45cb494ae006e185475cee013d8dd9dc90e3239511b6302540364b
토게,유리,궁사,8539794a0d45cb494ae006e185475ceee64d6e4bc3b2774790a89b3050a0ff2b
검도,유리,천인,9c876c54a69edc7e662a4de11531f1d46145781ee4ddfb11309b9fdc4ab43e66
뽀뽀,유리,천인,5c6722ecf718352c63235bceec3c45221c093150d8c67aa37c548653de6720f6
잭스,유리,천인,2f7f5cd62e781aa614402b7b4d9e293c9095cf942cf4d7f812ccc4a618980cee
아리,유리,천인,f88660003af10967b78b9211162b138cc7a6bb2e2ee9005b92722f6c8b4a6afd
악동,유리,천인,8539794a0d45cb494ae006e185475cee9e15a2d597c34f02d21f3f4b63ecf896
릴리,유리,천인,b260bfa238cade60ee0a5023e4242ab569f3a16ccbcc3b9f817648dd8f6e4106
체리,유리,천인,62bda9e0f867e083385919f25f2d52e2bba518daffd38cb8ab4b817a0bc73232
예토,유리,천인,2af4c0385884ddd333bf69251baaabc2a645ec2bbb07d2971d777da25f2c16f9
칵텔,유리,천인,a6b0302dae63da7ad28891b7c8bf0d9b98a16dd66191baec8ff0d2da333893a1
설매,유리,천인,9584a7ea0f3d8aa25232ee1adcea9ec547084fc333275cb5eaea709a8f54bc15
이별,유리,마도사,bd3208a1e7df5e5d9bb2264699fea22cea95158b54a6dcb4cd7e585fc15e1272
청록마녀,유리,마도사,59e1def347afff3e35a77cf833026f4f7fe30577cd06cec03806b041c1293227
신라라실,유리,마도사,1baf90d2f73b74347ca09f21987247c3851164f966b295d680e5ea0902c4764b
달디,유리,마도사,96fa5e903d6dde5aa1e12caed603ddfaa8929ff288c9076d5d830ae54480fa84
내일도달려,유리,마도사,0a2defb9a982b9f2ea73d8008c2f35d88d85f1244b8c43dc9b0ce6eec2be501d
해골,유리,마도사,600759e6033742fffb6c3ce708a39b6bca7371ebf83e50bf454b75e80269b639
자동,유리,마도사,be43e4e8ad4b88efba4ee12417adebddfb208e63f9e94ec3d2325187928a9342
마릭,유리,마도사,4f1627bd60a89d49403190bd2bd755c3f1e64a86cb9f2ce2af048a6254e9d2a8
변이빵빵,유리,마도사,1d37deeccf2ac86fa0cfa91d631c6c67db3658531256d3758d0fd8b24c387516
여름,유리,마도사,8539794a0d45cb494ae006e185475ceefd3a728e39ff6d7adc8329ec6f82a19d
제트,유리,영술사,6dc6c01119f936b1eeb510f75840dd5283523ad5ad07f701a3b60c0c51cc7e70
로포피,유리,영술사,8539794a0d45cb494ae006e185475cee48b32aaf130f51ba1c73e282c0104771
다니,유리,영술사,8539794a0d45cb494ae006e185475cee834c79af472556165ce1e98ecd647019
청록신녀,유리,영술사,5c8fb7faa8198412a60fa7c52342be55962d17f45bacb7e4a5cb96596abe5914
광양,유리,영술사,2e25a7b673c0a3f9022f7647c607f64d2139c06a3a6f06ab3654bff0c396b1c4
쌈바디,유리,영술사,d03105b9bb8e110002fb4c0a75d4112debbc8bbf88793e9d6d9e1bc0a4eb7893
서채,유리,영술사,8539794a0d45cb494ae006e185475ceed6becc90db529fe30e7fb278e9cecd97
우주인,유리,영술사,2e25a7b673c0a3f9022f7647c607f64dbcfdab81030536184f71c161f790621f
복귀한청풍,유리,영술사,d7f60b11a43251be5b556fa66bdc74cb1901e69dbb3b8344a1e22ef2c4379e85
바니,유리,영술사,d7f60b11a43251be5b556fa66bdc74cbea95158b54a6dcb4cd7e585fc15e1272
별빛,유리,차사,9cecece548742af21e37a1984e3495f84255fd3f9d1dbe8f9eacb82d23f899c5
흑승,유리,차사,2ad80d685b4dbd77636c0a70804bbea71a34e314b70f507dae0c61593b84aa0d
순수,유리,차사,2ad80d685b4dbd77636c0a70804bbea761c5e01fbf49e57b5c1281a646ff3813
현실,유리,차사,1ebccdef2f3e446bdf33b1803620bcf721fea11c509c426d0aef786bc288bf5a
울산너구리,유리,차사,f47709ceebd0c969db87ee00f52822b5cb7818535ad5657143fafa1356bc2bd8
리븐,유리,차사,d8e6f86446c08040ffa9c51e29537c1927c617df14c1dc06dcf9d7364ac25e54
힐미,유리,차사,09175c422326b370b8953b7bc967475e0ab67cf585100935455b3c5cd2472de3
귀신,유리,차사,8539794a0d45cb494ae006e185475cee64858a1aac39163f2f632eba07393aa0
저저저,유리,차사,8539794a0d45cb494ae006e185475ceeae28c9a4957f7b1a9871db640ee675f4
진프로,유리,차사,58a482ee53dce455a5d92b889e5e443663cbcf7e4427148eb8509c713dc6e25f
냐옹,유리,살수,8539794a0d45cb494ae006e185475cee1703d306c774f8e8b36b47645afa2c3c
행님,유리,살수,8539794a0d45cb494ae006e185475cee307c649e082063cbd06040bba0a780a7
외쳐,유리,살수,8539794a0d45cb494ae006e185475ceea32a76aebc4f07f116c04bad9e8a8870
유스케,유리,살수,8539794a0d45cb494ae006e185475cee789891449430aea55870512838242e30
조로,유리,살수,8539794a0d45cb494ae006e185475ceed3931f9211eefae64f9a4aa14c1cb706
용암,유리,살수,8539794a0d45cb494ae006e185475ceedf2a618bcc5bce1e2b08593f26333a6f
샤이,유리,살수,8539794a0d45cb494ae006e185475cee5291d648aff3a125c8d035f3c6ab0162
보리보리쌀밥,유리,살수,8539794a0d45cb494ae006e185475cee0bc032b69328fc8a756ee98e8f5018e9
보스,유리,살수,8539794a0d45cb494ae006e185475ceef7d08fed30920fee566dbd728a2fccb8
훈남,유리,살수,8539794a0d45cb494ae006e185475cee9be9339b9f8a671fb9497b9a04c0a808
비폭,하자,전사,35cb2b03fe957cfa5d37d9397a81f88e2657e6e7d859688c0815e67088e80e9d
쉬프터,하자,전사,88f9652617285a7d54ffbadddf96cf75454174e45430f1270b6bf34c891e7d56
새벽,하자,전사,00385c41a3c6d4cad109408ba714ed3dd6d8b0034e35806cee3a98ca641cc10f
관우,하자,전사,29e13cf4b329357dc35cc326567d5294cdf82ba2f91e40251b32a55c63f10d76
보스,하자,전사,a25ee972d6dc799d60aca723b7cd55aa739369f8fcb70cbf22373339839574da
야옹,하자,전사,0250bf855ee72aee359cdb6203d79bf8df37def61d9d96debd8002301056c79f
전설이었음,하자,전사,80da60f139dfde51381d9191b22a917cb102b27a2801f5686ccc4f486ac4ec41
제라드,하자,전사,2ca2cea015081f731952a8f599e1947f9fed5871481be3902f4903706b462623
은범,하자,전사,3b613713926e3feb4869d6e7709d134ede8dddd211b6f46368c3b21de8479d04
풍룡,하자,전사,480b5821efe036ed9de7e26ea16ec5c3a645ec2bbb07d2971d777da25f2c16f9
노모냐고,하자,도적,c30ac13dfe2b3696f57718e50c7742dcbe0e1530bf2f8eba8528e2c0d02cd3e3
슬로건,하자,도적,51d7226902efe78fa6b4c06888cafbe39331d0f905598be2447cd3fcb75ed0b0
조커,하자,도적,cfbd36e9f3049d7910eb01d952de3912cbb3c907f671f81b513c33c9e14b440b
히든,하자,도적,8a11058f07305a138efa6966b035b1e25049b91b22268b1c74fa479df3fbfae4
기본,하자,도적,dcb78d5eafaa778bfb8b15d245901d167433e09ea05b7251c94cd1fff3cb3252
유협,하자,도적,e30c57f8a7b33827a72d687e48f11cf7a5fb0b6d46104b6b324cc85efc289146
공유,하자,도적,92169a443889a84e0b4f93b631a2f8dd9b757929a4081040ff0e20f568da52ad
그표,하자,도적,a25ee972d6dc799d60aca723b7cd55aaf75d9c1e1431ad6b1a3d9e4c23008e42
초록하늘,하자,도적,80d010c579cc1f0fbddad0b68c2b77ed7768028737f7cacf07f1e9bfdb788108
지게,하자,도적,4677383c06eff970624602cd9404702553cd9a9f6e35e67bc590a0b6935a774f
루트,하자,주술사,4e54c8e439577a4711959c5d5605200edb3a458f44e7ba85949eb4746bf75233
소녀,하자,주술사,a25ee972d6dc799d60aca723b7cd55aada428ea97227260ade1de032629bca1e
눈동자,하자,주술사,17634d27dd198f65601902913a49219b169a5a4f56f18a5610cbcc55d17e6e67
무부,하자,주술사,6d8f07548d1d4f3c3489ff66f178b4799bf68bb76c4c6c51d2709faa41b5b21f
염탄,하자,주술사,a25ee972d6dc799d60aca723b7cd55aafda083db5fd725a17b63ad9ca4145a27
홍추,하자,주술사,a25ee972d6dc799d60aca723b7cd55aa6ad0fac486bebff7c8f13fb78ae16ae7
대적,하자,주술사,ac44785f6d71f4d8bf800f136548b757da0ce145dd524f8d85bb56e044d0fa3c
노력,하자,주술사,becf39329a165de41bae0542081a090fc378b51c8a89677fa14e6fde94a782c3
벌양,하자,주술사,fe46e3c57f8e6177bd6f20cf379a677f8353711873878b1dff942b80fc256cfc
기엽징,하자,주술사,a25ee972d6dc799d60aca723b7cd55aa8e663eb6c580d0fc0c12f4021629ae58
조이,하자,도사,f16bda7ff6e93d653ec15969be18983d1c69c4ed3df0e4df8608866b152abb4a
서련,하자,도사,c10b556ad257940f0ddee64f74e554fe413be7ea96b018edac448d65fdb5c6bf
나고,하자,도사,98454b87d9c20140d3d93ed86c2f1c6226bbb1153700a9b857f046dce582b327
임포,하자,도사,33f08431793da5aa76af2623744df51265525542a449ef0cbd425c225e10dd29
클럽,하자,도사,ccda155bb90e24a978f0a7f1944816b3fd842dab14be2a956555625b37c97bff
치즈,하자,도사,feb114526df8bed5539379e63e9008e80e79cc9401b8f87a649ab7464cb9e60a
씩씩,하자,도사,5c2cc53b0f14da3dc8beb65ba6128736fcccd9064e685f59e388e00983ec5e3d
검사,하자,도사,596678027f419047a755f3f081e397d91eefbdd844c163af62d709c2bee9e22a
천마님의기원,하자,도사,a25ee972d6dc799d60aca723b7cd55aa5c3ecc542fb219a7235374e77497e774
너편,하자,도사,a25ee972d6dc799d60aca723b7cd55aa40dfe1fc3fe776e5c25eb5fc4a8db3b8
비폭,하자,궁사,35cb2b03fe957cfa5d37d9397a81f88e2657e6e7d859688c0815e67088e80e9d
쉬프터,하자,궁사,88f9652617285a7d54ffbadddf96cf75454174e45430f1270b6bf34c891e7d56
새벽,하자,궁사,00385c41a3c6d4cad109408ba714ed3dd6d8b0034e35806cee3a98ca641cc10f
관우,하자,궁사,29e13cf4b329357dc35cc326567d5294cdf82ba2f91e40251b32a55c63f10d76
보스,하자,궁사,a25ee972d6dc799d60aca723b7cd55aa739369f8fcb70cbf22373339839574da
야옹,하자,궁사,0250bf855ee72aee359cdb6203d79bf8df37def61d9d96debd8002301056c79f
전설이었음,하자,궁사,80da60f139dfde51381d9191b22a917cb102b27a2801f5686ccc4f486ac4ec41
제라드,하자,궁사,2ca2cea015081f731952a8f599e1947f9fed5871481be3902f4903706b462623
은범,하자,궁사,3b613713926e3feb4869d6e7709d134ede8dddd211b6f46368c3b21de8479d04
풍룡,하자,궁사,480b5821efe036ed9de7e26ea16ec5c3a645ec2bbb07d2971d777da25f2c16f9
인연,하자,천인,c44ca73d83989cdc4ebc966a8199c20f6abbe40658bda01f869ace9be98c441f
선율,하자,천인,8d59a110b23173344bc4a927453847555e671b180c40e398dca335e1a29ebb75
라선,하자,천인,043e3e3e398d5121226647f478da416efd50b3c01f2369579b36389cc90e60b4
규비,하자,천인,1b63825735a944cce2af520d167860d16f6e4fa117200fbc95eea9863b0d5f96
시밤이,하자,천인,74cf6bc8afbde92b526b7cd9f509aae1ffb5869b739da64f0b670c680ae4f26d
채널,하자,천인,5c2991c399496ad191cff0072fea37ffa29e44ff8a61f988a09a6ca43d14fcdc
히어로,하자,천인,0856162f7f3d479ea713c5963b2d084ee82a7b0fedc3bf3abe5ccebce1d2c04b
갤럭시,하자,천인,791123d2b42248b67e374cabf70a1c26fd7680b4d9700c85a3d0af304c194af8
청발,하자,천인,6d88d6c05d76e4dc4b6b1a6732a2f8632b3457749b4314577dab1a99b82c8ca9
찌뽕,하자,천인,33180baeb5e32822f8514877da88954c86e68d4012202d0434d05f81868f68e3
초선,하자,마도사,a25ee972d6dc799d60aca723b7cd55aa617d15548ffb9d6daf20631cef72f269
얄미미,하자,마도사,6cc469afde70c5e4cc2f3b6df733209c66329b49496c7b2a50ffc35ca763e1e7
능강,하자,마도사,a25ee972d6dc799d60aca723b7cd55aa80b92a87dda9099ba4f633130ae161f6
트름,하자,마도사,144521b5dc51cfe30c785bd55375fdb02046738929c7b24b72468764d9918b1c
니켈의헤임달,하자,마도사,997079db45122ccc2fc2e5d4abe576d336fda7d673004e3f0eb3a7ab755e6abd
무부마도,하자,마도사,a25ee972d6dc799d60aca723b7cd55aaa22d1afb8fb8ade5eb072c8fa812b3e8
물총,하자,마도사,73d894ecb91a0ffed9eac33f16beb83fb588a2c661cd658cf99ebfd533d49ca7
거미,하자,마도사,8515eecab4986fd6a4c03db721990362da85c981e6f6c70048f960f3aa75b57f
커피,하자,마도사,a25ee972d6dc799d60aca723b7cd55aa2477c80f38f8a61b96020b1361a39410
예리나,하자,마도사,06a7ca5e13994142da54ac47438a7b3349adf41e937439903ac5d762ee67db9b
보물,하자,영술사,60707757d27792a6f7b7779c587c911400d5255f7e6223b8f496959cbf7b76c9
얻어걸린돌,하자,영술사,60707757d27792a6f7b7779c587c91144255fd3f9d1dbe8f9eacb82d23f899c5
아라따리,하자,영술사,ec187f765c6b2c8b0434cbd9bca2b8325639efb7f4d4060a2668153c52ffd24d
개팬다리,하자,영술사,ec187f765c6b2c8b0434cbd9bca2b8324df8047626bf602d1f3660b8b3029ef3
용뿔,하자,영술사,c34ecb356dc3d3d35fa16ab70b0bd62811598e2512b37744b0d6df9d3928d37c
애울,하자,영술사,52d6c51e3044ccfec27aed67352ff4e8d1982063313993db3e5c953b8b86ffda
스모커,하자,영술사,5bfdb0063ee320da0efaa138ff0f8132ec477d75deba3277d208f397541dfece
도도요,하자,영술사,425cafd94be9d8cf316915d0a55b7aa097275f2ab152f3278e9faa9927a0fa4c
마너,하자,영술사,a25ee972d6dc799d60aca723b7cd55aa6aff1218317ab7869529f68dfd3c1471
김살,하자,영술사,8faf78f305a1d9ecbce58e10c7e2aaf6e9044edd9e04db620bd630e0596b4a00
바보,하자,차사,cf0f9342fe86487a6fdfccd684f26c82dca6e352d2f8ee58174cf927d8eac4b3
차쪼,하자,차사,5bfdb0063ee320da0efaa138ff0f8132d5cd4fa349c45e6391e842a1ce12254a
마트,하자,차사,365fa6ea4752e7fad2398251762fa58e3b57fd32b10f6214251c05b905aef05f
첫강,하자,차사,226322cd717df97d8fd272eac3cfc4ad153780c1f8651817ce675733e4a4d415
치타,하자,차사,365fa6ea4752e7fad2398251762fa58ef61b2c4d0bd474b0fd4badb9fc6903d2
그대,하자,차사,d9ae21a4479e3ea7375fd6c6da560eac9291fc89c151ccd5fe4de56ec3a37e54
정연,하자,차사,701552bbb305ad3c5b1a0cd5f88fc428241b07e1f22d09411771297425b23629
까칠흔녀,하자,차사,5bfdb0063ee320da0efaa138ff0f8132cbc86c6836bb3f56f95834231989a1d8
흥분함,하자,차사,a25ee972d6dc799d60aca723b7cd55aac134c8a7103a893b7df54137d29973eb
진도준,하자,차사,d1c4676825b4487d58b7b39a2555b2bcbf7c22ddfa78f793e32cf878281782d9
초랑별,하자,살수,a25ee972d6dc799d60aca723b7cd55aabff74351938562ae893705c944beaa3a
쌀쑤,하자,살수,a25ee972d6dc799d60aca723b7cd55aa1f1c47bb85be5ec3cff1a87330aa708f
이계낫,하자,살수,a25ee972d6dc799d60aca723b7cd55aa67f9dee769395f0a90eb008a9d292c66
눈오리,하자,살수,a25ee972d6dc799d60aca723b7cd55aa0176d0ab008171661884a571031825a8
낫살,하자,살수,a25ee972d6dc799d60aca723b7cd55aa67d98642812b4fd69752e3f0a49f154f
옥빛나,하자,살수,a25ee972d6dc799d60aca723b7cd55aaca1acb01c26eceaa1a084a7639474418
살연,하자,살수,a25ee972d6dc799d60aca723b7cd55aaf473baeb405288f8929932c191f20b20
양다연,하자,살수,a25ee972d6dc799d60aca723b7cd55aaf45548ebdfb5adbdb779836af5820649
조교,하자,살수,a25ee972d6dc799d60aca723b7cd55aab93dbd8d8b6645af987a6bdb7d12b09f
서울또로,하자,살수,a25ee972d6dc799d60aca723b7cd55aae92c6d230198099c574d8c3ed555440c
카이엔,호동,전사,7d575176d7031c0196f04e484c30fb273b57fd32b10f6214251c05b905aef05f
반지,호동,전사,7114580465f13a5df0e6f45a857a627cc18d744d2d8e419404fadac1b1532d4b
광휘,호동,전사,2bdf96b88bf3acce5fdaeca39c2fdf136ad7f302027663da265ef3f8f560ab02
더갓,호동,전사,fe2b67647a0bc417aa751347b018cf0b468e3ef4256e5907eb19b13d20847b2e
검귀,호동,전사,c0fb84cd33b078e4a7b1aab222e7c1b248457c64d7fb6d6b26d7b1e493c8dfd6
기백,호동,전사,fe2b67647a0bc417aa751347b018cf0b8909282b05672fbb1cbceac9f149389f
검압,호동,전사,382ad9a535826508362bf7a982f5e5cdcbb3c907f671f81b513c33c9e14b440b
이번,호동,전사,711858d40360a3e16758a0fb53805f7066ee867b91c1807fb37f4cdc8ddec977
괴물,호동,전사,8179ecea786a205195a9ca1f4d7a99d5225de5173308a65f05cfa7f57d3528b5
항일,호동,전사,b966c6736683794d8363a1927d957eed7926a3f1e0879e4ced9eaa4cf9aab68d
재회,호동,도적,f6a43bb87d74cb72f943fa41665cca38c76b9696aebade8f92eadbeda5218289
민지,호동,도적,f0dac4481e49d690a91cc0b841d4cac8135f5e06e83a43b169012ffb6e563771
바보,호동,도적,ddc41e6eb95942105372afe9b0e57f1dde97d3d45f364ab6d9f39e8b07561a77
민수,호동,도적,ef70eb625709f296d263c04bfa2b1049085f7c75619ca1c8b8f612d4276e334b
퓨면,호동,도적,58024d91afadfb7dac73e3e8de258437945d8c4bae3e5606fd0ebb83023c9a0b
월유화,호동,도적,09e5830a68e41d07ace9481515204c17a9095ac89f9c94363a672f18fb20b644
막비,호동,도적,4acef30af1c48efa15ca6043b29a38ec49fec24d1ed9fbf9a78ccb15a1d2d4df
사신,호동,도적,fe2b67647a0bc417aa751347b018cf0bdcfd35801e935e857f51b63db0a8bc7e
리신장인,호동,도적,fd4786803c8d78014adee19d9be5d73c57b3f1f01abf34617eada79cdfa6aa37
반근,호동,도적,83f296c1479fc3978e61cdfbe6680d7852ae58895870d58e62c8e0f0b0185e25
천국의달,호동,주술사,83b466c38fed734e7f628f27539a4ebfc18d744d2d8e419404fadac1b1532d4b
경환,호동,주술사,19a0cb855baff7afd94b73efc441e0039f6204154307839067a415a0e0e77a38
미아,호동,주술사,615e95a4a4c0b7b29c7c6a8961effa8505920d26713513583605a4bd32a2b16d
국밥,호동,주술사,95847edf6ea4ca7bcc874e084f9457775475a5d64f8bde986127c6339cac5779
걍산,호동,주술사,04d6c2dbbdd6cadac8a54a481887393fc18d744d2d8e419404fadac1b1532d4b
낼름,호동,주술사,572de190893c75182556226d0839fb44996b1889808e5ce7dec2bf7a0396209d
윤현우,호동,주술사,efce8b18d08734f45a093797de1315b36a4504a1c68bbc024ae4002fb4b70d1e
탑미르,호동,주술사,63b879669a7acb0da50921c4d50ac8dee63562cd946554730a76e33f367aa7e8
리트머스,호동,주술사,89f59f9eccdc8d12dfdb94efc7ac31afd3d0851ce0e24a5929788e240ea8ad4c
비수,호동,주술사,21d445876563e6aceb61d1db89a02b0b30cd9525bb211ddf780db9e64b122252
악동,호동,도사,cc70af0bb4469fc62ee51a7d3e9fa636db3a458f44e7ba85949eb4746bf75233
케일러,호동,도사,995ad0627bd96f2085046b7da431864cf6a5e1a87d2a2feccca69520975dd670
붉도,호동,도사,d524925e27daa4522feed2556631eda7bf30b7bfaf0cb369c1c65a77149b81b8
뽀얀,호동,도사,d803918cbb7609ab80a11112cf2ae5541db3dacdd901b3bdfd96fceddda43058
다이,호동,도사,dbe3c8794319ee87f8449e87ffa4e5ebfa95aa9463f0f985b2a02fddc8e9948b
리포머,호동,도사,fe2b67647a0bc417aa751347b018cf0b9cc12de57d17b7645c8981bcce98e0d3
스타,호동,도사,c09199bf459a8620608492c2041d9409bba518daffd38cb8ab4b817a0bc73232
금강,호동,도사,e99d2d09788a4a0a3f388dd114b283d2c0903a018cc3bc4b18b538bdfb7b777c
여우,호동,도사,fe2b67647a0bc417aa751347b018cf0baf815ba40a95d2f581a604660064d5fb
채화,호동,도사,b4f0517b679f845ca1e38f411e290146befd54165deedc51a58ff6bb77a5ee18
태풍,호동,궁사,fe2b67647a0bc417aa751347b018cf0b5e5948a9106d920429dd39b214fd0193
대소,호동,궁사,f66f4b76b7c00499a55dfff3e334c9dbc378b51c8a89677fa14e6fde94a782c3
도급,호동,궁사,fe2b67647a0bc417aa751347b018cf0b53839a9a37d7760d0e1f7709f7b9f78d
코데,호동,궁사,fe2b67647a0bc417aa751347b018cf0bed5842728621d88610025bf8935b5799
건총,호동,궁사,9758a0f3f8b6c2ad9cc646b2e2ecf654152a511eca570ca913462d2ea6520124
부산,호동,궁사,3ff25b2650b1737fddd4c76ca68e4988eebb15dae2d6b7c60708c1e83c79662a
여챠,호동,궁사,255be835868cfffa2633eed0ce0e857f25b89eafc72147c8bc69ba0869e8bb13
깜아,호동,궁사,fe2b67647a0bc417aa751347b018cf0b99d450aa51ff99baba119a9bd916c210
로밍,호동,궁사,6f3eeb83fe8e7a119320f654da741667c07e021f0cb2ff15d8c5ce0be09afdd0
궁술,호동,궁사,a9e443e8f06014ce5fa2cac9d313796a85275aea5b2426bb17224395f821108d
긔용,호동,천인,e32c77075f8e17f3c4b32e1b8e626446b06ec6a94b3a2775c82d785f85d1f7fc
소망,호동,천인,9855bec331569a581a652a598b5238667d9b257e7dfd36a8f81adfdd4cf466a4
추노,호동,천인,3e60dc590ea759a6199733a29c10e87eb5e86da3a0586b26ec50503984b1b686
을두지,호동,천인,fe2b67647a0bc417aa751347b018cf0b56230952b93dac3b1289c82f59a38cd4
구마유시,호동,천인,4a8b4c92085ce64f32035bb0bb94f9480acd57e9a4aa998dead705c9008499bc
우쭈쭈시루떡,호동,천인,fe2b67647a0bc417aa751347b018cf0b1e328b4fd7c223f274d48bb5d39bae15
예수,호동,천인,ba7c47c6821383cf348ed3f62ba7423f0773c1ab05023711e65446ce3f7d63bd
천의비상,호동,천인,f47e8942500dc2ec7f6399217a81243613a9787b55dba6b2d8249c803fe4a4df
고위지인,호동,천인,fe2b67647a0bc417aa751347b018cf0b536aad93cc5b79a3bfbe2176782ce0aa
당구광,호동,천인,91fcbfcaa8387f020e860f3e322f0a35aaf53e5693e891423d23084d931d2d97
느좋,호동,마도사,7f40d0886637ce6f5376d1a3a10beed7247ef25c3f7bd6941391fe4a8554f73e
나깅,호동,마도사,9c17b1efa82a4b5fddbf25242e028696435c5765c1cf17437fe76bf2ae9f146c
조드,호동,마도사,255be835868cfffa2633eed0ce0e857fa85e4dd153f74beed0aec254022c4fc7
시시,호동,마도사,fe2b67647a0bc417aa751347b018cf0b06bd6b61853a2648e4d2af825b6d9a41
새봄비,호동,마도사,3cef53f84a71845e00c7d2d3e05aa1da0d13263fbc855faa750f619c93943089
서비,호동,마도사,9c17b1efa82a4b5fddbf25242e02869634958edb6e6dbfa6fd99e7894d16def4
수시,호동,마도사,fe2b67647a0bc417aa751347b018cf0bce13836ccc72e8e02f20a04e5a000b76
나연,호동,마도사,cf6fb352fd1dd83943244f2213fc120a7bc3102d03847eebc6a47015c2feb16d
클리토리스,호동,마도사,fe2b67647a0bc417aa751347b018cf0bc63dc0f0f8ad0fcbaf87bf14136a8dda
개누리,호동,마도사,2bdf62bd17db14f4a55b3bfc0d8a9d20da0ce145dd524f8d85bb56e044d0fa3c
하이용이,호동,영술사,99bc20bccbc557599c371764d17d0ba027c617df14c1dc06dcf9d7364ac25e54
암소,호동,영술사,e2cc049a9cd93f6ba8bfe8d489f5bef65124713110a19d73ac4d65337591b69d
태미,호동,영술사,fe2b67647a0bc417aa751347b018cf0b1477649e2d746e0bd9ce3784028fd73f
아세토코르사,호동,영술사,fe2b67647a0bc417aa751347b018cf0b2da406b7f2bcce70fdfa2e7307c65a90
달빛놀이,호동,영술사,01be8c2aba22a37fa1fc55d3e397f808c732b5de3d5866718bfdef0130098598
영상구,호동,영술사,fe2b67647a0bc417aa751347b018cf0b62850cf4b66676bfe114dadb6d637107
호랑,호동,영술사,d01017e95fbab784a4157cec2c0140db7235c9ece6fdc4edd4d801f543cfef6a
언더워터,호동,영술사,95648289b713b93b0a5c9646ab861dc59a47fd8edd96451044f8289ef139b56a
라료,호동,영술사,d01017e95fbab784a4157cec2c0140dbf472d22138899768806ea2892031ff92
민아원,호동,영술사,fe2b67647a0bc417aa751347b018cf0b92f5e00f79e4643bf8aa9bb2d02b0196
연합,호동,차사,3cef53f84a71845e00c7d2d3e05aa1dab06ec6a94b3a2775c82d785f85d1f7fc
비룡,호동,차사,ae6b1d07f043f19eaa1a004a361dce3a426e24a254e749e905ff809b7abc317c
뚱어,호동,차사,a43f42a3379efec13f5f778f6411e768a08b825a1c9823a87ec8362a0606985b
싸가지없는냔,호동,차사,90b9580318c35c0ef00390af12d36c41e117429012fdd9c391d993383543da8f
검토,호동,차사,fe2b67647a0bc417aa751347b018cf0bb2b279d6c2bc5e3cabc183b38dbda0a9
델타,호동,차사,64d14d069b3b3767a1ed8ee03910ef7212d3df406912581a454aef250cb00124
사천,호동,차사,ddc41e6eb95942105372afe9b0e57f1dbcdc8a6fd85d8a8d7d6f5f1c54f599d5
찡찡,호동,차사,ff790c39b90ff68b908331c7c61dd66b333e45fb93995c41889ea2756f1a3962
파이어에그,호동,차사,1697c9bc366e5324b46ce5a4f8849dbf2874d02fe60db04cef8f682ca01d09e0
지디,호동,차사,3acd76ce4c8fe4505a585e3e045aa21ac73803be4f250591e1a8c33f2cf191f2
에페모,호동,살수,fe2b67647a0bc417aa751347b018cf0b2c7a0c28995f3da94c5b5975fbadf091
투황,호동,살수,fe2b67647a0bc417aa751347b018cf0be0294cb21b440e42000b61f04fe59044
까르보,호동,살수,e57c2880bdfceb545478ce67c4511aeaf8fbc63037746c84b17efc9959769065
살낫,호동,살수,fe2b67647a0bc417aa751347b018cf0b9768c5f13b5dff8f5eef53ece35dc7f8
따람이,호동,살수,fe2b67647a0bc417aa751347b018cf0b2338fd52465a49c0d356123abb8ff944
무심,호동,살수,fe2b67647a0bc417aa751347b018cf0b227ae3ca722cd6d48acc0877f3201f4a
은서빠,호동,살수,fe2b67647a0bc417aa751347b018cf0b1c862c7d3975607be9b5322cbb601df5
우주공,호동,살수,fe2b67647a0bc417aa751347b018cf0b5f4042683b54c2715f7bb48277a61681
살숭,호동,살수,fe2b67647a0bc417aa751347b018cf0b461ba7c6edfc0089e474ab411978a8e2
연옥구겸,호동,살수,fe2b67647a0bc417aa751347b018cf0b938ada80feace250e8cfff10ac381018
늑대,진,전사,05eb2a5a6229ee267e93ab8388364cbf
무기,진,전사,97e3ef842d789a7950ec1f34c9909cdf
김감자,진,전사,33e0f8c57e0f7b0c0ac8f8b7cbceb47c
탕롱돌동,진,전사,1bed48a885df642e7bc9e227b18dc7d2
세인트가드,진,전사,22591e9ef365b89d8202065390b5b2a6
체벌,진,전사,6334741fff5fa0d140a10bd554c30d38
리마수타,진,전사,9d4632e21fe4c8128633201ba9627c82
크루루로룩,진,전사,aaba93aa4f11b7e93dafd4b85068ab7f
지깅,진,전사,97504bb971bc3fee81753326e0f0cb78
크로아상,진,전사,7b77077745474485a8c306a4deb9de87
이별,진,도적,1ce9be6d5698ff9b10458a715d9a0a28
조조,진,도적,256c651dadc5382ad4e125a8bddf9ac4
카토,진,도적,19621aecd16ec8f647ab9f870007577d
총수,진,도적,95f3c8831ec4422b2e630d2b4cb1295a
신디,진,도적,4f2ecfab9e20ef3a5cb5066728d3e587
이매,진,도적,5cc5d2d2d08b13f13265597bfeb2427b
정성,진,도적,3a4a7a19e56dedb3b72f6f99fb754f66
하느미,진,도적,a55e719f3900113d826472112dc8273f
도고적,진,도적,8719f58bb71f9dd182d67979edde0a0f
민첩한대머리,진,도적,645e4ce38b08e71556c4c1b90de26983
시즐,진,주술사,3cc05359fa7e3448ecadce3818261c6a
사신,진,주술사,a4729f3619021bb6351b464b8e9dfe98
헬로방방이,진,주술사,308b97e864b4677696a70685bad18343
김태희,진,주술사,2133685c4cedda3aafa1a372e5637583
패자,진,주술사,1f337763291fc0d048c8b56990ec1ac9
영잼,진,주술사,abbbab2c4cb0e9630ccb153162429982
룽지,진,주술사,e8485875e6767852bf01da9eaae87404
악똥,진,주술사,9b18368a21d64ff838c8251db72bc142
그린비트,진,주술사,a513eec0ded71fc4129255bf8e70ab12
이세계유학파,진,주술사,0aee947aa86e03e9c36dc715b9f6b983
휴지통비우기,진,도사,df52760a0e24be6ff7300ed419c4e8b9
미소,진,도사,c68576f47a60c170cefd65ff0e192d9a
포도,진,도사,db32e0f7377274d3292fc0769605c362
김베리,진,도사,67c101fe32d3ce4376ba26da4b162e3c
파도,진,도사,9f7c5c514246273681e4d0cd3b244558
하나,진,도사,4ebcbea13044c71fe7bbc96311b05c75
우산,진,도사,4a8dc6094d5ed2f577366dd26c70f943
순후추,진,도사,cb0b246e5b54733726355577d296cd88
챔잼,진,도사,aa32c78a20d6f1200a362464ef25a0df
리지아,진,도사,03846f7e5c3aae9b0c9a45a8d0bfd787
질투,진,궁사,e70943738fcd5a552d23d75360fb11c8
황매화,진,궁사,e8f14b9b4f17dcc618bf915020410b04
릴릿궁,진,궁사,847432190cdd77472292d9c5a802e49f
법뚜껑,진,궁사,74298dcc019daa435461ccc4e85ce30b
저격,진,궁사,ed0a02107b8b8d263a3386933480050e
우주,진,궁사,f2753f09bea6dedb79fa2e7d2f00a365
머쉬,진,궁사,854d68f914d6203bfaf7b0f78d7127dd
박꿍사,진,궁사,d850c1dd14e07aa6a8e3f4e12e12b5de
그까이꺼,진,궁사,83df748f04622be310a592dec1c0cd7f
차카니,진,궁사,76c7ff54fc9eec79c7f556ae1e975c90
스탁,진,천인,df92f5f3d187e8d7aea7dc9124d5e17f
황천행,진,천인,9fe1c1a7b1b15230b19be945b2e15fb7
바보야,진,천인,9f42a19178dc8f1d2794b205d5c0b836
천십십사기,진,천인,56f1cc8e7ec7602d25746dbcf8747e58
쏭이,진,천인,634dbcec37d3e3d18c462fd478159521
삽살개,진,천인,db9ba16d053276f6f742b45bcdcf72c5
모나양,진,천인,f1136b77a1347ac7f8fc74a17b87b2e1
마키나,진,천인,d21a5798ad56dac7779f7ebed2da8202
시리피스,진,천인,44589e149c28a22e98e3e4434dd5e726
상무천,진,천인,a118f56d1a930ce89f93f3fb1677111d
블랙,진,마도사,9952d0b3a5ac2c5b9696b15faea79cde
진실,진,마도사,3c94fcbc24f08aa2dbf175ae35d8d9fe
프리,진,마도사,b91af9c6fe61e3ab4813638818909311
김연아존예,진,마도사,fa71f29f8adbf363491dfbf0e71e6f03
메에,진,마도사,3646bdec6f422f36b95bbe168e88e262
네코광폭,진,마도사,2d2913a84c28d89735526f5e778d6e46
마뚜껑,진,마도사,5e9752686e7a204a6c839edb938cbe5b
시리스,진,마도사,5f4713a7c24bff5b21d02b1da42dd6df
아카츠키버프,진,마도사,d8c2be6b2ba8635b3aad747e5137b2e5
버프내놔,진,마도사,02a7d795e30be2a716cd6fd94711ff17
피트,진,영술사,2c44676a8530f375366dfd2c4c7b982c
신주,진,영술사,28692b0ad2b842a17522aac3cffdc9e1
차크라,진,영술사,3ba9921e20fe6846c35fab961bdad0c4
유난,진,영술사,639d613aa0c2a9ed6052839cd59d2889
태구,진,영술사,8a777a0df8fbf4e1544167db4d09166c
의식,진,영술사,535d7c0787f485099945597b93139974
현신,진,영술사,ca3ec6da0f04823eebee837e1547bd8e
사스케,진,영술사,d2b734a1535a8627c02f63b9b91f9ced
귀법,진,영술사,55e2a75a7c6aacd60e2bd854251d200c
일라,진,영술사,2946805632261d0adc8d171c5620cada
죠쓰,진,차사,1d3950898e25288f528ec4817d543cc6
래자,진,차사,25f00aac1c8b380cc92ddaf56b2cd386
당월,진,차사,0ce6706ff052005faaef5774e2ac4408
사신삼,진,차사,e695f16ae5163d977a444fbab31447e5
소수,진,차사,4a1de9a03477b3ee3d6a35914329b38a
깡철,진,차사,618caa21c8068737740dbb59d69962ad
케뽀,진,차사,3820678496bd6fa170acc1e233b98dc2
동계,진,차사,4cde7933f76008da0960db8268f08973
혜카,진,차사,4fd9d670000ddb3bd740d921fa201d63
미아리,진,차사,16c20443664f9968b35557afe2833448
바견아,진,살수,330ccfca97b485c586520813c4f75b65
바나낫,진,살수,58f9e584509ba4a0c58c0c9a6aceff4c
차밍,진,살수,f4f11f7efdee1a3b28778f9a3abf7171
참수,진,살수,22e952387f6673f015254e7e4a0706fa
마피아빈센조,진,살수,1ad77d8888f494dbdc13ed72a2f65c7d
명쾌,진,살수,4ddb4992155bf1f714c82e521118452b
포비츠,진,살수,affadd68e4702940330fc4a12066c984
자체,진,살수,6150114134a3128cddbc2e04376707ec
수고,진,살수,aa954c11cb27fbb4085deea031fd4bde
디귿,진,살수,ce792f03c01cb314c634a3320376b384
