character_name,character_date_create,character_create_type_name,character_class_name,character_nation_name,character_gender,character_exp,character_level,server_name,job,ocid,힘,지력,지혜,건강,민첩,체력치,마력치
포맨,2015-10-18T02:20:37.25Z,캐릭터_일반,전사,부여,M,2.6642123164765604e+18,899,연,전사,d3c2bda905bda4fcdbf9a3b30972a233,1348,497,387,565,720,22731261,4746820
신이내린한분,2008-09-03T10:04:19Z,캐릭터_일반,전사,고구려,M,8588192448074138.0,899,연,전사,6b7a4d4d779c8d55ea92ec4ae0ac14f5efe8d04e6d233bd35cf2fabdeb93fb0d,1228,614,430,523,709,21260856,4957741
바리스타,2016-01-17T00:50:13Z,캐릭터_일반,전사,부여,M,7.269350553065193e+17,899,연,전사,17c7a3a794cceab47d6d4c869a8f7522efe8d04e6d233bd35cf2fabdeb93fb0d,1034,365,334,508,535,15987582,3507709
호불팔,2017-04-10T13:14:06Z,캐릭터_일반,전사,고구려,F,6.066964041577893e+17,899,연,전사,a198e09876905fad8e6a91c18797ced186e68d4012202d0434d05f81868f68e3,1360,568,361,537,725,23877053,4945237
조루,2022-12-21T14:05:28.25Z,캐릭터_일반,전사,부여,M,1.73457590157024e+18,899,연,전사,c1ad15f3ed217b17980cb516231bbdfe46a65b8b6b5e842bb857fbf7b25cabaa,1308,540,371,564,736,28838774,6788312
룬비연,2023-03-03T05:43:32.125Z,캐릭터_일반,전사,부여,F,1.2238811309563914e+18,899,연,전사,6605493618e36bd22d0f8e04a7a2ad0e1c093150d8c67aa37c548653de6720f6,1365,636,425,563,755,24465265,5175968
유하,2021-02-05T18:14:42.5Z,캐릭터_일반,전사,부여,M,5.999974960023136e+17,899,연,전사,7a9e7ff71d6a8994210132cd458e3f6dfd50b3c01f2369579b36389cc90e60b4,1308,488,401,522,710,22149204,4445460
비화,2012-05-22T14:12:21.375Z,캐릭터_일반,전사,부여,M,1.5512129545363487e+18,899,연,전사,ea48e740b189fabb49d38a3f39021c19efe8d04e6d233bd35cf2fabdeb93fb0d,1217,494,365,499,672,21849359,4733351
사탕,2019-07-25T14:26:03.375Z,캐릭터_일반,전사,고구려,M,1.50691974736986e+16,899,연,전사,1c402d0def5ffedfbd225b09f4644de13663933da92e7566c55104ec9ac2894d,1383,537,378,583,756,26872604,6202106
사계절,2022-07-24T10:14:58.875Z,캐릭터_일반,전사,부여,M,1.247409925309644e+18,899,연,전사,68d0e8c6a17eeb87d49e63e252a7b5502c80a75b10a900bae7267f7b22c88765,1334,497,366,560,666,22901628,4652479
긴체,2022-09-20T12:53:05.125Z,캐릭터_일반,도적,고구려,M,3.4556683059629184e+17,899,연,도적,c6e31a4fb353165809d32816bd18e5f0454174e45430f1270b6bf34c891e7d56,689,486,347,520,1253,25817607,5934950
식객,2009-07-05T03:29:11.375Z,캐릭터_일반,도적,고구려,M,1617765165271734.0,899,연,도적,0d6ad201ad1c0b73236bbf5d5814b154,693,481,346,508,1232,22407166,5224683
악동최민혁,2019-03-30T13:15:55.875Z,캐릭터_일반,도적,부여,M,6.300008855826901e+16,899,연,도적,b66e10bada47383dcb4d909ff8aef3b286e68d4012202d0434d05f81868f68e3,808,541,373,527,1261,26730607,6108672
군주,2009-07-23T15:13:03Z,캐릭터_일반,도적,고구려,M,1.9354999184146364e+16,899,연,도적,e98fccecd9068b0fd8505cae509d608befe8d04e6d233bd35cf2fabdeb93fb0d,642,462,341,502,1233,21287699,5061356
신검,2018-01-03T10:12:35.25Z,캐릭터_일반,도적,부여,M,5.608234818509149e+17,899,연,도적,dc56152637609b744af81330e05f0d8cc47ea5ffea2564f587ca830a8f71acb2,704,496,352,510,1323,22369944,5205152
비책,2005-07-23T04:39:44Z,캐릭터_일반,도적,고구려,M,9.650015727264646e+16,899,연,도적,50aa8185ce4e9004077e76ee0f2f947aefe8d04e6d233bd35cf2fabdeb93fb0d,627,462,336,506,1122,17869818,5343975
르결,2016-12-10T00:46:07.375Z,캐릭터_일반,도적,고구려,F,3.587938593240197e+17,899,연,도적,8216912a829e5ba2f1d412cd2a92a5c2c47ea5ffea2564f587ca830a8f71acb2,741,581,361,547,1204,25101129,5404137
패브,2000-12-21T11:53:55Z,캐릭터_일반,도적,고구려,M,2.167847093384125e+16,899,연,도적,846a3f4677004db866d24d5447568a29efe8d04e6d233bd35cf2fabdeb93fb0d,695,563,417,514,1195,20994131,4445965
풍예랑,2003-04-21T00:51:03Z,캐릭터_일반,도적,고구려,M,547578155389354.0,899,연,도적,3d3bd1b7d1e0a8f7e307ed50dce79a12,779,531,382,583,1289,21659885,5032201
험무리,2018-03-13T11:03:37.75Z,캐릭터_일반,도적,부여,M,1732708971993924.0,899,연,도적,e1958038f34326bf02bcab521c8b59a686e68d4012202d0434d05f81868f68e3,726,540,368,520,1215,21210509,4648048
여래,2015-04-10T07:20:41.125Z,캐릭터_일반,주술사,고구려,F,6.500979781363164e+17,899,연,주술사,2bc62c887d0d5d4306cbc21dc08e9a93efe8d04e6d233bd35cf2fabdeb93fb0d,530,1234,540,371,701,9715960,11240186
특명접수,2019-08-19T09:03:13Z,캐릭터_일반,주술사,부여,M,7.573236912766244e+17,899,연,주술사,62b486cd347b3144f2298332f5962fe7fd842dab14be2a956555625b37c97bff,537,1360,509,362,628,11884191,11760790
라임초,2009-11-26T09:22:57Z,캐릭터_일반,주술사,고구려,M,8.868263542492813e+17,899,연,주술사,5fbeea0561bfcdcb83b967748ac7965aefe8d04e6d233bd35cf2fabdeb93fb0d,573,1237,582,398,716,9617117,10882686
대설령,2023-01-11T11:39:08.375Z,캐릭터_일반,주술사,부여,M,2470519716726211.0,899,연,주술사,7a530f90bc3a48e7be9db3a5a3e2b87e2da93d5c29221676a4f60204ae56aeef,409,1002,499,332,520,5647398,6078389
장미,2022-11-16T12:29:21.875Z,캐릭터_일반,주술사,고구려,M,1.239777718204547e+18,899,연,주술사,61a17fb11453a0f2d27fc8ee91bdc0ca05ba2700bb342426ae6b1920c32d3e85,528,1258,555,384,608,10872773,11188906
바태식,2023-11-20T10:20:38.375Z,캐릭터_일반,주술사,고구려,M,1.563026292417442e+17,899,연,주술사,91634323686dd9109f49eb7209b4191d1ef93588062ec11a1c7cd54f458134fa,496,1221,525,329,617,11057957,10717383
한방,2001-04-04T08:57:22Z,캐릭터_일반,주술사,부여,F,3183754422481883.0,899,연,주술사,f936e53832955f750ed3ed95ffe446fcefe8d04e6d233bd35cf2fabdeb93fb0d,541,1304,587,386,757,12466426,15647608
슈퍼타워,2015-12-18T11:15:04.375Z,캐릭터_일반,주술사,고구려,M,1.953317338640925e+16,899,연,주술사,ecd65071231fa5ee7717f445fef7c5edefe8d04e6d233bd35cf2fabdeb93fb0d,508,1244,540,382,678,9730277,11107529
타코,2022-11-27T13:45:53.625Z,캐릭터_일반,주술사,부여,M,2.8823102244749388e+16,899,연,주술사,b63eaafcdf89b266ca9771035b727af3d87665458318d481cf47ec2512ed4917,444,1159,506,337,613,8864044,10712236
토끼당,2012-12-20T12:15:05.625Z,캐릭터_일반,주술사,고구려,M,2.201745094373392e+16,899,연,주술사,cba36a7e502b65c06e7eecb5269aef46,533,1211,569,406,679,10662003,11637514
정령,2013-07-20T04:53:03Z,캐릭터_일반,도사,부여,M,6.304083406096577e+17,899,연,도사,38aa751daab7644ff20124a8308c0a94efe8d04e6d233bd35cf2fabdeb93fb0d,614,749,1068,557,568,9214162,11216709
냠심,2019-08-24T08:58:43.75Z,캐릭터_일반,도사,고구려,F,5.983710965054668e+16,899,연,도사,c1b67b69f713e4ff0ae7908373f47e304723574b05820acf03e7ec3162ff5bed,543,766,1069,548,553,9409367,11150539
그븐,2018-06-11T02:40:57.5Z,캐릭터_일반,도사,부여,M,381681491172393.0,899,연,도사,35a2676fbb2deb6e7a8cea8691142a16fd842dab14be2a956555625b37c97bff,567,708,1040,514,535,10215081,8438202
율시,2006-11-21T09:05:29Z,캐릭터_일반,도사,고구려,M,613993546685429.0,899,연,도사,fac72f54bc1f31a324d1863dfa0872b8efe8d04e6d233bd35cf2fabdeb93fb0d,474,614,1017,534,463,8390617,8854715
미초바,2005-03-09T12:10:27Z,캐릭터_일반,도사,부여,F,7.130130501651112e+17,899,연,도사,9ebf8b7157660e0630ab84e4db70d993,571,683,1053,539,578,10774974,10948105
주황색,2008-11-07T10:06:52Z,캐릭터_일반,도사,부여,M,6.170604627809644e+17,899,연,도사,c87cb5b724c71962beff87fc5f7bf9e0efe8d04e6d233bd35cf2fabdeb93fb0d,544,688,1060,562,534,9657259,10961704
휴린,2021-05-08T13:03:38.625Z,캐릭터_일반,도사,고구려,F,1.4712315376209302e+17,899,연,도사,0fd0c4aeaddd23fdd96ed777c5141656ee20e3c0428da3fc7dab0b059ad05b02,615,762,1008,578,541,11480785,14103950
상담,2004-09-28T18:03:35Z,캐릭터_일반,도사,부여,M,2.66058282674456e+18,899,연,도사,e80e27b0f49034c72a5c85bb3a68c4c5efe8d04e6d233bd35cf2fabdeb93fb0d,497,696,1051,522,488,8796856,11287575
우웅,2019-09-29T00:04:22.125Z,캐릭터_일반,도사,부여,M,1.0461281733976726e+18,899,연,도사,d26814be5531f7b03ee556d39e76510ffd842dab14be2a956555625b37c97bff,467,677,1056,536,459,8761245,10356412
귀문킬러,2006-10-04T13:26:06Z,캐릭터_일반,도사,부여,M,4.607313145683026e+16,899,연,도사,4769eced31668d5b0333eabb3146ef7aefe8d04e6d233bd35cf2fabdeb93fb0d,486,647,976,514,490,9780042,11383955
정리,2024-05-19T13:04:17.625Z,캐릭터_일반,궁사,부여,M,3.073897863838176e+17,899,연,궁사,eb0b3d6e54b3da7f8c033defaa96b01bbf233c14caef05126d9450b92f31a21d,732,506,368,509,1246,27512924,5931292
빈지노,2015-02-02T10:11:20.375Z,캐릭터_일반,궁사,부여,M,1.0530000751901594e+18,899,연,궁사,563c3d345017f177876212e1b6e378dbefe8d04e6d233bd35cf2fabdeb93fb0d,776,520,351,535,1297,25350993,5094494
김망붕,2009-05-28T21:07:52.5Z,캐릭터_일반,궁사,부여,M,1.0502944279204048e+16,899,연,궁사,d8f2a5d3c915cc611cba581b1e73613cefe8d04e6d233bd35cf2fabdeb93fb0d,708,504,331,522,1247,22103489,5094550
설마,2012-04-27T16:12:22.75Z,캐릭터_일반,궁사,고구려,M,2.2289211499918964e+16,899,연,궁사,c115580988d69a3db3f5931d3495ecd0efe8d04e6d233bd35cf2fabdeb93fb0d,642,469,412,504,1150,19665017,4404094
세련,2017-12-27T10:38:00.625Z,캐릭터_일반,궁사,부여,F,2.3215704970889264e+17,899,연,궁사,f5c96748bf0f7e75d7b05858a3149d718295750b1f4857867454debc45ec9c8a,697,565,385,507,1372,20142298,4373798
연우,2020-01-07T11:15:38.875Z,캐릭터_일반,궁사,고구려,M,5.0639263493539896e+16,899,연,궁사,cd0760e0ac1cd5a6127c4ca940406809aae77432709819edb959e1fd5d1d77b4,648,472,340,530,1234,20376678,4784571
마크,2023-08-05T06:00:17.875Z,캐릭터_일반,궁사,부여,M,332362338559720.0,899,연,궁사,f982ccacf175dbf4ebb2861d571c5905bb189cd87cb2829fbfcc092210b551a6,716,499,354,525,1231,22378453,5284506
착송,2022-12-23T17:09:12.875Z,캐릭터_일반,궁사,고구려,M,3.536263615752767e+16,899,연,궁사,38c0ffe8b0d32a138616e009f2d2e92a8bd883fbc13e757dd9c58e84decaf6e5,664,456,349,484,1196,20145194,4685000
비화이,2022-12-21T16:22:13.875Z,캐릭터_일반,궁사,고구려,M,4.875231356480356e+17,899,연,궁사,840530afc8d5c014c28889246f0592c98f63c2350f51a64c61992fb5f2c6008c,637,490,321,489,1151,20153317,4477693
쏜당,2023-02-11T13:25:50.125Z,캐릭터_일반,궁사,부여,M,2.5495493631771e+16,899,연,궁사,41db9f2e849b91b4522b13596ae0e7190ec8fa2d7ca87c6b387e478ba6588b86,753,456,362,565,1213,22706655,5121813
반지,2003-01-31T20:07:26Z,캐릭터_일반,주술사,고구려,M,4294967295.0,99,연,천인,37e3e5e21c4d5f85d1e4a3724b02756f,46,125,52,36,62,657137,954947
광휘,2008-09-13T12:56:58Z,캐릭터_일반,도적,고구려,F,228499966624.0,532,연,천인,5c13523872aa668110e22c08fa5bf74eefe8d04e6d233bd35cf2fabdeb93fb0d,302,180,180,268,554,2824880,20119
검귀,2024-06-10T05:03:05Z,캐릭터_일반,천인,부여,M,2.695308613756957e+17,858,연,천인,df05513ed0d4519feea958bf0a5a7683bf233c14caef05126d9450b92f31a21d,610,1020,470,313,426,9977525,8186413
이번,2013-12-22T00:30:12.5Z,캐릭터_일반,주술사,고구려,M,34267554675802.0,740,연,천인,7be71c69934116649effc6b0998a451cefe8d04e6d233bd35cf2fabdeb93fb0d,337,859,401,250,498,5352386,4665407
괴물,,캐릭터_일반,천인,고구려,M,286902033.0,630,연,천인,d48330ecf9744bb57187cb15efdc8e33,355,685,336,232,256,1892467,1912630
느좋,2024-10-03T16:32:38.61Z,캐릭터_일반,도사,,M,,1,연,마도사,545359b584d7bbaafbcbd81f33c315362c80a75b10a900bae7267f7b22c88765,3,3,3,3,3,49,33
시시,,캐릭터_일반,도사,고구려,F,4544890733.0,544,연,마도사,36f511cce49a0ecd3afc57849c8ba983,175,192,3,3,175,1897608,1908470
서비,,캐릭터_일반,전사,고구려,M,80282595.0,510,연,마도사,66287c60f8349dba4c88a40d9d32c6e7efe8d04e6d233bd35cf2fabdeb93fb0d,145,150,3,3,150,2780516,482454
나연,2017-04-21T23:52:02.625Z,캐릭터_일반,주술사,고구려,M,1.0214317953816547e+17,899,연,마도사,a90f4092bb9dda27d14450566baae6214723574b05820acf03e7ec3162ff5bed,529,1206,576,388,667,9074154,10577153
호랑,2006-07-24T16:27:36Z,캐릭터_일반,궁사,고구려,M,1.1794241808533573e+18,898,연,영술사,73b336b2df54c08baf7d155d17de677eefe8d04e6d233bd35cf2fabdeb93fb0d,678,442,340,484,1116,19566676,4928097
연합,2025-01-27T05:48:43.625Z,캐릭터_일반,차사,고구려,M,4.140429190284748e+17,810,연,차사,d9690646060cd60c8f757345eb4613c826bbb1153700a9b857f046dce582b327,574,452,345,489,963,14560612,1523160
비룡,2024-07-11T04:46:06.5Z,캐릭터_일반,차사,고구려,M,9.054625371702355e+16,856,연,차사,504a44dbeabf92b8eaafab2b703ece47a9095ac89f9c94363a672f18fb20b644,743,479,359,479,1111,19437787,4746268
척곤,2020-05-31T12:57:37.375Z,캐릭터_일반,전사,고구려,M,1.5708578173493663e+18,899,무휼,전사,a9828c58581756794020940a795ac583744f8665c0f46d782101e43b22fc6a95,1217,474,344,496,657,22729222,4946422
성심,2007-11-24T23:46:06Z,캐릭터_일반,전사,고구려,M,4.698510347831044e+17,899,무휼,전사,7e5af631932eea5cbacff61907c85abb88de902d347d3238816ade4d024798b9,1172,482,326,488,708,22456452,4967576
묻더,2009-11-16T02:42:53Z,캐릭터_일반,전사,고구려,M,3.112984606480919e+17,899,무휼,전사,224beb7eccbb414278342e3595bbac459dc2468fa6a44afad93b0682f1132ca0,1242,521,417,544,685,23222119,4886676
또준,2014-09-11T18:40:41.25Z,캐릭터_일반,전사,부여,M,5.938831571558659e+16,888,무휼,전사,c76d578e8c47f4ae95a1467e3987cc388bd883fbc13e757dd9c58e84decaf6e5,1158,469,346,512,653,19496492,4279695
연민성,2023-09-14T14:37:55.125Z,캐릭터_일반,전사,부여,M,4.056342165552859e+16,888,무휼,전사,3be94812736195b91bcc3bc826166058ea7c1d356bf726ea6434cb608de205c7,1193,451,370,493,662,20655503,4644146
채굴왕혁이,2020-02-22T02:34:02.25Z,캐릭터_일반,전사,고구려,F,10180399801533.0,830,무휼,전사,222edd388b374b62c2f478cef92b7df9befd54165deedc51a58ff6bb77a5ee18,1141,458,319,458,618,18338416,4742508
벚꽃,2014-02-20T12:45:40Z,캐릭터_일반,전사,고구려,F,1.338233235415886e+17,837,무휼,전사,6649dd249fd9e5b57ab13ef6bf4230e76fbb98200a15be5bcc73a64995849e9c,1105,462,367,496,630,20045811,4880208
무사의검기,2003-05-08T05:50:07Z,캐릭터_일반,전사,고구려,M,1.2849968472021858e+17,818,무휼,전사,1919c3d373a87bcf4c70d6dd05dde24e5175320715f501e34f071ef47caa74ac,1113,438,300,502,626,15905461,4524976
강수성,2024-09-15T06:09:57.125Z,캐릭터_일반,전사,부여,M,1566619832456885.0,817,무휼,전사,3be94812736195b91bcc3bc82616605847b293988cca26a39554c463455bfe88,956,404,338,477,556,13042437,3622382
린룽,2017-12-27T07:16:28.25Z,캐릭터_일반,전사,부여,M,5.817077154242902e+16,815,무휼,전사,9847ec267385b4d7178704408673ed622f0ce1c254a7892be3855230dff531f1,1160,452,333,498,618,18024537,4691981
강수세미,2022-12-27T09:15:59.375Z,캐릭터_일반,도적,부여,M,2.360878386875918e+17,899,무휼,도적,3be94812736195b91bcc3bc826166058680331e3e35c60b0d1bf00c815e05955,645,468,343,499,1151,20113150,4751615
사신,2016-06-24T02:01:04.75Z,캐릭터_일반,도적,고구려,M,2.238536023372754e+16,899,무휼,도적,a6b3f2a8239fe63c471e72b75889db10c73803be4f250591e1a8c33f2cf191f2,679,532,357,526,1193,25097035,5476877
머니넘조아,2003-01-02T10:05:56Z,캐릭터_일반,도적,부여,M,9567044794076836.0,899,무휼,도적,cea3efa72234ef624c109abcf2ef94eb804ec41b968ad24f49fe8dbc6aded16f,669,523,334,523,1139,21804488,4963089
테라,2005-12-30T17:09:56Z,캐릭터_일반,도적,고구려,M,1.7437123098277686e+17,899,무휼,도적,7ed76b1d4fc369b5b0719af107c3b1f1e19d72da277665010cfbed89d2ae443b,679,490,344,515,1213,23375870,5443705
영혼,2004-09-28T17:55:33Z,캐릭터_일반,도적,고구려,M,2.957437234855774e+17,898,무휼,도적,32a83927827a6adbb65ed52982b58f9cd74597df79e65eb0e762e8a7d848447e,742,516,342,528,1199,22128595,4912996
불커,2002-08-22T05:52:32Z,캐릭터_일반,도적,고구려,M,7.586573498080795e+16,894,무휼,도적,26774dbae72b7e062e8e0079708b2c8dcd4f387f417f538930eaf558d44956fe,672,514,360,557,1170,18092489,4611630
유원지,2003-05-19T02:02:20Z,캐릭터_일반,도적,고구려,M,2.6519257362787523e+17,867,무휼,도적,79f43ed4e68b03c6ffeb1e6f2924d5bf4da58b52531dba53d0bce3a93b78d7c5,675,481,349,527,1160,17847714,4395948
미스,2004-09-28T17:18:06Z,캐릭터_일반,도적,부여,M,16507378866142.0,863,무휼,도적,38441da553014f720a9145492482a29e285b9373074b35ab510ac56899968390,686,506,390,495,1192,19229115,4860619
역전,2005-08-05T07:41:11Z,캐릭터_일반,도적,고구려,M,2660412104581320.0,859,무휼,도적,909e4a1454bee79f2d33d3df7305fce8c87713a390fc39cd3ce4bda4c14d7a1c,647,473,323,481,1121,17721852,4746485
로로,2020-05-14T18:13:39.25Z,캐릭터_일반,도적,고구려,M,7.934903580509955e+17,857,무휼,도적,3dd96c3a072017151e51163b1985523cda85c981e6f6c70048f960f3aa75b57f,661,457,319,515,1180,20968188,5231169
염병대마왕,2003-01-14T13:12:20Z,캐릭터_일반,주술사,고구려,M,330055248773131.0,899,무휼,주술사,8955c646754c7c83e6ad590f085c9fecadf35062f1ac1f3de2c07ccfe0d30942,480,1225,542,364,654,9622113,10230066
아세르비스,2010-03-24T17:19:35.375Z,캐릭터_일반,주술사,고구려,F,3494813526688639.0,899,무휼,주술사,c27c037e6834c68bf34939e4b7fbc5582c80a75b10a900bae7267f7b22c88765,385,1009,477,320,556,6853829,8655289
들호,2001-09-30T13:02:08Z,캐릭터_일반,주술사,부여,M,5.779849558590181e+17,899,무휼,주술사,700ee9549d95d38cba3c70ecb68bfc4304a92ab23a95a82a2e98e9c3db87507c,504,1348,495,349,669,9677137,10395260
앨브,2003-03-16T04:07:54Z,캐릭터_일반,주술사,부여,F,1.416321789957102e+16,899,무휼,주술사,07202a165e9dbc3dc56101c8f30d6c24e221eb359c7f40f8ae500e9f112ae201,533,1241,535,351,697,9949539,11516080
기포기,2019-08-30T16:13:03.625Z,캐릭터_일반,주술사,부여,F,1.145938666858766e+18,899,무휼,주술사,8d802ca3e529848e84ae6865343afcaabec7474032a45ed478659ded5568b8f3,544,1296,567,422,658,10732106,12005886
시기,2017-11-14T21:26:06.625Z,캐릭터_일반,주술사,고구려,F,7142196788150926.0,895,무휼,주술사,5a2ac51fe2e0f394a925f5c45bd5669679db86a84b5f676822184a876a9cfbcc,450,1148,531,367,616,8959523,9203063
체리,2008-10-07T15:13:35Z,캐릭터_일반,주술사,부여,F,7.895848221119826e+16,891,무휼,주술사,3d647a8be37dd844ad0c74e1801f9e2228ff9685cfc119839fcc341613e04501,456,1198,476,321,624,9331917,10945352
방아깨비,2004-09-28T10:51:22Z,캐릭터_일반,주술사,부여,M,2.3446850865164404e+16,890,무휼,주술사,2871f3d79eb9d112c5c75d02a8282514c2f0c5ca839e232980a1ea598fb0fe0e,481,1294,544,373,729,9504299,10116090
낭락,2010-07-04T03:05:15.375Z,캐릭터_일반,주술사,부여,F,171826192161646.0,890,무휼,주술사,c209ed5a25fd364fac21ca202f60706a28ff9685cfc119839fcc341613e04501,491,1222,501,360,609,9655879,10233892
차무식,2008-12-29T14:00:08Z,캐릭터_일반,주술사,부여,F,3.038997748602014e+16,899,무휼,주술사,a0b57a178e7e14dcc697b7efcdd4728f5b0bf2c50406f4718ab7e60195194222,589,1264,507,361,687,8149252,10076257
겨울,2020-08-02T11:10:40.25Z,캐릭터_일반,도사,부여,F,3.2221271695556704e+17,899,무휼,도사,93f14cc891a0a9be00da899905c59bf0f23b180acff70a792079407d613c8e3c,539,777,1023,559,538,11667333,11860634
쑤피,2020-05-18T14:58:31.75Z,캐릭터_일반,도사,고구려,F,1.8172549041092824e+16,899,무휼,도사,5fdb216ef4b11ffceeb13b0646c359fa93168c65821ed1beee14d5c9b29492fd,504,734,1014,497,489,9140898,10374204
적화,2004-03-18T22:09:42Z,캐릭터_일반,도사,고구려,F,2.5768735019812045e+18,899,무휼,도사,9eece397ba6d8a44ebaaa9ceb47cb70f16640f133349997ef9d9176312435c54,442,631,987,501,462,9103202,10338281
포터,2001-03-31T11:07:28Z,캐릭터_일반,도사,부여,M,6945183990601.0,896,무휼,도사,468ef448c7327dc3f49a10c106408209e811f5ec2471d767341141652a5ddbee,377,570,995,532,399,5997925,7154343
천사얌,2010-07-14T03:23:07.125Z,캐릭터_일반,도사,부여,F,7462762370034330.0,894,무휼,도사,d0444571cd71d1f5afc1d8f3e3037cc94256e674f51067bf31b7b0a280b2b318,503,659,973,490,456,9456191,9829006
시치미,2002-08-22T01:20:08Z,캐릭터_일반,도사,고구려,F,2387211073507107.0,892,무휼,도사,37258263f41ed7b9bd4e74cf0755d25e8f63c2350f51a64c61992fb5f2c6008c,440,732,990,508,484,9580636,10314731
미인이다,2013-02-06T12:19:22Z,캐릭터_일반,도사,부여,F,8234528646742094.0,874,무휼,도사,8d92af8eb234721ff7c4eac4fd97e3e0db044692f1d171178b0bff0e7f98a558,462,650,972,517,470,8786115,9202168
영원,2023-10-27T10:37:57.375Z,캐릭터_일반,도사,고구려,M,4360404656365886.5,873,무휼,도사,3be94812736195b91bcc3bc826166058ad1e3732c52609589cd9047e27c9f776,493,632,953,504,474,10202618,9793799
광택,2008-09-15T11:12:30Z,캐릭터_일반,도사,고구려,M,6.757689660846748e+16,862,무휼,도사,7cc85e7d23ed7dfadbf6298f3f2faaee15a88269cdcfae63f9d800e5b2679a00,469,628,979,507,462,8650664,9161475
조광,2003-03-08T04:08:24Z,캐릭터_일반,도사,부여,F,1.5822557598304074e+17,861,무휼,도사,298d3631632c562cf2e996f98818521a88a892b6020f4cd162661debbf10edd0,443,616,946,532,435,8986814,9316876
찐함,2011-05-08T12:22:57.875Z,캐릭터_일반,궁사,부여,M,4.103244267555109e+17,899,무휼,궁사,64d92b713e471e336b0143b36876fbcb2874d02fe60db04cef8f682ca01d09e0,794,604,388,541,1335,26579007,5595835
상금,2015-11-07T13:08:52Z,캐릭터_일반,궁사,고구려,M,4.100931726854278e+16,899,무휼,궁사,472d82904bddce8671a1f763d87baf162697b3e9e0a270b9eeecc686c04ecfe0,700,489,367,514,1180,23602080,5161744
룡궁,2005-01-29T05:24:40Z,캐릭터_일반,궁사,고구려,M,4.597138718998275e+17,887,무휼,궁사,b2e9c732ab70662686356af68bb9c9b9ec03378eac3163afc82a0bb139d2d564,711,466,332,508,1145,21079512,4171103
한나,2009-08-07T02:39:32.5Z,캐릭터_일반,궁사,고구려,F,2.602474305792974e+16,879,무휼,궁사,79755c460bc729691bfe83b0da25f68f5755d58a067c18cb4877199099d6f64e,693,455,335,507,1183,19875717,4488275
리츠,2024-04-14T16:23:16.875Z,캐릭터_일반,궁사,부여,M,3.732595858238404e+16,871,무휼,궁사,3be94812736195b91bcc3bc826166058f1d80c4b56ac86621460cabd9580915c,671,497,364,516,1180,18845438,4657359
벽리,2006-03-07T10:06:31Z,캐릭터_일반,궁사,부여,M,1.575873736699154e+17,861,무휼,궁사,6c1b3a0400ead7941c338484b76e35cbe0e9bc1c0abb522e3b6c28a3679b5b1a,647,474,365,513,1088,17258874,4346642
헛지,2009-12-10T01:37:23.875Z,캐릭터_일반,궁사,부여,M,7865773272897115.0,859,무휼,궁사,b0513e5239634cc0299cd6ae2c5808ceaf3c67bec2c8976c611a76dd794327c6,666,438,317,483,1106,17068513,3739638
칸로지,2023-11-22T12:36:53.125Z,캐릭터_일반,궁사,부여,F,1.2797724801833676e+16,820,무휼,궁사,3be94812736195b91bcc3bc826166058cd9ccdbc47629f53e1a73e502358e4fa,611,409,301,445,1039,16948525,4362926
유소망,2011-07-22T13:23:11.625Z,캐릭터_일반,궁사,고구려,F,2.236279454780387e+16,812,무휼,궁사,f003a3b12e09ee62f0f1604a21f687963c3b6387e1baf6e7144b719f291c6812,593,406,298,473,1023,16433998,4136885
설경구,2024-12-18T07:20:40.125Z,캐릭터_일반,궁사,부여,M,1.938600243324728e+18,811,무휼,궁사,3be94812736195b91bcc3bc8261660584922fae541b6f43db0960eb489616248,606,383,313,427,934,12959215,3760525
장동건,2014-10-07T14:23:05.75Z,캐릭터_일반,천인,고구려,M,3.435641140844577e+18,899,무휼,천인,f5c7c2de093f397e3131242eea5e4ec49c4668c7065013d153fe7263e63c041c,724,1143,495,345,557,10353662,8559029
하지마하지마,2013-03-05T00:22:39.25Z,캐릭터_일반,천인,고구려,M,2.51085576101107e+18,899,무휼,천인,c3990e60a8ce23ab527f2f61202fa667c131e9de8b295af0d26bb298e91da305,731,1128,535,347,522,11131381,9396902
천리스타,2015-08-08T05:43:16.125Z,캐릭터_일반,천인,고구려,F,4.287899391356393e+16,899,무휼,천인,2ae1bef72be4aadccfb8b1a8ab463b669b9c42154fefd7b366d8f5c4affbebf8,707,1129,519,363,555,11026516,9173183
연투,2018-12-23T06:14:23.375Z,캐릭터_일반,천인,부여,M,8.830199968503141e+17,899,무휼,천인,bc2e94d5e6cf7869c2486e141e035f1c59e228811fec59855e09edf5c79db85f,737,1127,511,416,514,11456566,9879842
반요이누야샤,2013-06-14T03:19:22.5Z,캐릭터_일반,천인,고구려,F,3108185385011166.0,887,무휼,천인,a7d30fa990ef1c9283200de00dd0b697630a5affea3ab61e251f69b860a055ff,668,1090,495,370,499,11399818,9664827
밥도둑,2014-02-14T13:46:57.125Z,캐릭터_일반,천인,부여,M,8.357025468836851e+17,886,무휼,천인,2b1a6a8051fe1a5b2feba4e2be2d022f8295750b1f4857867454debc45ec9c8a,697,1144,504,333,507,14431458,8531847
때리지마라염,2015-08-06T13:15:36.875Z,캐릭터_일반,천인,고구려,F,1.1107434236983104e+18,864,무휼,천인,84c4073d8d60afe64d7bd61d9d2230d285275aea5b2426bb17224395f821108d,679,1133,554,350,497,10563383,9362174
원지원지,2012-04-21T05:57:37.25Z,캐릭터_일반,천인,부여,M,1.0991646282880435e+17,863,무휼,천인,bf6827a0519022d8b8ee9166f17cd659262ad2410c168a1a6ea914ca2fc792b9,613,1079,524,387,458,8867488,7341047
훔뱌,2014-07-27T06:40:13.375Z,캐릭터_일반,천인,고구려,M,4124511660490400.0,856,무휼,천인,78597d325893870d73875b0f9865f1bafd842dab14be2a956555625b37c97bff,702,1111,546,338,495,16505990,8668797
애라찡,2015-10-04T10:44:41.875Z,캐릭터_일반,천인,고구려,F,5.093021272885065e+17,841,무휼,천인,902482be57301a278156a70c44aa91217af71c9a4c74607ea8967b6724b47d93,568,1028,465,319,454,9219559,8195525
꽃블리,2016-12-01T17:01:19.75Z,캐릭터_일반,마도사,부여,F,5014593988977829.0,881,무휼,마도사,a25aadfe0bdffde99c4809358f17de4671c94507011f02c594a92cf9fa14bd4a,556,1230,602,373,800,10155613,8519723
기퍼,2021-01-21T03:56:59.375Z,캐릭터_일반,마도사,고구려,F,4.203662070648345e+17,872,무휼,마도사,3be94812736195b91bcc3bc82616605859cdf6ee4404ab1280ff9988b3ad2a67,498,1185,487,369,649,8629448,9472379
머니넘레이드,2020-08-17T13:59:23Z,캐릭터_일반,마도사,고구려,F,1465282260943404.0,865,무휼,마도사,ff5ca042942aba26e6e17f6ffd2be231448c19e31eea651442972a58d78276ec,440,1114,490,347,611,8698920,9564336
참새와독수리,2016-07-08T04:37:48.875Z,캐릭터_일반,마도사,고구려,M,1.019595562780245e+16,847,무휼,마도사,a691dc6e0c7a0254042dfe436eec527a71678b0e9a6ad93e065520d4186e7637,517,1148,529,355,659,9649052,10548993
루놀,2016-07-07T16:44:30.625Z,캐릭터_일반,마도사,고구려,M,3.03654795568629e+17,832,무휼,마도사,a691dc6e0c7a0254042dfe436eec527ad9071fb5fee736b238ae71496aaf03ec,442,1131,481,314,580,9114915,8444010
능강,2024-08-09T11:26:44.625Z,캐릭터_일반,마도사,고구려,F,1.1682393928284772e+16,823,무휼,마도사,3be94812736195b91bcc3bc826166058dd00002086cd6fee05598cd3358286eb,462,1116,469,333,637,8855154,9099784
심보늬,2016-07-07T13:58:28Z,캐릭터_일반,마도사,부여,F,1.3506211207556754e+17,822,무휼,마도사,a691dc6e0c7a0254042dfe436eec527ab4922bbd67f8ea6d5a7c8c4f0ced459d,415,1104,515,369,625,7946451,8163751
마도포기,2019-12-31T21:54:50.5Z,캐릭터_일반,마도사,부여,F,2.4821472466904445e+17,820,무휼,마도사,91465fe6f30ecaa51597aa2cfefa02c36f6e4fa117200fbc95eea9863b0d5f96,461,1114,451,323,578,9832931,8587750
데탑,2017-11-07T11:25:00.875Z,캐릭터_일반,마도사,고구려,F,18352374581615.0,815,무휼,마도사,5a2ac51fe2e0f394a925f5c45bd566968ea0409b5f1afa3b4cb04e0f21f5ed5a,427,1083,471,316,556,8638266,8627371
폐인,2016-07-25T13:36:45.5Z,캐릭터_일반,마도사,고구려,M,6.0464347412180296e+16,814,무휼,마도사,a529b8342fbf40da3ef992ab10fed8d39bbca414833aa18b2eb56d2bb9fba68f,384,1062,455,320,558,8903610,8241475
유이설,2020-07-20T14:32:11.5Z,캐릭터_일반,영술사,부여,F,1.782298784134866e+16,899,무휼,영술사,47170b1e901116231f1e3ce62695294a762c1196c5b3535b1e5d35d92763b093,474,1201,529,363,653,9575375,10159655
진레이니아,2019-12-31T17:06:22.375Z,캐릭터_일반,영술사,고구려,F,1.558005931023568e+16,899,무휼,영술사,91465fe6f30ecaa51597aa2cfefa02c38efa681c745f4ac47dea1a67e1322615,481,1197,522,354,657,9609344,11476371
으으,2018-12-21T00:31:53.5Z,캐릭터_일반,영술사,고구려,F,8.064984556838352e+16,899,무휼,영술사,50f7e3da3c884ce7dcab112cbf158007b588a2c661cd658cf99ebfd533d49ca7,485,1144,515,337,636,8712773,10960457
자라,2018-07-19T06:26:26.875Z,캐릭터_일반,영술사,부여,M,127654578324786.0,862,무휼,영술사,e9812cc82ba121fa31b2401ae8227c9b15dfbef77b4c815773be4018e05c77ed,478,1212,466,313,606,10291692,10452121
곱네,2018-07-19T06:19:44.5Z,캐릭터_일반,영술사,고구려,F,108690984886645.0,850,무휼,영술사,e9812cc82ba121fa31b2401ae8227c9b077a48ff97d8a053efa79c02a5072523,459,1059,505,318,605,8433346,7476917
가봉,2020-02-24T14:31:43.5Z,캐릭터_일반,영술사,부여,M,44584556614655.0,835,무휼,영술사,222edd388b374b62c2f478cef92b7df9a9d73423c22dd7cac4654497702f6361,364,995,453,306,527,5310223,5268788
철쭉,2019-07-31T11:20:35.875Z,캐릭터_일반,영술사,부여,F,1.3910040373177213e+17,824,무휼,영술사,a0be38b3781c8706b4be7a82764e145a6a8f93343f990ba26ebeae318af30153,469,1054,500,332,574,8435522,8987356
핑꾸퐁,2018-07-19T08:18:29.625Z,캐릭터_일반,영술사,부여,F,4.066918744850197e+17,824,무휼,영술사,e9812cc82ba121fa31b2401ae8227c9b48457c64d7fb6d6b26d7b1e493c8dfd6,459,1066,493,315,588,8906788,8895661
기어,2018-12-20T14:24:46.5Z,캐릭터_일반,영술사,부여,M,3.578714533866248e+16,821,무휼,영술사,50f7e3da3c884ce7dcab112cbf158007312727ca9735a9bcb2e2437ba46af81e,450,1100,440,314,565,9093205,8609089
쏘우,,캐릭터_일반,영술사,부여,F,2.0253785526079503e+18,820,무휼,영술사,65295b1e4871442d71a81b0ef69d561c3b57fd32b10f6214251c05b905aef05f,379,1048,456,292,534,8040545,8360750
신라,2018-08-16T06:07:56Z,캐릭터_일반,차사,고구려,M,8.505555887502304e+17,899,무휼,차사,78651642972b397fe20646cc408c9457cbc86c6836bb3f56f95834231989a1d8,771,493,371,539,1180,21593801,4373834
미문랑,2018-09-19T15:50:06.875Z,캐릭터_일반,차사,부여,M,1.9668304184386592e+17,899,무휼,차사,2cbacc66aea48586d445375d1c98883ab593c413915dcc03a207adb702c1a8ec,768,497,330,488,1175,22672260,4505649
섹차,2018-08-18T14:11:30.625Z,캐릭터_일반,차사,부여,M,1.1285549782123866e+17,889,무휼,차사,5aa91de7452aaa04908f735e7bfbcdbb7adf5741edcbacaa8de08d7d7a2efce6,742,521,385,520,1276,24693017,5067293
흑령만년원귀,2019-04-24T14:27:33.125Z,캐릭터_일반,차사,고구려,F,2.190584083409009e+16,864,무휼,차사,f8ce9fc39c64ac0da6d67f79095611c41e1687070fdaf0269d958ec3e1d06939,644,410,362,511,1072,17699398,3954803
아레투사,2018-08-16T10:06:06.75Z,캐릭터_일반,차사,부여,F,120543628960478.0,864,무휼,차사,7a15fa20e870691f84286ef8c128e54489d90475ec312cff21b7d0899e08e8cc,634,445,317,492,1093,20148492,4037316
아랑,2018-12-23T12:33:51.25Z,캐릭터_일반,차사,고구려,M,7.72609596958917e+17,837,무휼,차사,bc2e94d5e6cf7869c2486e141e035f1c1922239bc6b168b78795d1dcbbd736f3,621,434,322,468,1063,19359466,4451438
핑쿠퐁,2018-08-16T05:32:33.375Z,캐릭터_일반,차사,부여,M,5.504496395746285e+16,837,무휼,차사,78651642972b397fe20646cc408c945778f7176406f5b549b2a9cb5c2fdcf1af,624,485,434,486,1081,18333818,4494879
데여,2018-08-16T05:19:16.25Z,캐릭터_일반,차사,고구려,M,470685039833569.0,830,무휼,차사,78651642972b397fe20646cc408c9457aba03e10656b5f5437f926b7e65de056,609,420,310,469,1037,19601735,4565749
꼬추,2018-10-31T08:28:58.75Z,캐릭터_일반,차사,고구려,M,7690470119093.0,830,무휼,차사,e576b30602faf19bfa627ba82ea733ff5d4979c2daafd0eeb47936944df0cc3c,487,329,282,439,878,9405404,2521545
히바리,2019-01-12T00:10:18.625Z,캐릭터_일반,차사,고구려,M,3.0284001669982675e+17,821,무휼,차사,e21cd59b787733bdc0c9d6a25837d4d01f894935ca4e6bb1de4efd919b227633,591,447,370,523,1035,16112215,4218645
겸존,2021-12-22T19:26:51.5Z,캐릭터_일반,살수,부여,M,3384236281240855.0,899,무휼,살수,3be94812736195b91bcc3bc8261660582cc254a675f0196fb4e22bd80802c873,1273,503,357,506,785,22937058,5538786
퐁크핑,2022-01-01T15:35:52Z,캐릭터_일반,살수,고구려,F,1.432024284623519e+17,858,무휼,살수,3be94812736195b91bcc3bc826166058a8a9cf38bec0644ebe4c5007305d5a08,1162,491,427,577,694,18700007,4418872
앤드류테이트,2023-09-08T10:07:43.625Z,캐릭터_일반,살수,고구려,M,1151480625592908.0,826,무휼,살수,3be94812736195b91bcc3bc826166058fd90560589e7c63639cf781532863938,1009,345,297,441,507,16401592,3613369
쫄지마쫄지마,2021-12-22T11:26:36Z,캐릭터_일반,살수,고구려,M,3.164560287737911e+17,828,무휼,살수,3be94812736195b91bcc3bc826166058e51fb9973e2c17cf910f81ccbb0c1299,1026,399,292,435,575,15856600,3983842
짜여,2021-12-22T10:12:45.625Z,캐릭터_일반,살수,고구려,F,5404896445269309.0,817,무휼,살수,3be94812736195b91bcc3bc826166058d2d840e66f046fc6476e56399119fde1,1016,398,300,441,565,15204857,4430429
키눌,2021-12-23T05:01:53.375Z,캐릭터_일반,살수,고구려,F,1.3578312353096776e+16,813,무휼,살수,3be94812736195b91bcc3bc826166058b632295a22bac06f4826c11a34536ce8,1117,406,291,448,628,14387702,4030014
에일로이,2021-12-23T06:30:17.375Z,캐릭터_일반,살수,부여,M,1057146766984240.0,810,무휼,살수,3be94812736195b91bcc3bc82616605871c12197daa2c515abf05a05a640d6cd,1050,470,332,466,627,17135735,4521750
박미혜사랑해,2024-04-21T05:18:23.875Z,캐릭터_일반,살수,부여,M,7.000457077724845e+16,810,무휼,살수,3be94812736195b91bcc3bc826166058eaf331796600ada8c72c645643b688ce,976,425,303,449,611,13541823,3954800
클롬,2023-08-24T17:23:52.625Z,캐릭터_일반,살수,부여,F,9.5366476164908e+17,809,무휼,살수,3be94812736195b91bcc3bc826166058dad7124d45488448ddc683dc4aabdf6c,1075,421,302,476,584,15679615,4126181
힝겸,2021-12-22T05:21:30Z,캐릭터_일반,살수,고구려,F,1.4702729783753366e+17,808,무휼,살수,3be94812736195b91bcc3bc826166058a2753b9bb17497ee458c54a0db7a3371,970,445,324,470,587,15142749,4795601
리듬,2004-09-28T22:07:55Z,캐릭터_일반,전사,부여,M,1.565655046542568e+18,899,유리,전사,1408aa551ee8cd71c4abb1edd8594daac47ea5ffea2564f587ca830a8f71acb2,1312,532,352,515,731,25833689,5432306
아야짱,2016-01-28T16:06:59.75Z,캐릭터_일반,전사,고구려,F,184344696721034.0,899,유리,전사,2fb58f8ad4aefbf8aee5f8be16ace772aae77432709819edb959e1fd5d1d77b4,1212,516,395,539,711,21778979,4771033
팬더,2010-12-08T00:34:10.625Z,캐릭터_일반,전사,고구려,M,2.953155891686658e+18,899,유리,전사,a19e918c7ad9a401beaea09c55806caad63a5a325db8fafce5f1ce5bbc2bcc9f,1252,500,357,499,694,24550043,5197837
산냥이,2011-12-06T07:57:20.75Z,캐릭터_일반,전사,고구려,F,2.4707405042793564e+18,899,유리,전사,c35ff7536089928a874a9e652d7e504f88d2005e52f22091028a50e909f648bd,1260,508,338,512,710,21862301,4727557
다마,2011-08-17T09:33:09.125Z,캐릭터_일반,전사,고구려,M,1.1192710716150122e+17,887,유리,전사,8299e7106df9de3b155207cf84c4c5d32cfe742d1c4e2aff62757ad6138020b7,1176,521,360,534,681,19750328,4468890
고리의도시,2018-11-24T08:17:56.375Z,캐릭터_일반,전사,고구려,F,1.928521691441498e+18,879,유리,전사,c6cd261b85bec98650e6e6f6552616152d8a31889eeae1cd74b598a1d559d189,1145,492,394,512,674,20528272,4307447
애니,2005-08-10T10:48:19Z,캐릭터_일반,전사,부여,M,3.5658495660017108e+16,875,유리,전사,13c3621bc5f9662a3a54e32842fcd07cf010c724ac34fd2bf446afaa979c1330,920,311,300,445,457,13188139,2964042
쌍칼,2005-03-10T06:53:22Z,캐릭터_일반,전사,고구려,M,84993278140474.0,864,유리,전사,0d77e1b5741ca9633e8a9739f4a153545133251b15f2faf3f68acf93492ddfc1,1177,534,399,495,661,17229365,4983793
경환,2004-12-24T14:24:07Z,캐릭터_일반,전사,부여,M,2.571394428773497e+18,884,유리,전사,9b11f4fa64c2661dede328082a45be22fa95aa9463f0f985b2a02fddc8e9948b,1133,481,364,530,656,20549912,3920698
난동,2022-05-26T20:25:26.625Z,캐릭터_일반,전사,부여,M,3.3069040689064154e+17,839,유리,전사,8539794a0d45cb494ae006e185475ceea9daa0725e7c0b1841718a5420a77202,1061,427,316,460,593,17942691,4375283
싸이코,2001-07-16T05:07:19Z,캐릭터_일반,도적,부여,M,2.7851444460150016e+16,899,유리,도적,7f71958330a7f9ba9a494f354b469191cf9edf72d2cfc20d9a1e29904442bc0e,633,455,341,498,1143,19435064,5263824
젠틀,2013-05-07T10:09:50.875Z,캐릭터_일반,도적,고구려,M,2.4685068503542354e+18,899,유리,도적,dd0ec5491b10bae7effcf3af06e27ccd09136a7c8dc2ff6d6886b20b5189de3d,748,475,383,518,1252,22079697,5268708
임프,2009-01-18T08:05:25Z,캐릭터_일반,도적,부여,M,1.628614363882715e+17,899,유리,도적,d0e96aaba17353a495de3b1d39df8f1af3903ca952c4d7f2c6f0fac1e60c9513,689,469,346,503,1206,19624205,4468393
교당,2020-08-02T15:52:10.625Z,캐릭터_일반,도적,부여,M,2.1034727648241704e+16,899,유리,도적,c2c8365e6b9a91413dbb8d253b469ca9d3924419b2036ed235c39e5a30c38abc,708,479,331,501,1258,20657733,4711580
제독,2010-11-01T03:48:11.375Z,캐릭터_일반,도적,부여,M,1.5750192484300058e+18,896,유리,도적,63942461e24f8f21eb1c84cc10beab4ef577de2c8bdd0682cd8268cbe3f7f79f,680,509,379,515,1159,18570538,4502487
블루,2005-01-09T00:39:08Z,캐릭터_일반,도적,부여,F,4.594723514572256e+17,894,유리,도적,83e06f0eb5ae83f07f55c1463dba92a62c80a75b10a900bae7267f7b22c88765,694,501,358,525,1202,19736182,4603245
금천지인패,2010-01-17T04:31:58Z,캐릭터_일반,도적,고구려,M,43288764221440.0,881,유리,도적,e7d38255f099cbf44fa26090a5619c05a11b78a5d9673c3b41f95c158caab67e,630,463,390,566,1102,17481009,5047663
민지,2007-12-24T11:05:41Z,캐릭터_일반,도적,고구려,M,1.7214530655303602e+16,874,유리,도적,bfeb49bb50e5c72efa5f019ba00a876a28590c0d61512ca9fb28dc8d192920c7,630,478,336,474,1176,18835516,4831324
작은향,2006-06-24T09:23:08Z,캐릭터_일반,도적,부여,F,3.921734514217336e+16,872,유리,도적,ed62bbbe5c02905a362f19385323b485f4adf7c2a031c83569d02215f741b6ad,665,532,397,474,1238,18767370,4899940
술퍼,2023-01-10T13:47:19.375Z,캐릭터_일반,도적,부여,M,5406183077683751.0,871,유리,도적,8539794a0d45cb494ae006e185475cee6a1d1aeba26edd7d8aa67a7bff33580e,664,491,368,519,1114,20047745,5245478
자두,2004-09-21T03:32:37Z,캐릭터_일반,주술사,부여,M,1.577944262135751e+18,899,유리,주술사,3cc4677ba0d25b4733f50f4487ab9db5b906646a9983b188b4170c096927bcc1,503,1297,544,369,658,11522242,11456886
강산,2021-08-09T13:27:16Z,캐릭터_일반,주술사,부여,M,2.9584028702677023e+18,899,유리,주술사,8539794a0d45cb494ae006e185475cee35dacb1bd07330e1aafd08d74967b71e,530,1288,530,384,677,12455659,11291944
날때,2022-03-09T09:42:28.75Z,캐릭터_일반,주술사,고구려,M,8.566472473766506e+16,899,유리,주술사,8539794a0d45cb494ae006e185475cee0df96e86035f2b1985a57da79b15394a,510,1132,520,343,591,9022181,9533214
츠카,2022-05-26T01:45:25Z,캐릭터_일반,주술사,고구려,M,1.2190046685792634e+17,899,유리,주술사,8539794a0d45cb494ae006e185475ceee116711dda58ef9af058b2360e2ae415,572,1276,622,418,723,11742825,11863194
에로,2017-07-10T09:21:11.875Z,캐릭터_일반,주술사,고구려,M,5683982276639016.0,899,유리,주술사,5b2359733bc77b14945c900be5dd74bbf30a494b4d7deed1568555225d4465ab,463,1215,495,338,609,10162988,10496954
회상,2013-02-11T08:02:04.5Z,캐릭터_일반,주술사,부여,M,1.187574332179318e+17,899,유리,주술사,959039f8b1b7f4a38abe54a293c4c544033c572904d19c382d0151afa1e59d12,456,1239,505,335,609,9529506,10402355
핵터,2010-12-08T05:12:04.75Z,캐릭터_일반,주술사,고구려,M,1.871184306747611e+18,899,유리,주술사,91d95e44c61225dd881826abd66e404ebf233c14caef05126d9450b92f31a21d,550,1182,561,382,712,9702631,12294138
사과,2024-03-06T14:21:17.75Z,캐릭터_일반,주술사,부여,M,8.459481813659837e+17,899,유리,주술사,8539794a0d45cb494ae006e185475cee2bcbcaea86a6c71bd51d9c4bb36cc7c7,558,1221,525,373,721,9891537,10631581
수장,2021-01-28T08:39:19.625Z,캐릭터_일반,주술사,부여,F,1.7473447075545715e+18,899,유리,주술사,8539794a0d45cb494ae006e185475ceeabe07d99dde62d03e44865b710a5ce0c,545,1323,533,360,675,10220920,11113028
구구단김세정,2005-09-10T09:35:30Z,캐릭터_일반,주술사,고구려,M,1.4248983191883816e+16,899,유리,주술사,8d871a7df4833ae3239114c4246e5aeef7ffe0d70b8cb6b1a039b20b226c450b,570,1206,601,352,706,10749216,10912903
만두,2007-02-07T06:58:56Z,캐릭터_일반,도사,부여,F,3.079639442619609e+17,899,유리,도사,1fd49fe13dda49d06b973583a5c25789b5e86da3a0586b26ec50503984b1b686,565,696,992,514,545,9562463,10688783
허니,2016-02-15T14:13:27.75Z,캐릭터_일반,도사,부여,F,4.6665812362606304e+17,899,유리,도사,89a072a2ca5d55d763b2c67d1cd0f5596befdff1fdd9f17c961398e59dc40453,523,823,1084,552,560,10774786,11680635
키스,2009-07-08T03:12:23.25Z,캐릭터_일반,도사,고구려,F,3.081258869453362e+17,899,유리,도사,6d37c733e4786be35c6197addc1f7f8013a9787b55dba6b2d8249c803fe4a4df,477,770,1053,550,464,10425888,11140086
루루,2015-12-16T14:05:35.625Z,캐릭터_일반,도사,부여,F,2.945676025942298e+16,899,유리,도사,3cd258090f520e65b19a4a8cd3282143364efbf8b23d26b35c58ea19edcf1249,434,597,950,480,459,8997318,10943864
영원,2005-07-24T08:12:53Z,캐릭터_일반,도사,부여,F,3.2536861100518388e+16,899,유리,도사,4720d8734f50ef0b2f6376057e4d71cf90407ab55f49c9cc7b4173890a9e9357,518,630,1006,521,488,9164758,10123445
요정,2008-09-11T13:35:17Z,캐릭터_일반,도사,고구려,F,1.7778895228933604e+16,899,유리,도사,f2078566f34aaccbaced0208b9c835892581e028b0495c51f3249775b110d725,453,854,1069,547,493,9881093,11503530
뽀야,2003-03-23T02:48:08Z,캐릭터_일반,도사,부여,F,4.885757429747931e+17,899,유리,도사,c2a9d69dd1acd2bfe5ebc8dd68e644809e967dd20b873b4ac3625fe271a3a90e,487,689,1034,505,492,8728206,10498287
필드,2014-01-17T03:08:31.375Z,캐릭터_일반,도사,고구려,F,1.742583408421828e+16,899,유리,도사,55bd4570c623d129c7c2dfdd1690d4233a66d016f48ae151db6f6fde93d9a4d7,511,728,1013,518,505,9097979,10502211
빈끼,2022-05-27T12:34:12.75Z,캐릭터_일반,도사,고구려,F,3601547982413299.0,889,유리,도사,8539794a0d45cb494ae006e185475ceea6866ea5c82503451b2001eb6eb132f6,462,619,1007,505,538,9425807,9198167
와인,2012-01-13T00:28:47.5Z,캐릭터_일반,궁사,부여,M,463028698133133.0,899,유리,궁사,1dad503581bb339b4c199551a9747714475e1813d3efb55b90bdf82b91ca6243,721,492,397,531,1248,23822940,5272750
라라,2006-11-06T10:03:59Z,캐릭터_일반,궁사,부여,M,4.741178018381434e+16,899,유리,궁사,ea863392cef2470a9ce54a2471f0cac9230ad48f7fe594baad1d643c41912392,722,487,388,546,1295,22040192,4912151
우유,2023-11-20T08:09:55.125Z,캐릭터_일반,궁사,부여,M,8040687904633077.0,899,유리,궁사,8539794a0d45cb494ae006e185475cee79fc636299ee6f27a8e0e1a56304c758,671,511,366,509,1229,23091705,5160580
한조,2023-04-25T09:41:13.25Z,캐릭터_일반,궁사,고구려,M,9.883778519659492e+17,899,유리,궁사,8539794a0d45cb494ae006e185475cee93bffea025472292e1951d11c6028924,673,434,341,508,1281,21944741,5134115
라면,2018-07-23T12:46:12.75Z,캐릭터_일반,궁사,부여,M,1.4897441845419323e+18,899,유리,궁사,139fb79ec0468e1ea2d97072b714343c09136a7c8dc2ff6d6886b20b5189de3d,693,515,349,562,1214,21716929,4530555
조그맨,2023-08-20T18:03:04.875Z,캐릭터_일반,궁사,고구려,M,1.4847032985070968e+16,898,유리,궁사,8539794a0d45cb494ae006e185475cee97d4b36b8434f6ee3c64b1cd8fd0d6d5,701,477,358,508,1232,18801551,4979279
동도나나나,2008-01-15T09:15:55Z,캐릭터_일반,궁사,부여,F,1.2638332385403182e+18,876,유리,궁사,d5aacd48b86c1b3a777c090a12775ff01c930304f276f5aed366f8dd3987e733,670,516,377,554,1169,18561077,4424149
궁수,2018-12-20T16:35:41Z,캐릭터_일반,궁사,고구려,M,5937481109306976.0,869,유리,궁사,1baf90d2f73b74347ca09f21987247c31c462397426aa006bbafbf7340208231,600,451,339,508,1133,18304513,4340741
연사,2024-09-10T14:09:20.125Z,캐릭터_일반,궁사,고구려,M,2.277110266146142e+16,867,유리,궁사,8539794a0d45cb494ae006e185475cee013d8dd9dc90e3239511b6302540364b,590,429,306,467,1122,18897659,4422233
토게,2023-01-24T15:32:22.875Z,캐릭터_일반,궁사,부여,M,7634496485412726.0,867,유리,궁사,8539794a0d45cb494ae006e185475ceee64d6e4bc3b2774790a89b3050a0ff2b,592,447,346,499,1077,16627389,4389003
검도,2011-07-21T16:16:34.875Z,캐릭터_일반,천인,부여,M,2038830546988992.8,899,유리,천인,9c876c54a69edc7e662a4de11531f1d46145781ee4ddfb11309b9fdc4ab43e66,876,1200,512,401,602,12667632,10626838
뽀뽀,2015-03-31T22:53:58Z,캐릭터_일반,천인,고구려,F,5.468381051517599e+16,899,유리,천인,5c6722ecf718352c63235bceec3c45221c093150d8c67aa37c548653de6720f6,648,1058,489,337,445,10772634,8701500
잭스,2017-12-15T19:47:37.75Z,캐릭터_일반,천인,고구려,M,1.1773872194922605e+17,899,유리,천인,2f7f5cd62e781aa614402b7b4d9e293c9095cf942cf4d7f812ccc4a618980cee,550,999,494,318,387,7348470,7328001
아리,2018-06-30T21:49:32.625Z,캐릭터_일반,천인,고구려,F,1099511281194571.0,899,유리,천인,f88660003af10967b78b9211162b138cc7a6bb2e2ee9005b92722f6c8b4a6afd,644,1186,528,350,528,10220729,8848651
악동,2022-06-01T16:24:01.625Z,캐릭터_일반,천인,고구려,M,7751358404309266.0,892,유리,천인,8539794a0d45cb494ae006e185475cee9e15a2d597c34f02d21f3f4b63ecf896,706,1110,502,335,507,11378530,8917412
릴리,2011-07-23T10:49:56.125Z,캐릭터_일반,천인,고구려,F,1.4885158907440096e+16,882,유리,천인,b260bfa238cade60ee0a5023e4242ab569f3a16ccbcc3b9f817648dd8f6e4106,736,1148,514,349,492,11264069,9340260
체리,2012-08-23T16:56:21.125Z,캐릭터_일반,천인,부여,F,6.19168953578288e+16,880,유리,천인,62bda9e0f867e083385919f25f2d52e2bba518daffd38cb8ab4b817a0bc73232,692,1175,489,316,489,9920550,8828736
예토,2015-08-08T12:10:24.125Z,캐릭터_일반,천인,부여,M,1.5624808020597765e+18,875,유리,천인,2af4c0385884ddd333bf69251baaabc2a645ec2bbb07d2971d777da25f2c16f9,741,1111,539,397,490,10081940,8039744
칵텔,2015-11-19T06:26:15.25Z,캐릭터_일반,천인,부여,F,1.380367358113495e+18,869,유리,천인,a6b0302dae63da7ad28891b7c8bf0d9b98a16dd66191baec8ff0d2da333893a1,648,1100,543,349,469,10179556,8124378
설매,2011-07-21T11:03:19.25Z,캐릭터_일반,천인,고구려,M,9.067264035794524e+17,869,유리,천인,9584a7ea0f3d8aa25232ee1adcea9ec547084fc333275cb5eaea709a8f54bc15,648,1140,530,356,464,9922608,8235682
이별,2016-07-14T13:00:54.125Z,캐릭터_일반,마도사,고구려,M,1.7037038465155338e+17,899,유리,마도사,bd3208a1e7df5e5d9bb2264699fea22cea95158b54a6dcb4cd7e585fc15e1272,574,1341,576,394,679,11689564,12204853
청록마녀,2017-11-22T06:25:04.5Z,캐릭터_일반,마도사,고구려,F,4.769978733094367e+16,884,유리,마도사,59e1def347afff3e35a77cf833026f4f7fe30577cd06cec03806b041c1293227,444,1099,480,340,609,8512887,9714718
신라라실,2018-12-20T11:44:14.75Z,캐릭터_일반,마도사,고구려,M,1.6174672041338176e+17,866,유리,마도사,1baf90d2f73b74347ca09f21987247c3851164f966b295d680e5ea0902c4764b,438,1025,478,308,537,9299410,9786234
달디,2016-08-31T03:50:04.125Z,캐릭터_일반,마도사,고구려,F,4.717269202725938e+17,853,유리,마도사,96fa5e903d6dde5aa1e12caed603ddfaa8929ff288c9076d5d830ae54480fa84,404,1079,477,349,609,8238351,8185461
내일도달려,2018-01-29T02:43:15.5Z,캐릭터_일반,마도사,부여,M,5.49904145773489e+16,835,유리,마도사,0a2defb9a982b9f2ea73d8008c2f35d88d85f1244b8c43dc9b0ce6eec2be501d,451,999,461,334,580,10202064,7301602
해골,2016-11-16T03:05:34.375Z,캐릭터_일반,마도사,고구려,M,5.181143212470997e+16,833,유리,마도사,600759e6033742fffb6c3ce708a39b6bca7371ebf83e50bf454b75e80269b639,391,1023,503,305,558,8729769,8244734
자동,2018-01-17T05:33:13.875Z,캐릭터_일반,마도사,고구려,M,1.8920406585512576e+17,833,유리,마도사,be43e4e8ad4b88efba4ee12417adebddfb208e63f9e94ec3d2325187928a9342,443,1071,511,325,609,8672602,8817596
마릭,2016-07-07T07:17:01.125Z,캐릭터_일반,마도사,부여,F,3948132449616808.0,829,유리,마도사,4f1627bd60a89d49403190bd2bd755c3f1e64a86cb9f2ce2af048a6254e9d2a8,474,1088,461,325,640,8421559,8561338
변이빵빵,2017-01-27T15:56:49.625Z,캐릭터_일반,마도사,고구려,M,8.284530911660522e+16,823,유리,마도사,1d37deeccf2ac86fa0cfa91d631c6c67db3658531256d3758d0fd8b24c387516,394,1034,443,291,579,8123025,6977052
여름,2022-10-22T16:15:00.625Z,캐릭터_일반,마도사,고구려,F,960706224070652.0,822,유리,마도사,8539794a0d45cb494ae006e185475ceefd3a728e39ff6d7adc8329ec6f82a19d,385,1018,493,320,539,9435631,8927963
제트,2018-08-02T03:49:05.875Z,캐릭터_일반,영술사,부여,M,3.0427507409219085e+17,899,유리,영술사,6dc6c01119f936b1eeb510f75840dd5283523ad5ad07f701a3b60c0c51cc7e70,573,1327,543,375,709,12877894,12928744
로포피,2023-05-05T04:32:34.125Z,캐릭터_일반,영술사,부여,F,1.3009411243134488e+16,897,유리,영술사,8539794a0d45cb494ae006e185475cee48b32aaf130f51ba1c73e282c0104771,594,1241,543,370,699,10621897,11491981
다니,2024-03-18T11:45:55.25Z,캐릭터_일반,영술사,부여,M,7.317005252060253e+17,881,유리,영술사,8539794a0d45cb494ae006e185475cee834c79af472556165ce1e98ecd647019,486,1135,487,349,643,9691109,10431171
청록신녀,2020-01-01T00:43:58.375Z,캐릭터_일반,영술사,고구려,F,3270786653429751.0,866,유리,영술사,5c8fb7faa8198412a60fa7c52342be55962d17f45bacb7e4a5cb96596abe5914,454,1113,491,350,600,8325764,9801425
광양,2018-07-19T06:07:13.375Z,캐릭터_일반,영술사,부여,M,1.3844514456481203e+18,865,유리,영술사,2e25a7b673c0a3f9022f7647c607f64d2139c06a3a6f06ab3654bff0c396b1c4,468,1119,527,358,598,8973731,9905965
쌈바디,2019-12-07T04:09:52.625Z,캐릭터_일반,영술사,부여,M,6152606343264866.0,861,유리,영술사,d03105b9bb8e110002fb4c0a75d4112debbc8bbf88793e9d6d9e1bc0a4eb7893,411,1077,538,396,593,8816698,9251120
서채,2023-01-08T20:08:26.75Z,캐릭터_일반,영술사,부여,F,194436939938668.0,849,유리,영술사,8539794a0d45cb494ae006e185475ceed6becc90db529fe30e7fb278e9cecd97,454,1048,482,343,596,8778312,8703908
우주인,2018-07-19T11:44:09.25Z,캐릭터_일반,영술사,고구려,M,1880800889071243.2,847,유리,영술사,2e25a7b673c0a3f9022f7647c607f64dbcfdab81030536184f71c161f790621f,497,1117,488,365,603,9060071,10008512
복귀한청풍,2018-07-27T12:03:48.625Z,캐릭터_일반,영술사,부여,M,3.49159148645346e+17,841,유리,영술사,d7f60b11a43251be5b556fa66bdc74cb1901e69dbb3b8344a1e22ef2c4379e85,470,1082,479,321,593,9546735,9650603
바니,2018-07-26T15:27:25.875Z,캐릭터_일반,영술사,고구려,F,4256509185855149.0,837,유리,영술사,d7f60b11a43251be5b556fa66bdc74cbea95158b54a6dcb4cd7e585fc15e1272,463,1061,498,341,603,7931143,8498200
별빛,2018-08-20T12:44:46.125Z,캐릭터_일반,차사,고구려,M,6.402289448624712e+17,899,유리,차사,9cecece548742af21e37a1984e3495f84255fd3f9d1dbe8f9eacb82d23f899c5,790,482,387,500,1190,22711561,4672670
흑승,2018-08-16T12:31:33.125Z,캐릭터_일반,차사,고구려,M,1.2326059339695848e+17,899,유리,차사,2ad80d685b4dbd77636c0a70804bbea71a34e314b70f507dae0c61593b84aa0d,724,447,356,568,1150,22700897,4738369
순수,2018-08-16T13:22:03.625Z,캐릭터_일반,차사,부여,F,1.1647172851936787e+17,899,유리,차사,2ad80d685b4dbd77636c0a70804bbea761c5e01fbf49e57b5c1281a646ff3813,685,460,367,495,1192,22333985,4463171
현실,2018-10-27T16:46:48.875Z,캐릭터_일반,차사,고구려,F,110938313680527.0,898,유리,차사,1ebccdef2f3e446bdf33b1803620bcf721fea11c509c426d0aef786bc288bf5a,776,477,337,489,1124,23035409,4473041
울산너구리,2018-08-22T13:15:47.375Z,캐릭터_일반,차사,부여,F,1.390953778365033e+18,891,유리,차사,f47709ceebd0c969db87ee00f52822b5cb7818535ad5657143fafa1356bc2bd8,796,463,362,544,1125,22052599,4838869
리븐,2018-10-01T14:07:21Z,캐릭터_일반,차사,고구려,M,1.1250140642153212e+18,888,유리,차사,d8e6f86446c08040ffa9c51e29537c1927c617df14c1dc06dcf9d7364ac25e54,638,520,392,526,1087,19404215,4515791
힐미,2019-01-14T07:25:30Z,캐릭터_일반,차사,고구려,M,5.327393676427254e+17,876,유리,차사,09175c422326b370b8953b7bc967475e0ab67cf585100935455b3c5cd2472de3,727,488,406,509,1176,19656450,4449949
귀신,2023-12-07T04:40:18Z,캐릭터_일반,차사,고구려,M,2.74536208250036e+18,855,유리,차사,8539794a0d45cb494ae006e185475cee64858a1aac39163f2f632eba07393aa0,643,474,348,496,1072,18390912,4337708
저저저,2021-01-23T13:15:22.875Z,캐릭터_일반,차사,부여,M,8.990431858954755e+17,830,유리,차사,8539794a0d45cb494ae006e185475ceeae28c9a4957f7b1a9871db640ee675f4,712,508,332,455,1051,18270477,4739885
진프로,2018-12-23T05:36:41.25Z,캐릭터_일반,차사,부여,M,9617255131830128.0,831,유리,차사,58a482ee53dce455a5d92b889e5e443663cbcf7e4427148eb8509c713dc6e25f,625,411,325,468,1034,16226350,4255055
냐옹,2021-12-22T03:29:25.75Z,캐릭터_일반,살수,부여,F,6.918355847146594e+16,899,유리,살수,8539794a0d45cb494ae006e185475cee1703d306c774f8e8b36b47645afa2c3c,1192,500,341,530,713,19963530,4858017
행님,2022-10-19T16:18:01.375Z,캐릭터_일반,살수,부여,M,71057819292782.0,894,유리,살수,8539794a0d45cb494ae006e185475cee307c649e082063cbd06040bba0a780a7,1176,479,334,510,689,18958666,4572761
외쳐,2022-12-03T23:44:47.375Z,캐릭터_일반,살수,고구려,M,5.918627870561055e+17,842,유리,살수,8539794a0d45cb494ae006e185475ceea32a76aebc4f07f116c04bad9e8a8870,1039,444,298,457,587,16072741,4378495
유스케,2023-12-09T09:49:25.25Z,캐릭터_일반,살수,부여,M,1.5153352457777984e+17,820,유리,살수,8539794a0d45cb494ae006e185475cee789891449430aea55870512838242e30,988,469,348,505,567,15959407,4498072
조로,2021-12-23T03:36:40.875Z,캐릭터_일반,살수,고구려,M,1.0733671146423587e+17,812,유리,살수,8539794a0d45cb494ae006e185475ceed3931f9211eefae64f9a4aa14c1cb706,995,378,284,429,534,13826262,3828067
용암,2021-12-22T08:52:02.375Z,캐릭터_일반,살수,부여,M,510309514811055.0,810,유리,살수,8539794a0d45cb494ae006e185475ceedf2a618bcc5bce1e2b08593f26333a6f,968,390,328,437,521,14482988,4082906
샤이,2022-04-22T00:14:43.75Z,캐릭터_일반,살수,고구려,M,1.2886868532209546e+16,847,유리,살수,8539794a0d45cb494ae006e185475cee5291d648aff3a125c8d035f3c6ab0162,1085,415,318,457,622,19444034,4216185
보리보리쌀밥,2024-08-17T13:25:26.5Z,캐릭터_일반,살수,부여,M,2.134536264075852e+17,807,유리,살수,8539794a0d45cb494ae006e185475cee0bc032b69328fc8a756ee98e8f5018e9,940,397,315,474,560,13814440,3923305
보스,2023-09-08T13:37:42.125Z,캐릭터_일반,살수,고구려,M,224258627404714.0,806,유리,살수,8539794a0d45cb494ae006e185475ceef7d08fed30920fee566dbd728a2fccb8,1190,492,304,461,654,15921066,4696016
훈남,2022-04-17T03:26:37.625Z,캐릭터_일반,살수,고구려,M,5.534615422428113e+16,807,유리,살수,8539794a0d45cb494ae006e185475cee9be9339b9f8a671fb9497b9a04c0a808,999,392,305,448,658,14300326,4009257
비폭,2011-07-15T13:36:11.375Z,캐릭터_일반,전사,고구려,M,1.0862856881689286e+18,899,하자,전사,35cb2b03fe957cfa5d37d9397a81f88e2657e6e7d859688c0815e67088e80e9d,1318,520,344,521,729,23489760,5073804
쉬프터,2005-02-07T15:12:18Z,캐릭터_일반,전사,고구려,M,1.4679874278442864e+17,899,하자,전사,88f9652617285a7d54ffbadddf96cf75454174e45430f1270b6bf34c891e7d56,1127,480,355,499,614,21086913,4306367
새벽,2012-05-02T10:06:23.75Z,캐릭터_일반,전사,고구려,M,1.507066879920304e+16,899,하자,전사,00385c41a3c6d4cad109408ba714ed3dd6d8b0034e35806cee3a98ca641cc10f,1368,544,384,558,759,27293144,5759878
관우,2020-04-27T13:43:55.125Z,캐릭터_일반,전사,고구려,M,1.262951396633266e+18,899,하자,전사,29e13cf4b329357dc35cc326567d5294cdf82ba2f91e40251b32a55c63f10d76,1275,453,328,500,660,20648226,4629042
보스,2023-04-20T09:02:55.625Z,캐릭터_일반,전사,고구려,M,6.916056899886711e+17,895,하자,전사,a25ee972d6dc799d60aca723b7cd55aa739369f8fcb70cbf22373339839574da,1159,485,326,493,664,19191330,4379603
야옹,2016-10-22T15:01:21.125Z,캐릭터_일반,전사,고구려,M,7.845509644553704e+17,887,하자,전사,0250bf855ee72aee359cdb6203d79bf8df37def61d9d96debd8002301056c79f,962,357,363,503,496,11612677,2839658
전설이었음,2018-02-24T08:05:44.375Z,캐릭터_일반,전사,고구려,M,39238920993073.0,856,하자,전사,80da60f139dfde51381d9191b22a917cb102b27a2801f5686ccc4f486ac4ec41,949,366,297,439,514,16549366,4089799
제라드,2002-11-07T09:16:48Z,캐릭터_일반,전사,고구려,M,8.720501304558881e+17,848,하자,전사,2ca2cea015081f731952a8f599e1947f9fed5871481be3902f4903706b462623,1130,422,321,469,608,20194268,4249421
은범,2009-07-26T10:52:08.875Z,캐릭터_일반,전사,부여,M,8255306869609766.0,846,하자,전사,3b613713926e3feb4869d6e7709d134ede8dddd211b6f46368c3b21de8479d04,924,348,334,478,520,9995272,2587293
풍룡,2018-08-04T12:10:25.5Z,캐릭터_일반,전사,부여,M,4.552264369081238e+17,839,하자,전사,480b5821efe036ed9de7e26ea16ec5c3a645ec2bbb07d2971d777da25f2c16f9,991,370,340,455,539,14986183,3933750
노모냐고,2011-06-22T07:00:19Z,캐릭터_일반,도적,부여,M,1.968498195077622e+18,899,하자,도적,c30ac13dfe2b3696f57718e50c7742dcbe0e1530bf2f8eba8528e2c0d02cd3e3,726,505,344,512,1232,22365072,5099373
슬로건,2017-09-11T14:48:15.375Z,캐릭터_일반,도적,고구려,M,8.739217598840558e+16,899,하자,도적,51d7226902efe78fa6b4c06888cafbe39331d0f905598be2447cd3fcb75ed0b0,717,502,350,510,1258,23263175,5441443
조커,2007-09-19T09:28:34Z,캐릭터_일반,도적,고구려,M,2413885263108605.0,899,하자,도적,cfbd36e9f3049d7910eb01d952de3912cbb3c907f671f81b513c33c9e14b440b,674,475,345,508,1209,22581308,5291970
히든,2010-11-25T13:13:28.5Z,캐릭터_일반,도적,부여,F,6.432553101137878e+16,899,하자,도적,8a11058f07305a138efa6966b035b1e25049b91b22268b1c74fa479df3fbfae4,710,540,361,507,1226,23254763,5348265
기본,2012-08-01T10:11:01.5Z,캐릭터_일반,도적,고구려,M,4.452820825753639e+17,899,하자,도적,dcb78d5eafaa778bfb8b15d245901d167433e09ea05b7251c94cd1fff3cb3252,752,561,368,520,1211,23449624,5542599
유협,2006-12-07T14:24:53Z,캐릭터_일반,도적,고구려,M,8.974902814330651e+17,898,하자,도적,e30c57f8a7b33827a72d687e48f11cf7a5fb0b6d46104b6b324cc85efc289146,688,476,386,529,1217,22664928,5294887
공유,2014-09-25T10:56:22.5Z,캐릭터_일반,도적,고구려,M,2.607016950364137e+16,893,하자,도적,92169a443889a84e0b4f93b631a2f8dd9b757929a4081040ff0e20f568da52ad,691,520,360,541,1173,23220338,5540644
초록하늘,2003-09-23T08:17:06Z,캐릭터_일반,도적,고구려,M,6.13243668056657e+16,890,하자,도적,80d010c579cc1f0fbddad0b68c2b77ed7768028737f7cacf07f1e9bfdb788108,625,440,358,467,1117,20248565,4337766
지게,2007-08-02T04:57:05Z,캐릭터_일반,도적,고구려,M,1.587506994835853e+18,880,하자,도적,4677383c06eff970624602cd9404702553cd9a9f6e35e67bc590a0b6935a774f,677,479,347,503,1186,22127392,5138727
루트,2008-10-07T07:40:14Z,캐릭터_일반,주술사,고구려,M,4.701096513246512e+16,899,하자,주술사,4e54c8e439577a4711959c5d5605200edb3a458f44e7ba85949eb4746bf75233,477,1215,535,390,627,9645552,10342630
소녀,2023-08-21T14:05:45.125Z,캐릭터_일반,주술사,고구려,M,2243485531289544.8,899,하자,주술사,a25ee972d6dc799d60aca723b7cd55aada428ea97227260ade1de032629bca1e,574,1354,577,402,673,12161068,11743834
눈동자,2005-08-23T07:34:20Z,캐릭터_일반,주술사,부여,F,9.872971966883542e+16,899,하자,주술사,17634d27dd198f65601902913a49219b169a5a4f56f18a5610cbcc55d17e6e67,500,1178,522,357,638,8970678,11692439
무부,2006-03-03T16:51:20Z,캐릭터_일반,주술사,부여,M,1981156229930539.2,899,하자,주술사,6d8f07548d1d4f3c3489ff66f178b4799bf68bb76c4c6c51d2709faa41b5b21f,509,1216,529,343,654,9803878,11623556
염탄,2024-02-23T10:46:13.25Z,캐릭터_일반,주술사,부여,M,3572397253628445.0,899,하자,주술사,a25ee972d6dc799d60aca723b7cd55aafda083db5fd725a17b63ad9ca4145a27,481,1298,509,402,636,10491813,10739502
홍추,2023-03-08T20:02:30.875Z,캐릭터_일반,주술사,부여,M,1.5371026384781662e+16,899,하자,주술사,a25ee972d6dc799d60aca723b7cd55aa6ad0fac486bebff7c8f13fb78ae16ae7,471,1217,511,350,596,9325483,9552410
대적,2011-09-29T09:37:12.375Z,캐릭터_일반,주술사,부여,M,3.928568148822683e+17,899,하자,주술사,ac44785f6d71f4d8bf800f136548b757da0ce145dd524f8d85bb56e044d0fa3c,551,1216,584,397,661,9695970,11427146
노력,2005-10-14T06:18:27Z,캐릭터_일반,주술사,고구려,M,2981572873423769.0,899,하자,주술사,becf39329a165de41bae0542081a090fc378b51c8a89677fa14e6fde94a782c3,565,1244,512,349,699,9872222,11601427
벌양,2017-07-04T00:45:35.625Z,캐릭터_일반,주술사,고구려,F,2.3914200800890906e+18,899,하자,주술사,fe46e3c57f8e6177bd6f20cf379a677f8353711873878b1dff942b80fc256cfc,508,1171,586,403,724,8792422,10332867
기엽징,2020-10-02T00:14:15.875Z,캐릭터_일반,주술사,부여,M,2841679095894006.0,899,하자,주술사,a25ee972d6dc799d60aca723b7cd55aa8e663eb6c580d0fc0c12f4021629ae58,543,1189,540,376,668,9776147,9680523
조이,2012-09-22T04:50:00.375Z,캐릭터_일반,도사,부여,F,1.8342924526843003e+18,899,하자,도사,f16bda7ff6e93d653ec15969be18983d1c69c4ed3df0e4df8608866b152abb4a,522,684,1002,517,491,9002896,10119066
서련,2003-02-23T11:26:36Z,캐릭터_일반,도사,고구려,F,3.630090312799869e+17,899,하자,도사,c10b556ad257940f0ddee64f74e554fe413be7ea96b018edac448d65fdb5c6bf,491,748,1040,496,448,9886149,11031586
나고,2010-08-10T10:49:03.125Z,캐릭터_일반,도사,고구려,M,8448944919534594.0,899,하자,도사,98454b87d9c20140d3d93ed86c2f1c6226bbb1153700a9b857f046dce582b327,479,669,1026,496,541,9755377,10579827
임포,2014-03-18T15:56:20Z,캐릭터_일반,도사,고구려,F,2.308408540068737e+18,899,하자,도사,33f08431793da5aa76af2623744df51265525542a449ef0cbd425c225e10dd29,535,734,1084,510,536,9521218,11087535
클럽,2008-08-30T12:07:33Z,캐릭터_일반,도사,부여,F,6.392502432778291e+17,899,하자,도사,ccda155bb90e24a978f0a7f1944816b3fd842dab14be2a956555625b37c97bff,513,702,1018,536,494,9717235,10803685
치즈,2011-01-24T11:53:07.375Z,캐릭터_일반,도사,고구려,M,3.245754749460652e+16,899,하자,도사,feb114526df8bed5539379e63e9008e80e79cc9401b8f87a649ab7464cb9e60a,485,708,998,494,501,10810473,10692720
씩씩,2013-12-07T11:39:02Z,캐릭터_일반,도사,고구려,F,2997007313561697.0,899,하자,도사,5c2cc53b0f14da3dc8beb65ba6128736fcccd9064e685f59e388e00983ec5e3d,516,693,946,486,525,9006472,9258377
검사,2012-05-31T03:12:53.375Z,캐릭터_일반,도사,고구려,M,7.522560681201398e+17,899,하자,도사,596678027f419047a755f3f081e397d91eefbdd844c163af62d709c2bee9e22a,550,753,1018,531,530,9910824,10636035
천마님의기원,2022-08-13T14:25:40.5Z,캐릭터_일반,도사,부여,F,1.151672362235444e+18,899,하자,도사,a25ee972d6dc799d60aca723b7cd55aa5c3ecc542fb219a7235374e77497e774,446,770,1002,499,490,9690698,11162500
너편,2023-05-16T13:22:38.875Z,캐릭터_일반,도사,고구려,F,2.1654752847285765e+18,899,하자,도사,a25ee972d6dc799d60aca723b7cd55aa40dfe1fc3fe776e5c25eb5fc4a8db3b8,466,682,1003,531,477,9903408,10889400
인연,2012-05-04T13:11:35.625Z,캐릭터_일반,천인,고구려,M,1.159898499099321e+17,899,하자,천인,c44ca73d83989cdc4ebc966a8199c20f6abbe40658bda01f869ace9be98c441f,801,1104,523,364,524,12113122,10313410
선율,2011-07-21T04:13:00.125Z,캐릭터_일반,천인,고구려,F,1.5652046139566428e+16,889,하자,천인,8d59a110b23173344bc4a927453847555e671b180c40e398dca335e1a29ebb75,628,1068,526,370,571,9308992,8601919
라선,2014-01-15T15:41:14.625Z,캐릭터_일반,천인,고구려,M,7.535596737753599e+17,885,하자,천인,043e3e3e398d5121226647f478da416efd50b3c01f2369579b36389cc90e60b4,659,1075,512,341,474,10770581,9248286
규비,2012-05-04T11:39:13.375Z,캐릭터_일반,천인,고구려,F,5.285543436176114e+16,884,하자,천인,1b63825735a944cce2af520d167860d16f6e4fa117200fbc95eea9863b0d5f96,736,1159,530,398,519,9533966,8537750
시밤이,2017-10-03T11:50:08.625Z,캐릭터_일반,천인,고구려,M,5.298329884997122e+17,884,하자,천인,74cf6bc8afbde92b526b7cd9f509aae1ffb5869b739da64f0b670c680ae4f26d,655,1033,498,306,489,9082001,7770970
채널,2014-03-14T13:46:11.5Z,캐릭터_일반,천인,고구려,M,1.5392246033186488e+18,881,하자,천인,5c2991c399496ad191cff0072fea37ffa29e44ff8a61f988a09a6ca43d14fcdc,642,1125,559,333,505,9970664,8847709
히어로,2014-05-16T05:31:24.625Z,캐릭터_일반,천인,고구려,M,1.077202831803718e+17,881,하자,천인,0856162f7f3d479ea713c5963b2d084ee82a7b0fedc3bf3abe5ccebce1d2c04b,746,1087,516,342,485,11146848,8695346
갤럭시,2012-11-09T05:51:40.125Z,캐릭터_일반,천인,부여,M,81478101880841.0,864,하자,천인,791123d2b42248b67e374cabf70a1c26fd7680b4d9700c85a3d0af304c194af8,602,1051,507,342,451,10549265,8074247
청발,2015-04-07T14:47:20.5Z,캐릭터_일반,천인,부여,M,8478363681798045.0,861,하자,천인,6d88d6c05d76e4dc4b6b1a6732a2f8632b3457749b4314577dab1a99b82c8ca9,516,964,464,329,373,5828487,5943437
찌뽕,2014-12-24T11:30:03.25Z,캐릭터_일반,천인,부여,F,3.065577726763585e+17,855,하자,천인,33180baeb5e32822f8514877da88954c86e68d4012202d0434d05f81868f68e3,672,1045,469,353,505,9137626,8091479
초선,2020-10-09T10:07:05.75Z,캐릭터_일반,마도사,고구려,M,1.2403096713673576e+16,899,하자,마도사,a25ee972d6dc799d60aca723b7cd55aa617d15548ffb9d6daf20631cef72f269,607,1334,521,367,709,11428321,11916616
얄미미,2016-09-14T01:42:21.625Z,캐릭터_일반,마도사,고구려,F,5.298981966338589e+16,899,하자,마도사,6cc469afde70c5e4cc2f3b6df733209c66329b49496c7b2a50ffc35ca763e1e7,546,1170,530,388,709,9474761,11537739
능강,2024-05-05T13:45:51Z,캐릭터_일반,마도사,고구려,M,4.752468003283192e+16,888,하자,마도사,a25ee972d6dc799d60aca723b7cd55aa80b92a87dda9099ba4f633130ae161f6,465,1111,493,324,627,9310243,9730185
트름,2016-07-07T12:46:41.25Z,캐릭터_일반,마도사,고구려,F,4.786170014319515e+17,862,하자,마도사,144521b5dc51cfe30c785bd55375fdb02046738929c7b24b72468764d9918b1c,429,1140,527,332,568,8942170,9473023
니켈의헤임달,2017-10-27T15:46:55Z,캐릭터_일반,마도사,고구려,F,6.161951210356579e+17,852,하자,마도사,997079db45122ccc2fc2e5d4abe576d336fda7d673004e3f0eb3a7ab755e6abd,408,1143,481,312,612,9567277,10372677
무부마도,2020-10-15T05:41:12.125Z,캐릭터_일반,마도사,부여,M,4019900709037768.0,840,하자,마도사,a25ee972d6dc799d60aca723b7cd55aaa22d1afb8fb8ade5eb072c8fa812b3e8,432,1034,437,312,574,7750700,8356654
물총,2007-11-14T17:07:48Z,캐릭터_일반,마도사,고구려,F,3.869941136687067e+16,836,하자,마도사,73d894ecb91a0ffed9eac33f16beb83fb588a2c661cd658cf99ebfd533d49ca7,401,1050,462,333,523,7615749,7961906
거미,2020-09-11T06:55:09.875Z,캐릭터_일반,마도사,부여,F,1.6708883947520595e+17,827,하자,마도사,8515eecab4986fd6a4c03db721990362da85c981e6f6c70048f960f3aa75b57f,366,980,483,328,473,6143246,6567593
커피,2022-10-01T07:26:29.625Z,캐릭터_일반,마도사,고구려,F,2.1399867980128664e+16,826,하자,마도사,a25ee972d6dc799d60aca723b7cd55aa2477c80f38f8a61b96020b1361a39410,351,992,466,321,500,9108576,9138314
예리나,2016-11-20T03:58:45.25Z,캐릭터_일반,마도사,고구려,F,3.795458816152525e+17,826,하자,마도사,06a7ca5e13994142da54ac47438a7b3349adf41e937439903ac5d762ee67db9b,424,1024,496,334,612,9141494,7342502
보물,2019-12-31T15:00:28.125Z,캐릭터_일반,영술사,고구려,M,9.563402286519772e+17,899,하자,영술사,60707757d27792a6f7b7779c587c911400d5255f7e6223b8f496959cbf7b76c9,566,1288,561,374,720,9750715,10379373
얻어걸린돌,2020-01-03T09:36:03Z,캐릭터_일반,영술사,고구려,M,5.12902038209662e+17,899,하자,영술사,60707757d27792a6f7b7779c587c91144255fd3f9d1dbe8f9eacb82d23f899c5,482,1289,545,373,643,8869948,9707733
아라따리,2020-07-23T06:02:44.5Z,캐릭터_일반,영술사,고구려,M,5.4460185483909306e+17,899,하자,영술사,ec187f765c6b2c8b0434cbd9bca2b8325639efb7f4d4060a2668153c52ffd24d,542,1208,582,369,683,9908119,10485713
개팬다리,2020-07-23T11:00:27.125Z,캐릭터_일반,영술사,고구려,M,6.35266677530401e+17,899,하자,영술사,ec187f765c6b2c8b0434cbd9bca2b8324df8047626bf602d1f3660b8b3029ef3,481,1135,589,366,632,8752722,10325930
용뿔,2019-12-21T09:00:14.5Z,캐릭터_일반,영술사,고구려,M,3.3619824289196588e+16,899,하자,영술사,c34ecb356dc3d3d35fa16ab70b0bd62811598e2512b37744b0d6df9d3928d37c,537,1260,522,342,681,10814476,11140783
애울,2020-03-22T13:09:33Z,캐릭터_일반,영술사,고구려,F,1.2659830400876328e+16,893,하자,영술사,52d6c51e3044ccfec27aed67352ff4e8d1982063313993db3e5c953b8b86ffda,522,1140,514,397,625,9115368,10112214
스모커,2018-08-16T16:37:00Z,캐릭터_일반,영술사,고구려,M,1.4116355975773606e+18,882,하자,영술사,5bfdb0063ee320da0efaa138ff0f8132ec477d75deba3277d208f397541dfece,588,1217,513,352,701,10229224,11612476
도도요,2018-07-20T14:01:27.75Z,캐릭터_일반,영술사,고구려,F,60326675832789.0,862,하자,영술사,425cafd94be9d8cf316915d0a55b7aa097275f2ab152f3278e9faa9927a0fa4c,476,1080,497,338,644,8090696,7274784
마너,2024-05-14T17:23:13.625Z,캐릭터_일반,영술사,고구려,M,3.912896724457677e+17,886,하자,영술사,a25ee972d6dc799d60aca723b7cd55aa6aff1218317ab7869529f68dfd3c1471,484,1201,517,390,681,8155952,9306177
김살,2019-04-25T13:16:23.625Z,캐릭터_일반,영술사,부여,F,1.645506318985831e+18,853,하자,영술사,8faf78f305a1d9ecbce58e10c7e2aaf6e9044edd9e04db620bd630e0596b4a00,531,1169,517,351,658,9296946,9986566
바보,2019-01-01T07:23:02.875Z,캐릭터_일반,차사,고구려,M,1.5627895610211372e+18,899,하자,차사,cf0f9342fe86487a6fdfccd684f26c82dca6e352d2f8ee58174cf927d8eac4b3,768,495,340,508,1155,21904820,4642330
차쪼,2018-08-16T13:19:22.25Z,캐릭터_일반,차사,고구려,M,1.759505144620924e+18,899,하자,차사,5bfdb0063ee320da0efaa138ff0f8132d5cd4fa349c45e6391e842a1ce12254a,695,501,376,555,1111,20678549,4658431
마트,2018-08-16T05:09:53.75Z,캐릭터_일반,차사,고구려,F,1989699142072544.8,899,하자,차사,365fa6ea4752e7fad2398251762fa58e3b57fd32b10f6214251c05b905aef05f,712,470,356,494,1128,20940947,4594096
첫강,2020-03-13T15:04:37.875Z,캐릭터_일반,차사,고구려,M,1353250987673542.0,899,하자,차사,226322cd717df97d8fd272eac3cfc4ad153780c1f8651817ce675733e4a4d415,697,472,392,522,1163,22387014,4187497
치타,2018-08-16T05:04:50Z,캐릭터_일반,차사,고구려,M,2.541266038134407e+17,899,하자,차사,365fa6ea4752e7fad2398251762fa58ef61b2c4d0bd474b0fd4badb9fc6903d2,810,512,363,532,1154,21800999,4310310
그대,2020-01-30T12:17:07.625Z,캐릭터_일반,차사,고구려,M,3.123949926381391e+17,869,하자,차사,d9ae21a4479e3ea7375fd6c6da560eac9291fc89c151ccd5fe4de56ec3a37e54,703,504,327,504,1158,18352910,4165523
정연,2018-12-19T14:18:17.5Z,캐릭터_일반,차사,부여,F,1.443747300534325e+17,850,하자,차사,701552bbb305ad3c5b1a0cd5f88fc428241b07e1f22d09411771297425b23629,710,469,362,524,1085,20952727,4700483
까칠흔녀,2018-08-18T18:57:18.5Z,캐릭터_일반,차사,부여,M,4.657182981049125e+17,881,하자,차사,5bfdb0063ee320da0efaa138ff0f8132cbc86c6836bb3f56f95834231989a1d8,690,432,326,481,1073,21130203,3599769
흥분함,2022-06-18T12:49:01.625Z,캐릭터_일반,차사,부여,M,5.176419642025841e+17,847,하자,차사,a25ee972d6dc799d60aca723b7cd55aac134c8a7103a893b7df54137d29973eb,652,405,335,487,1043,17582464,4089513
진도준,2018-08-24T15:05:08Z,캐릭터_일반,차사,고구려,M,5354333449832767.0,840,하자,차사,d1c4676825b4487d58b7b39a2555b2bcbf7c22ddfa78f793e32cf878281782d9,521,370,283,422,936,13374062,3511927
초랑별,2022-03-22T11:00:24.25Z,캐릭터_일반,살수,부여,F,2.1950740264391748e+16,897,하자,살수,a25ee972d6dc799d60aca723b7cd55aabff74351938562ae893705c944beaa3a,1181,509,340,507,661,21379190,5313829
쌀쑤,2021-12-22T02:34:24.125Z,캐릭터_일반,살수,부여,F,50292202387394.0,881,하자,살수,a25ee972d6dc799d60aca723b7cd55aa1f1c47bb85be5ec3cff1a87330aa708f,1159,460,373,526,837,19428850,4577047
이계낫,2021-12-22T02:29:36Z,캐릭터_일반,살수,고구려,M,7.604018915068056e+16,880,하자,살수,a25ee972d6dc799d60aca723b7cd55aa67f9dee769395f0a90eb008a9d292c66,1132,417,334,547,662,18746242,4541497
눈오리,2022-01-17T13:29:25.125Z,캐릭터_일반,살수,부여,F,1.893518633595982e+17,872,하자,살수,a25ee972d6dc799d60aca723b7cd55aa0176d0ab008171661884a571031825a8,1118,425,323,465,652,18671441,4321077
낫살,2022-05-28T08:08:11.75Z,캐릭터_일반,살수,부여,M,4.800810448634352e+16,856,하자,살수,a25ee972d6dc799d60aca723b7cd55aa67d98642812b4fd69752e3f0a49f154f,1092,480,359,478,742,18734254,4763555
옥빛나,2021-12-26T11:46:14.875Z,캐릭터_일반,살수,고구려,F,5.026661963291858e+17,828,하자,살수,a25ee972d6dc799d60aca723b7cd55aaca1acb01c26eceaa1a084a7639474418,1015,389,325,461,570,16038670,3996982
살연,2024-04-17T17:08:24Z,캐릭터_일반,살수,고구려,M,2.8047364883283044e+16,824,하자,살수,a25ee972d6dc799d60aca723b7cd55aaf473baeb405288f8929932c191f20b20,1018,383,344,461,534,14769190,4034071
양다연,2022-07-31T02:50:05.125Z,캐릭터_일반,살수,부여,F,3102183532985.0,820,하자,살수,a25ee972d6dc799d60aca723b7cd55aaf45548ebdfb5adbdb779836af5820649,925,334,294,414,483,14954232,3821362
조교,2024-06-08T16:25:12.25Z,캐릭터_일반,살수,고구려,F,2.2896745512400966e+17,825,하자,살수,a25ee972d6dc799d60aca723b7cd55aab93dbd8d8b6645af987a6bdb7d12b09f,976,412,312,420,532,15664487,3955714
서울또로,2022-05-19T08:49:13Z,캐릭터_일반,살수,부여,F,3.4465490547361536e+17,817,하자,살수,a25ee972d6dc799d60aca723b7cd55aae92c6d230198099c574d8c3ed555440c,1000,418,299,429,559,14030032,4060019
카이엔,2010-08-20T07:15:32.25Z,캐릭터_일반,전사,부여,M,2.009211641060768e+16,899,호동,전사,7d575176d7031c0196f04e484c30fb273b57fd32b10f6214251c05b905aef05f,1143,490,328,497,665,18020760,4757469
반지,2014-07-28T19:26:25Z,캐릭터_일반,전사,고구려,M,1.6854720057261274e+16,899,호동,전사,7114580465f13a5df0e6f45a857a627cc18d744d2d8e419404fadac1b1532d4b,1250,463,355,492,681,20566992,4479511
광휘,2010-11-14T02:54:42.875Z,캐릭터_일반,전사,고구려,M,4.306612500743987e+16,899,호동,전사,2bdf96b88bf3acce5fdaeca39c2fdf136ad7f302027663da265ef3f8f560ab02,1336,586,418,532,767,24274626,5362279
더갓,2022-07-23T15:51:35.25Z,캐릭터_일반,전사,부여,M,1.0829628042468431e+18,890,호동,전사,fe2b67647a0bc417aa751347b018cf0b468e3ef4256e5907eb19b13d20847b2e,1206,515,338,540,728,21547436,4363281
검귀,2001-11-24T05:01:20Z,캐릭터_일반,전사,부여,M,1.4284003817440904e+17,883,호동,전사,c0fb84cd33b078e4a7b1aab222e7c1b248457c64d7fb6d6b26d7b1e493c8dfd6,955,327,326,462,511,11977980,2816755
기백,2023-01-01T10:17:51.375Z,캐릭터_일반,전사,부여,M,1.0221485423061228e+18,882,호동,전사,fe2b67647a0bc417aa751347b018cf0b8909282b05672fbb1cbceac9f149389f,1279,499,372,570,701,21462383,4612654
검압,2015-03-21T11:10:25.25Z,캐릭터_일반,전사,부여,M,62705667746039.0,876,호동,전사,382ad9a535826508362bf7a982f5e5cdcbb3c907f671f81b513c33c9e14b440b,1333,493,352,549,680,22230808,5267116
이번,2003-05-03T17:19:17Z,캐릭터_일반,전사,부여,F,9.322319893881117e+16,868,호동,전사,711858d40360a3e16758a0fb53805f7066ee867b91c1807fb37f4cdc8ddec977,1151,469,378,503,655,20084864,4445586
괴물,2008-10-27T13:47:27Z,캐릭터_일반,전사,부여,M,67672266932740.0,867,호동,전사,8179ecea786a205195a9ca1f4d7a99d5225de5173308a65f05cfa7f57d3528b5,944,330,318,456,475,10897425,2647736
항일,2003-09-30T09:37:25Z,캐릭터_일반,전사,고구려,M,307111509005812.0,862,호동,전사,b966c6736683794d8363a1927d957eed7926a3f1e0879e4ced9eaa4cf9aab68d,1178,541,360,497,672,18168256,4377227
재회,2004-09-28T17:53:10Z,캐릭터_일반,도적,고구려,M,9.536308394524454e+17,899,호동,도적,f6a43bb87d74cb72f943fa41665cca38c76b9696aebade8f92eadbeda5218289,723,489,364,549,1251,22260350,5284483
민지,2004-09-21T03:36:45Z,캐릭터_일반,도적,부여,M,5.5381685279479176e+16,899,호동,도적,f0dac4481e49d690a91cc0b841d4cac8135f5e06e83a43b169012ffb6e563771,674,492,372,562,1201,21303775,4845913
바보,2020-08-29T08:06:43Z,캐릭터_일반,도적,부여,M,5.13195638908182e+17,899,호동,도적,ddc41e6eb95942105372afe9b0e57f1dde97d3d45f364ab6d9f39e8b07561a77,760,537,354,540,1337,28456907,6659890
민수,2005-03-08T12:19:39Z,캐릭터_일반,도적,부여,M,761117783105237.0,899,호동,도적,ef70eb625709f296d263c04bfa2b1049085f7c75619ca1c8b8f612d4276e334b,661,522,370,505,1179,22298569,5755770
퓨면,2007-07-22T01:56:59Z,캐릭터_일반,도적,고구려,M,2.191489937427058e+17,883,호동,도적,58024d91afadfb7dac73e3e8de258437945d8c4bae3e5606fd0ebb83023c9a0b,702,508,375,543,1172,21287284,5200839
월유화,2011-12-01T19:21:00Z,캐릭터_일반,도적,부여,F,2.7245957288884576e+16,882,호동,도적,09e5830a68e41d07ace9481515204c17a9095ac89f9c94363a672f18fb20b644,716,525,389,555,1176,21583926,5379555
막비,2006-12-25T14:12:03Z,캐릭터_일반,도적,부여,M,5.5429671770556e+17,883,호동,도적,4acef30af1c48efa15ca6043b29a38ec49fec24d1ed9fbf9a78ccb15a1d2d4df,636,483,351,492,1119,18196635,4874929
사신,2021-11-28T22:14:15.375Z,캐릭터_일반,도적,부여,M,8708004373790195.0,880,호동,도적,fe2b67647a0bc417aa751347b018cf0bdcfd35801e935e857f51b63db0a8bc7e,621,511,379,512,1153,16910919,4107058
리신장인,2014-01-23T12:53:51.875Z,캐릭터_일반,도적,고구려,M,3.69280843314498e+16,880,호동,도적,fd4786803c8d78014adee19d9be5d73c57b3f1f01abf34617eada79cdfa6aa37,646,458,340,534,1167,19721553,4590689
반근,2007-11-22T12:32:23Z,캐릭터_일반,도적,부여,M,3.58853405593638e+16,880,호동,도적,83f296c1479fc3978e61cdfbe6680d7852ae58895870d58e62c8e0f0b0185e25,759,524,357,544,1299,21240655,4946353
천국의달,2011-11-14T14:07:32.125Z,캐릭터_일반,주술사,고구려,M,2.2362999939865772e+18,899,호동,주술사,83b466c38fed734e7f628f27539a4ebfc18d744d2d8e419404fadac1b1532d4b,527,1279,547,382,649,10606772,11450796
경환,2008-10-03T06:47:37Z,캐릭터_일반,주술사,부여,F,4.518656175140998e+16,899,호동,주술사,19a0cb855baff7afd94b73efc441e0039f6204154307839067a415a0e0e77a38,495,1265,520,373,649,10283265,11334905
미아,2008-09-22T09:14:01Z,캐릭터_일반,주술사,부여,F,1.4880329065614644e+16,899,호동,주술사,615e95a4a4c0b7b29c7c6a8961effa8505920d26713513583605a4bd32a2b16d,475,1229,497,346,605,10411936,10958024
국밥,2017-09-11T13:48:42.375Z,캐릭터_일반,주술사,고구려,M,3.3829771994226086e+17,899,호동,주술사,95847edf6ea4ca7bcc874e084f9457775475a5d64f8bde986127c6339cac5779,492,1255,534,352,656,9620334,10245951
걍산,2010-12-27T16:16:35.75Z,캐릭터_일반,주술사,고구려,F,2.654053252175688e+16,899,호동,주술사,04d6c2dbbdd6cadac8a54a481887393fc18d744d2d8e419404fadac1b1532d4b,601,1222,548,383,709,9970371,12210902
낼름,2003-10-22T10:24:07Z,캐릭터_일반,주술사,부여,F,1.3503910834392832e+18,899,호동,주술사,572de190893c75182556226d0839fb44996b1889808e5ce7dec2bf7a0396209d,533,1154,510,360,698,9209597,11333263
윤현우,2008-11-04T16:43:54Z,캐릭터_일반,주술사,부여,M,224186461370775.0,899,호동,주술사,efce8b18d08734f45a093797de1315b36a4504a1c68bbc024ae4002fb4b70d1e,379,1005,470,329,516,6028217,6378627
탑미르,2008-08-09T00:43:52Z,캐릭터_일반,주술사,부여,M,3.268559816964501e+16,899,호동,주술사,63b879669a7acb0da50921c4d50ac8dee63562cd946554730a76e33f367aa7e8,485,1202,506,354,672,9224233,10629609
리트머스,2001-01-01T08:11:59Z,캐릭터_일반,주술사,고구려,M,1.5076589465196576e+17,899,호동,주술사,89f59f9eccdc8d12dfdb94efc7ac31afd3d0851ce0e24a5929788e240ea8ad4c,463,1314,509,340,605,9361744,10365100
비수,2017-05-19T09:18:53.125Z,캐릭터_일반,주술사,부여,M,2963707011842606.0,899,호동,주술사,21d445876563e6aceb61d1db89a02b0b30cd9525bb211ddf780db9e64b122252,554,1326,559,391,677,15257641,12700788
악동,2011-10-14T06:48:09.125Z,캐릭터_일반,도사,고구려,M,2150365231001276.0,899,호동,도사,cc70af0bb4469fc62ee51a7d3e9fa636db3a458f44e7ba85949eb4746bf75233,508,764,995,512,521,11197859,12565037
케일러,2020-02-10T10:07:55.5Z,캐릭터_일반,도사,고구려,F,1222875043811182.0,899,호동,도사,995ad0627bd96f2085046b7da431864cf6a5e1a87d2a2feccca69520975dd670,512,688,1076,530,519,10713400,11288068
붉도,2003-02-28T16:51:53Z,캐릭터_일반,도사,고구려,F,4.0231022796472536e+16,899,호동,도사,d524925e27daa4522feed2556631eda7bf30b7bfaf0cb369c1c65a77149b81b8,447,715,1008,533,476,9827986,9894395
뽀얀,2015-12-30T12:57:01Z,캐릭터_일반,도사,고구려,F,1.0066376103145274e+18,899,호동,도사,d803918cbb7609ab80a11112cf2ae5541db3dacdd901b3bdfd96fceddda43058,466,703,1035,537,490,10505962,12088134
다이,2006-05-27T04:12:23Z,캐릭터_일반,도사,고구려,F,8.80771034186524e+17,899,호동,도사,dbe3c8794319ee87f8449e87ffa4e5ebfa95aa9463f0f985b2a02fddc8e9948b,496,673,1130,537,490,9714789,11157765
리포머,2021-08-05T13:10:53.375Z,캐릭터_일반,도사,고구려,F,5.109453924932719e+16,899,호동,도사,fe2b67647a0bc417aa751347b018cf0b9cc12de57d17b7645c8981bcce98e0d3,461,648,1010,495,462,8554830,9875840
스타,2009-08-06T01:17:29.125Z,캐릭터_일반,도사,고구려,F,6114253804306068.0,899,호동,도사,c09199bf459a8620608492c2041d9409bba518daffd38cb8ab4b817a0bc73232,518,682,1035,512,538,10880805,11811873
금강,2005-08-25T10:03:28Z,캐릭터_일반,도사,고구려,F,1.846139763995214e+17,899,호동,도사,e99d2d09788a4a0a3f388dd114b283d2c0903a018cc3bc4b18b538bdfb7b777c,521,662,975,503,517,10502470,9856696
여우,2021-01-26T12:55:55.125Z,캐릭터_일반,도사,고구려,M,1.4823085038534018e+16,899,호동,도사,fe2b67647a0bc417aa751347b018cf0baf815ba40a95d2f581a604660064d5fb,552,708,971,529,528,9117084,11467077
채화,2013-12-29T16:14:09.5Z,캐릭터_일반,도사,고구려,F,831240663042314.0,899,호동,도사,b4f0517b679f845ca1e38f411e290146befd54165deedc51a58ff6bb77a5ee18,479,686,987,514,508,9634881,10959275
태풍,2023-07-27T10:17:23.5Z,캐릭터_일반,궁사,고구려,M,7.160884246481532e+16,899,호동,궁사,fe2b67647a0bc417aa751347b018cf0b5e5948a9106d920429dd39b214fd0193,777,527,403,532,1336,24645836,5246168
대소,2019-08-19T06:32:21.75Z,캐릭터_일반,궁사,고구려,M,4.649258251120805e+16,899,호동,궁사,f66f4b76b7c00499a55dfff3e334c9dbc378b51c8a89677fa14e6fde94a782c3,781,586,370,529,1322,24368158,5527601
도급,2021-10-25T14:56:04.875Z,캐릭터_일반,궁사,고구려,M,3.953940414014527e+16,899,호동,궁사,fe2b67647a0bc417aa751347b018cf0b53839a9a37d7760d0e1f7709f7b9f78d,677,483,384,498,1229,20471758,4771434
코데,2022-12-24T11:40:53.875Z,캐릭터_일반,궁사,부여,F,7.801300404565488e+16,899,호동,궁사,fe2b67647a0bc417aa751347b018cf0bed5842728621d88610025bf8935b5799,673,466,331,498,1214,19775970,4801668
건총,2008-11-29T14:23:29Z,캐릭터_일반,궁사,부여,M,2.6332960072640525e+17,899,호동,궁사,9758a0f3f8b6c2ad9cc646b2e2ecf654152a511eca570ca913462d2ea6520124,663,463,372,515,1213,21195928,4781467
부산,2015-12-29T14:19:48.375Z,캐릭터_일반,궁사,고구려,M,196535659935649.0,898,호동,궁사,3ff25b2650b1737fddd4c76ca68e4988eebb15dae2d6b7c60708c1e83c79662a,500,330,327,456,974,10548890,2538682
여챠,2016-11-12T15:57:58.625Z,캐릭터_일반,궁사,고구려,M,1.9723295648494932e+18,891,호동,궁사,255be835868cfffa2633eed0ce0e857f25b89eafc72147c8bc69ba0869e8bb13,696,471,380,504,1219,19749319,4656281
깜아,2021-03-16T15:03:21.75Z,캐릭터_일반,궁사,고구려,M,5.068247807609187e+16,891,호동,궁사,fe2b67647a0bc417aa751347b018cf0b99d450aa51ff99baba119a9bd916c210,652,507,383,508,1164,20027635,4703444
로밍,2012-05-13T14:36:37.75Z,캐릭터_일반,궁사,부여,F,1.9769420641211805e+17,884,호동,궁사,6f3eeb83fe8e7a119320f654da741667c07e021f0cb2ff15d8c5ce0be09afdd0,660,479,327,481,1159,18769699,4744605
궁술,2007-10-07T09:16:09Z,캐릭터_일반,궁사,고구려,M,2.18093518702716e+18,881,호동,궁사,a9e443e8f06014ce5fa2cac9d313796a85275aea5b2426bb17224395f821108d,609,454,321,475,1148,19847953,4753234
긔용,2016-12-18T09:51:24Z,캐릭터_일반,천인,부여,M,1.0482145319483235e+17,899,호동,천인,e32c77075f8e17f3c4b32e1b8e626446b06ec6a94b3a2775c82d785f85d1f7fc,758,1195,556,432,509,15759828,8931328
소망,2015-10-08T16:38:41.5Z,캐릭터_일반,천인,부여,M,7396234303249466.0,899,호동,천인,9855bec331569a581a652a598b5238667d9b257e7dfd36a8f81adfdd4cf466a4,750,1163,506,384,531,11465769,9743662
추노,2012-09-11T11:10:32.125Z,캐릭터_일반,천인,고구려,M,2.0940598511647684e+16,899,호동,천인,3e60dc590ea759a6199733a29c10e87eb5e86da3a0586b26ec50503984b1b686,763,1234,563,380,587,10855234,9709407
을두지,2023-08-26T05:14:58.875Z,캐릭터_일반,천인,고구려,M,1.7853695638319844e+18,899,호동,천인,fe2b67647a0bc417aa751347b018cf0b56230952b93dac3b1289c82f59a38cd4,706,1070,502,346,468,10242361,8486757
구마유시,2011-07-24T01:10:58.375Z,캐릭터_일반,천인,부여,M,349232335903994.0,897,호동,천인,4a8b4c92085ce64f32035bb0bb94f9480acd57e9a4aa998dead705c9008499bc,705,1125,538,344,568,11328134,9485047
우쭈쭈시루떡,2023-07-23T10:18:55.25Z,캐릭터_일반,천인,부여,M,8.892052221255792e+16,897,호동,천인,fe2b67647a0bc417aa751347b018cf0b1e328b4fd7c223f274d48bb5d39bae15,672,1104,511,363,538,10450847,8595060
예수,2013-02-19T13:56:13.125Z,캐릭터_일반,천인,부여,M,8.296506784536539e+16,893,호동,천인,ba7c47c6821383cf348ed3f62ba7423f0773c1ab05023711e65446ce3f7d63bd,726,1175,539,338,536,10383540,8713408
천의비상,2017-03-31T03:56:02.375Z,캐릭터_일반,천인,고구려,F,8.117954237163651e+16,892,호동,천인,f47e8942500dc2ec7f6399217a81243613a9787b55dba6b2d8249c803fe4a4df,677,1090,531,356,462,9178656,8315199
고위지인,2024-04-10T02:48:48.75Z,캐릭터_일반,천인,부여,F,2.46292439343194e+18,890,호동,천인,fe2b67647a0bc417aa751347b018cf0b536aad93cc5b79a3bfbe2176782ce0aa,691,1169,508,359,546,11250425,9275831
당구광,2012-09-15T02:30:21.625Z,캐릭터_일반,천인,고구려,F,8.30042380443432e+17,883,호동,천인,91fcbfcaa8387f020e860f3e322f0a35aaf53e5693e891423d23084d931d2d97,636,1087,504,321,454,8600400,7962693
느좋,2017-01-24T12:39:37.625Z,캐릭터_일반,마도사,고구려,M,1.5551223089603664e+16,899,호동,마도사,7f40d0886637ce6f5376d1a3a10beed7247ef25c3f7bd6941391fe4a8554f73e,467,1185,496,335,632,10629592,11498010
나깅,2020-07-23T06:41:06.375Z,캐릭터_일반,마도사,고구려,M,1.1503730411595354e+18,899,호동,마도사,9c17b1efa82a4b5fddbf25242e028696435c5765c1cf17437fe76bf2ae9f146c,472,1163,522,339,644,9688645,12077288
조드,2016-11-14T04:40:08.875Z,캐릭터_일반,마도사,고구려,F,6.727158976165194e+17,892,호동,마도사,255be835868cfffa2633eed0ce0e857fa85e4dd153f74beed0aec254022c4fc7,538,1096,550,337,645,9037028,10734474
시시,2024-10-01T15:25:58.25Z,캐릭터_일반,마도사,고구려,M,90989019269265.0,886,호동,마도사,fe2b67647a0bc417aa751347b018cf0b06bd6b61853a2648e4d2af825b6d9a41,449,1103,509,397,599,8830054,9955433
새봄비,2020-02-05T04:47:36.5Z,캐릭터_일반,마도사,부여,F,5823207016146493.0,870,호동,마도사,3cef53f84a71845e00c7d2d3e05aa1da0d13263fbc855faa750f619c93943089,455,1019,475,328,581,8717916,8872638
서비,2020-07-23T06:47:34Z,캐릭터_일반,마도사,고구려,M,2.5333431580686244e+18,870,호동,마도사,9c17b1efa82a4b5fddbf25242e02869634958edb6e6dbfa6fd99e7894d16def4,480,1147,518,386,633,8830573,10456224
수시,2023-01-11T18:28:14Z,캐릭터_일반,마도사,부여,M,8.281590990596184e+17,862,호동,마도사,fe2b67647a0bc417aa751347b018cf0bce13836ccc72e8e02f20a04e5a000b76,474,1119,488,347,654,8739047,10137861
나연,2016-07-21T11:19:31Z,캐릭터_일반,마도사,고구려,F,3.911812967400855e+17,851,호동,마도사,cf6fb352fd1dd83943244f2213fc120a7bc3102d03847eebc6a47015c2feb16d,476,1035,493,337,595,8746483,7326111
클리토리스,2022-01-01T08:40:58.625Z,캐릭터_일반,마도사,부여,F,6.217397200040372e+17,845,호동,마도사,fe2b67647a0bc417aa751347b018cf0bc63dc0f0f8ad0fcbaf87bf14136a8dda,320,871,435,295,437,5587487,5387612
개누리,2017-10-18T09:32:58.375Z,캐릭터_일반,마도사,부여,F,4.7915711410942464e+17,836,호동,마도사,2bdf62bd17db14f4a55b3bfc0d8a9d20da0ce145dd524f8d85bb56e044d0fa3c,473,1107,491,342,570,7708818,7809869
하이용이,2008-09-26T17:07:58Z,캐릭터_일반,영술사,고구려,F,7.619975904265439e+17,899,호동,영술사,99bc20bccbc557599c371764d17d0ba027c617df14c1dc06dcf9d7364ac25e54,538,1208,509,389,671,9292111,9995533
암소,2018-08-06T03:55:32.5Z,캐릭터_일반,영술사,부여,M,7.810511237888893e+17,898,호동,영술사,e2cc049a9cd93f6ba8bfe8d489f5bef65124713110a19d73ac4d65337591b69d,509,1167,521,338,708,9045177,11086883
태미,2021-08-04T14:29:07.625Z,캐릭터_일반,영술사,부여,M,2.0873224508402803e+18,893,호동,영술사,fe2b67647a0bc417aa751347b018cf0b1477649e2d746e0bd9ce3784028fd73f,501,1121,510,409,657,8703352,10261561
아세토코르사,2023-02-03T11:17:57.5Z,캐릭터_일반,영술사,고구려,M,4.438862359758145e+16,892,호동,영술사,fe2b67647a0bc417aa751347b018cf0b2da406b7f2bcce70fdfa2e7307c65a90,565,1164,511,361,672,10101996,9176153
달빛놀이,2018-08-04T05:49:53.75Z,캐릭터_일반,영술사,고구려,F,207825071063334.0,881,호동,영술사,01be8c2aba22a37fa1fc55d3e397f808c732b5de3d5866718bfdef0130098598,447,1123,485,342,652,8195413,8686226
영상구,2022-04-08T14:02:24Z,캐릭터_일반,영술사,부여,M,1.369847406167546e+18,878,호동,영술사,fe2b67647a0bc417aa751347b018cf0b62850cf4b66676bfe114dadb6d637107,502,1161,498,332,666,11494597,10558458
호랑,,캐릭터_일반,영술사,고구려,M,500782143547450.0,863,호동,영술사,d01017e95fbab784a4157cec2c0140db7235c9ece6fdc4edd4d801f543cfef6a,364,961,444,298,511,7113556,6523789
언더워터,2019-08-08T09:52:25.625Z,캐릭터_일반,영술사,고구려,M,1.3185341977912197e+18,860,호동,영술사,95648289b713b93b0a5c9646ab861dc59a47fd8edd96451044f8289ef139b56a,472,1114,482,383,606,8452744,9853832
라료,2018-07-19T13:02:25.75Z,캐릭터_일반,영술사,부여,M,7.539792470025734e+17,857,호동,영술사,d01017e95fbab784a4157cec2c0140dbf472d22138899768806ea2892031ff92,510,1134,526,364,652,8867327,10647667
민아원,2022-04-11T10:19:44Z,캐릭터_일반,영술사,부여,F,1.1430763164220032e+18,851,호동,영술사,fe2b67647a0bc417aa751347b018cf0b92f5e00f79e4643bf8aa9bb2d02b0196,435,1092,478,322,583,8383693,8470665
연합,2020-01-24T23:48:00.625Z,캐릭터_일반,차사,고구려,M,1.8772575863829775e+18,899,호동,차사,3cef53f84a71845e00c7d2d3e05aa1dab06ec6a94b3a2775c82d785f85d1f7fc,733,450,366,493,1167,20815897,4459951
비룡,2018-08-18T13:32:38.875Z,캐릭터_일반,차사,부여,M,2.518025219024994e+18,899,호동,차사,ae6b1d07f043f19eaa1a004a361dce3a426e24a254e749e905ff809b7abc317c,685,445,342,517,1150,22107886,4473790
뚱어,2018-12-06T15:47:21.5Z,캐릭터_일반,차사,고구려,M,6.308110756471506e+17,884,호동,차사,a43f42a3379efec13f5f778f6411e768a08b825a1c9823a87ec8362a0606985b,718,509,372,503,1089,20662699,4189159
싸가지없는냔,2018-08-16T05:24:59.25Z,캐릭터_일반,차사,부여,F,2478111717026018.0,881,호동,차사,90b9580318c35c0ef00390af12d36c41e117429012fdd9c391d993383543da8f,658,443,365,494,1107,20493078,4269012
검토,2021-06-23T01:42:01.125Z,캐릭터_일반,차사,고구려,M,24555279770697.0,869,호동,차사,fe2b67647a0bc417aa751347b018cf0bb2b279d6c2bc5e3cabc183b38dbda0a9,452,321,303,465,910,10365311,2511238
델타,2018-12-31T00:52:17Z,캐릭터_일반,차사,고구려,M,77928008577825.0,862,호동,차사,64d14d069b3b3767a1ed8ee03910ef7212d3df406912581a454aef250cb00124,750,463,338,541,1104,23036679,4807803
사천,2020-08-26T10:27:47.875Z,캐릭터_일반,차사,고구려,M,1.810658128354084e+16,861,호동,차사,ddc41e6eb95942105372afe9b0e57f1dbcdc8a6fd85d8a8d7d6f5f1c54f599d5,671,428,334,472,1083,18567221,4061615
찡찡,2019-01-11T08:13:21.875Z,캐릭터_일반,차사,고구려,F,5.793639809998224e+16,860,호동,차사,ff790c39b90ff68b908331c7c61dd66b333e45fb93995c41889ea2756f1a3962,626,512,325,481,1076,20074674,4496097
파이어에그,2018-10-02T14:49:16.375Z,캐릭터_일반,차사,부여,M,9768155350869408.0,846,호동,차사,1697c9bc366e5324b46ce5a4f8849dbf2874d02fe60db04cef8f682ca01d09e0,573,405,317,460,1004,16342404,4213200
지디,2018-09-05T13:55:38.5Z,캐릭터_일반,차사,부여,M,6.0555207519562776e+16,836,호동,차사,3acd76ce4c8fe4505a585e3e045aa21ac73803be4f250591e1a8c33f2cf191f2,715,416,317,455,1055,18529591,4372071
에페모,2021-12-22T10:08:49.875Z,캐릭터_일반,살수,고구려,M,1734598405562160.0,899,호동,살수,fe2b67647a0bc417aa751347b018cf0b2c7a0c28995f3da94c5b5975fbadf091,1233,549,417,500,759,21220720,5078608
투황,2022-05-27T07:02:34Z,캐릭터_일반,살수,부여,M,1.595615613361017e+18,899,호동,살수,fe2b67647a0bc417aa751347b018cf0be0294cb21b440e42000b61f04fe59044,1143,518,331,483,656,17878143,4312661
까르보,2014-02-07T06:54:33.125Z,캐릭터_일반,살수,부여,M,1.444177441081281e+18,893,호동,살수,e57c2880bdfceb545478ce67c4511aeaf8fbc63037746c84b17efc9959769065,1155,517,370,530,761,23428613,5719179
살낫,2022-01-01T23:21:07.25Z,캐릭터_일반,살수,고구려,M,2.716940647206994e+18,868,호동,살수,fe2b67647a0bc417aa751347b018cf0b9768c5f13b5dff8f5eef53ece35dc7f8,1073,420,335,482,623,17882667,4706954
따람이,2021-12-25T11:44:47.5Z,캐릭터_일반,살수,고구려,F,5.52184991916918e+17,855,호동,살수,fe2b67647a0bc417aa751347b018cf0b2338fd52465a49c0d356123abb8ff944,1160,433,359,509,746,18516458,4624328
무심,2021-12-25T05:22:26.875Z,캐릭터_일반,살수,고구려,M,1.4597704594085382e+17,838,호동,살수,fe2b67647a0bc417aa751347b018cf0b227ae3ca722cd6d48acc0877f3201f4a,1083,478,418,500,640,18053496,4514118
은서빠,2024-12-20T08:33:05.875Z,캐릭터_일반,살수,부여,M,3.00492899924625e+17,837,호동,살수,fe2b67647a0bc417aa751347b018cf0b1c862c7d3975607be9b5322cbb601df5,1039,397,302,448,571,15512395,4231199
우주공,2021-12-22T03:18:29.875Z,캐릭터_일반,살수,고구려,F,4.754874082200791e+17,835,호동,살수,fe2b67647a0bc417aa751347b018cf0b5f4042683b54c2715f7bb48277a61681,1030,383,323,455,603,16020517,4072140
살숭,2021-12-22T02:33:33.625Z,캐릭터_일반,살수,부여,M,5.030428266572773e+17,833,호동,살수,fe2b67647a0bc417aa751347b018cf0b461ba7c6edfc0089e474ab411978a8e2,1084,515,327,484,681,15508288,4486738
연옥구겸,2025-03-06T13:30:59.375Z,캐릭터_일반,살수,고구려,M,6.69983198619546e+17,830,호동,살수,fe2b67647a0bc417aa751347b018cf0b938ada80feace250e8cfff10ac381018,1075,444,327,477,607,18039396,4629125
늑대,2023-02-26T02:10:26.625Z,캐릭터_일반,전사,부여,M,1.0780127776313736e+18,899,진,전사,05eb2a5a6229ee267e93ab8388364cbf,1317,539,400,526,724,25217642,4925434
무기,2020-07-27T11:57:24.375Z,캐릭터_일반,전사,고구려,M,1.1632708117083408e+17,810,진,전사,97e3ef842d789a7950ec1f34c9909cdf,993,410,318,435,561,13023208,3893254
김감자,2020-09-30T13:46:51.125Z,캐릭터_일반,전사,고구려,M,5.515850694380369e+16,804,진,전사,33e0f8c57e0f7b0c0ac8f8b7cbceb47c,926,381,299,409,507,14116651,3132871
탕롱돌동,2024-05-03T15:47:58.625Z,캐릭터_일반,전사,고구려,M,1.97168462637374e+17,806,진,전사,1bed48a885df642e7bc9e227b18dc7d2,1060,406,319,440,583,16271819,3139210
세인트가드,2024-12-05T06:15:58.5Z,캐릭터_일반,전사,부여,F,2.983842457315482e+17,810,진,전사,22591e9ef365b89d8202065390b5b2a6,985,412,313,425,571,14522674,1266263
체벌,2024-09-28T06:05:36.375Z,캐릭터_일반,전사,부여,F,1.1439241426033708e+18,800,진,전사,6334741fff5fa0d140a10bd554c30d38,1098,430,300,449,611,16850421,1262478
리마수타,2022-07-21T05:16:39.625Z,캐릭터_일반,전사,부여,F,6.883201899991918e+16,805,진,전사,9d4632e21fe4c8128633201ba9627c82,1014,398,316,512,550,16081112,849359
크루루로룩,2024-03-23T07:51:00.875Z,캐릭터_일반,전사,고구려,F,2610623916451.0,800,진,전사,aaba93aa4f11b7e93dafd4b85068ab7f,1042,366,295,436,554,15131621,841098
지깅,2020-07-23T08:48:45.875Z,캐릭터_일반,전사,부여,F,1984081335659.0,793,진,전사,97504bb971bc3fee81753326e0f0cb78,971,343,267,415,478,11999394,3229447
크로아상,2020-08-14T02:45:42.625Z,캐릭터_일반,전사,고구려,F,1.5201240275376116e+16,795,진,전사,7b77077745474485a8c306a4deb9de87,971,361,289,433,535,14635645,3314041
이별,2020-07-23T04:08:00.25Z,캐릭터_일반,도적,고구려,M,1.966202039008383e+16,899,진,도적,1ce9be6d5698ff9b10458a715d9a0a28,728,528,347,501,1281,24014230,5651288
조조,2020-07-23T04:07:33.625Z,캐릭터_일반,도적,고구려,M,1.2440339492475812e+16,899,진,도적,256c651dadc5382ad4e125a8bddf9ac4,712,485,360,506,1197,22933617,5418463
카토,2024-04-15T01:14:37.625Z,캐릭터_일반,도적,부여,M,7.386699087708125e+16,867,진,도적,19621aecd16ec8f647ab9f870007577d,601,433,369,473,1099,18299406,4567653
총수,2020-07-23T10:03:08.75Z,캐릭터_일반,도적,고구려,F,1.0001583196506404e+18,862,진,도적,95f3c8831ec4422b2e630d2b4cb1295a,628,431,354,507,1131,17961395,4417161
신디,2025-01-01T02:59:21.25Z,캐릭터_일반,도적,부여,F,1.5994872375177664e+18,830,진,도적,4f2ecfab9e20ef3a5cb5066728d3e587,558,400,348,464,997,14533573,4204676
이매,2023-08-21T10:52:00.625Z,캐릭터_일반,도적,부여,F,2.9436568058564256e+17,811,진,도적,5cc5d2d2d08b13f13265597bfeb2427b,558,422,307,435,1018,15609106,3958950
정성,,캐릭터_일반,도적,고구려,M,80203930129099.0,800,진,도적,3a4a7a19e56dedb3b72f6f99fb754f66,474,340,282,442,911,10636044,3248636
하느미,2020-07-23T04:05:49.625Z,캐릭터_일반,도적,부여,M,1.629987278923276e+17,801,진,도적,a55e719f3900113d826472112dc8273f,532,413,295,441,1026,15224010,4359412
도고적,2024-10-09T01:04:03.625Z,캐릭터_일반,도적,부여,F,6.831579219176556e+17,800,진,도적,8719f58bb71f9dd182d67979edde0a0f,532,356,304,445,1016,21419322,3883356
민첩한대머리,2025-04-13T06:40:43.625Z,캐릭터_일반,도적,부여,M,7.263507167495839e+17,810,진,도적,645e4ce38b08e71556c4c1b90de26983,600,393,289,448,1005,14216380,3504465
시즐,2020-08-08T13:23:30.375Z,캐릭터_일반,주술사,부여,F,1.6953639370419267e+17,899,진,주술사,3cc05359fa7e3448ecadce3818261c6a,505,1240,522,385,659,9154206,10412415
사신,2023-09-20T05:04:37.125Z,캐릭터_일반,주술사,고구려,M,47785132237267.0,887,진,주술사,a4729f3619021bb6351b464b8e9dfe98,466,1197,496,344,658,9529833,9664202
헬로방방이,2020-07-24T12:05:40Z,캐릭터_일반,주술사,고구려,M,7.896454542191309e+17,895,진,주술사,308b97e864b4677696a70685bad18343,496,1127,516,354,626,9848716,9716959
김태희,2023-07-26T08:18:30.125Z,캐릭터_일반,주술사,고구려,F,1.9712215072708493e+18,885,진,주술사,2133685c4cedda3aafa1a372e5637583,496,1201,515,330,603,8990719,11071064
패자,2020-07-23T04:03:17.875Z,캐릭터_일반,주술사,고구려,F,5.458153820689353e+16,866,진,주술사,1f337763291fc0d048c8b56990ec1ac9,496,1163,503,373,642,10594316,10615966
영잼,2024-04-25T11:51:11Z,캐릭터_일반,주술사,부여,F,1.795907955489536e+16,868,진,주술사,abbbab2c4cb0e9630ccb153162429982,569,1191,545,376,646,9390930,9411852
룽지,2020-08-12T21:18:01.625Z,캐릭터_일반,주술사,부여,F,8.027845414259763e+17,852,진,주술사,e8485875e6767852bf01da9eaae87404,499,1149,489,329,635,8502671,9538508
악똥,2023-01-07T13:26:19.5Z,캐릭터_일반,주술사,고구려,M,1530341173105694.0,850,진,주술사,9b18368a21d64ff838c8251db72bc142,498,1080,511,376,654,9788804,8438721
그린비트,2024-10-31T11:12:23.375Z,캐릭터_일반,주술사,부여,F,5.939229532674719e+17,840,진,주술사,a513eec0ded71fc4129255bf8e70ab12,460,1119,482,335,639,8450736,9142240
이세계유학파,2024-10-07T23:57:14.375Z,캐릭터_일반,주술사,부여,F,1.2519200256161506e+17,844,진,주술사,0aee947aa86e03e9c36dc715b9f6b983,458,1044,492,360,580,8291604,8943970
휴지통비우기,2024-09-13T09:19:30.25Z,캐릭터_일반,도사,고구려,F,2.131053486224182e+18,888,진,도사,df52760a0e24be6ff7300ed419c4e8b9,506,624,985,523,487,9428468,8817880
미소,2020-07-23T04:15:28.375Z,캐릭터_일반,도사,부여,M,6210483991236091.0,884,진,도사,c68576f47a60c170cefd65ff0e192d9a,467,690,1008,493,483,9719802,10663797
포도,2020-07-29T14:09:40.375Z,캐릭터_일반,도사,부여,F,1.7216301861284483e+17,857,진,도사,db32e0f7377274d3292fc0769605c362,432,639,984,488,451,9860768,9866677
김베리,2020-09-30T13:45:16.375Z,캐릭터_일반,도사,고구려,F,1.9052534527081776e+17,853,진,도사,67c101fe32d3ce4376ba26da4b162e3c,488,669,1006,507,447,10134464,10910809
파도,2020-07-23T04:08:22Z,캐릭터_일반,도사,고구려,M,1464243460372950.0,825,진,도사,9f7c5c514246273681e4d0cd3b244558,393,601,921,461,453,8579707,7628573
하나,2020-07-23T13:47:09.5Z,캐릭터_일반,도사,고구려,F,1.1296446321975772e+16,817,진,도사,4ebcbea13044c71fe7bbc96311b05c75,402,585,851,444,398,7982409,7046154
우산,2020-09-05T05:00:54Z,캐릭터_일반,도사,고구려,M,14979505664862.0,812,진,도사,4a8dc6094d5ed2f577366dd26c70f943,340,483,834,412,375,7011572,6244310
순후추,,캐릭터_일반,도사,고구려,F,21718320748353.0,809,진,도사,cb0b246e5b54733726355577d296cd88,371,494,883,443,379,7391022,6192738
챔잼,2024-05-05T12:12:14.125Z,캐릭터_일반,도사,부여,F,1197079659401025.0,818,진,도사,aa32c78a20d6f1200a362464ef25a0df,457,628,914,473,436,7642443,8067129
리지아,2024-04-18T12:17:13.125Z,캐릭터_일반,도사,부여,F,1.8461881327004588e+18,820,진,도사,03846f7e5c3aae9b0c9a45a8d0bfd787,402,585,853,431,446,6974353,8640247
질투,2020-07-23T04:07:41.75Z,캐릭터_일반,궁사,고구려,F,1803776782628378.0,899,진,궁사,e70943738fcd5a552d23d75360fb11c8,698,500,340,515,1254,23498490,5163391
황매화,2024-12-05T08:09:47.25Z,캐릭터_일반,궁사,부여,M,8187601120893522.0,842,진,궁사,e8f14b9b4f17dcc618bf915020410b04,615,485,332,509,1165,18979281,4555077
릴릿궁,2022-12-21T12:16:49.75Z,캐릭터_일반,궁사,고구려,F,2.755387777619878e+17,833,진,궁사,847432190cdd77472292d9c5a802e49f,559,421,359,502,1158,18437776,4612361
법뚜껑,2024-10-30T15:22:39Z,캐릭터_일반,궁사,고구려,M,3.1973094892276824e+16,841,진,궁사,74298dcc019daa435461ccc4e85ce30b,615,425,348,479,1124,16359401,4034338
저격,2021-04-23T12:52:32.875Z,캐릭터_일반,궁사,고구려,F,3.735049308306945e+17,817,진,궁사,ed0a02107b8b8d263a3386933480050e,560,430,305,453,972,14816008,4384794
우주,2020-08-16T12:59:07Z,캐릭터_일반,궁사,고구려,M,7.794979764735099e+16,809,진,궁사,f2753f09bea6dedb79fa2e7d2f00a365,586,444,357,468,1054,15609395,4276090
머쉬,2023-07-21T20:55:47.375Z,캐릭터_일반,궁사,고구려,M,1.962056779187024e+16,820,진,궁사,854d68f914d6203bfaf7b0f78d7127dd,557,384,340,442,1050,16992445,3749242
박꿍사,2024-08-11T09:35:57.125Z,캐릭터_일반,궁사,부여,F,5007018618240363.0,801,진,궁사,d850c1dd14e07aa6a8e3f4e12e12b5de,494,393,325,432,924,13427888,3435948
그까이꺼,2021-01-29T13:31:07.625Z,캐릭터_일반,궁사,부여,M,10982815486747.0,800,진,궁사,83df748f04622be310a592dec1c0cd7f,549,368,327,438,1065,14805684,2531246
차카니,2023-04-22T13:08:35.375Z,캐릭터_일반,궁사,고구려,M,1.3182866846380614e+17,800,진,궁사,76c7ff54fc9eec79c7f556ae1e975c90,577,358,284,443,972,13734841,1994103
스탁,2020-07-23T04:33:34.25Z,캐릭터_일반,천인,부여,M,1.7130592250128664e+16,899,진,천인,df92f5f3d187e8d7aea7dc9124d5e17f,742,1125,547,340,525,10500053,9092622
황천행,2020-08-01T01:53:54.5Z,캐릭터_일반,천인,고구려,M,1.4704407655988895e+18,875,진,천인,9fe1c1a7b1b15230b19be945b2e15fb7,699,1114,524,378,500,11412367,9247319
바보야,2024-03-09T13:51:22.125Z,캐릭터_일반,천인,고구려,M,2.4690961124643475e+17,855,진,천인,9f42a19178dc8f1d2794b205d5c0b836,638,1085,517,374,484,9397628,8742337
천십십사기,2023-08-17T06:28:01.75Z,캐릭터_일반,천인,고구려,M,1.9808606830291142e+17,832,진,천인,56f1cc8e7ec7602d25746dbcf8747e58,616,1011,481,317,446,10327289,7672046
쏭이,2024-09-06T02:18:51.75Z,캐릭터_일반,천인,부여,F,2.845559587074077e+17,825,진,천인,634dbcec37d3e3d18c462fd478159521,626,1057,486,336,507,10302477,7704311
삽살개,2024-09-06T15:54:06.375Z,캐릭터_일반,천인,고구려,M,6.80464819168613e+17,845,진,천인,db9ba16d053276f6f742b45bcdcf72c5,662,1039,500,342,505,9131130,7851950
모나양,2024-08-30T18:59:42.25Z,캐릭터_일반,천인,부여,F,6.5224397360404536e+16,807,진,천인,f1136b77a1347ac7f8fc74a17b87b2e1,556,981,451,298,419,9223153,7177614
마키나,2024-12-11T12:08:19.25Z,캐릭터_일반,천인,부여,F,1.433042739273094e+18,800,진,천인,d21a5798ad56dac7779f7ebed2da8202,558,985,425,293,412,8317126,6522813
시리피스,2024-09-24T12:18:49.625Z,캐릭터_일반,천인,부여,M,1.551837572258779e+17,812,진,천인,44589e149c28a22e98e3e4434dd5e726,649,1048,499,325,454,12833063,7108265
상무천,2023-09-25T05:24:57.375Z,캐릭터_일반,천인,고구려,M,3.828302390925258e+17,816,진,천인,a118f56d1a930ce89f93f3fb1677111d,619,973,470,334,405,7312074,6282116
블랙,2022-07-23T03:59:19.25Z,캐릭터_일반,마도사,고구려,F,1.1216627996348626e+16,845,진,마도사,9952d0b3a5ac2c5b9696b15faea79cde,468,1086,444,317,590,8229682,9431201
진실,2020-07-23T04:02:54.25Z,캐릭터_일반,마도사,고구려,M,2.8587590567286502e+17,816,진,마도사,3c94fcbc24f08aa2dbf175ae35d8d9fe,356,933,475,313,509,7128899,6937595
프리,2020-07-23T08:13:08.375Z,캐릭터_일반,마도사,고구려,F,6082400221673999.0,816,진,마도사,b91af9c6fe61e3ab4813638818909311,402,1063,437,295,553,7830133,8173121
김연아존예,2024-09-18T17:18:36.375Z,캐릭터_일반,마도사,고구려,M,1176354799479375.0,805,진,마도사,fa71f29f8adbf363491dfbf0e71e6f03,398,978,435,309,538,7682477,7262269
메에,2020-07-23T07:32:35.5Z,캐릭터_일반,마도사,부여,F,4.885871771804878e+16,804,진,마도사,3646bdec6f422f36b95bbe168e88e262,408,1011,495,317,555,8699174,8443370
네코광폭,2025-02-27T12:05:11.875Z,캐릭터_일반,마도사,고구려,M,7.912380926736315e+17,800,진,마도사,2d2913a84c28d89735526f5e778d6e46,388,1024,443,299,549,8039801,7208975
마뚜껑,2024-12-17T06:22:42.375Z,캐릭터_일반,마도사,고구려,M,7.262224454770018e+16,800,진,마도사,5e9752686e7a204a6c839edb938cbe5b,347,963,428,319,484,7345592,6397042
시리스,2024-12-08T11:31:33.125Z,캐릭터_일반,마도사,부여,F,4.6913540976660936e+16,806,진,마도사,5f4713a7c24bff5b21d02b1da42dd6df,380,966,438,306,515,7131401,7859329
아카츠키버프,2020-08-03T12:52:36.125Z,캐릭터_일반,마도사,고구려,M,7.095149678040796e+16,802,진,마도사,d8c2be6b2ba8635b3aad747e5137b2e5,409,931,442,310,504,6918286,6489299
버프내놔,2024-12-05T11:32:26.25Z,캐릭터_일반,마도사,부여,M,4.09217610139297e+16,800,진,마도사,02a7d795e30be2a716cd6fd94711ff17,374,943,465,290,508,6999830,7098907
피트,2020-07-23T04:39:30.25Z,캐릭터_일반,영술사,부여,F,1.3099085549389883e+18,899,진,영술사,2c44676a8530f375366dfd2c4c7b982c,555,1284,513,338,659,10665288,11425893
신주,2021-08-29T11:09:09.875Z,캐릭터_일반,영술사,부여,M,1.9808084089830671e+18,896,진,영술사,28692b0ad2b842a17522aac3cffdc9e1,489,1167,517,371,655,8501594,10586252
차크라,2020-09-20T04:57:18.875Z,캐릭터_일반,영술사,부여,M,3977855358944315.0,818,진,영술사,3ba9921e20fe6846c35fab961bdad0c4,429,1055,463,309,555,9306586,9069573
유난,2020-08-12T15:57:59.125Z,캐릭터_일반,영술사,고구려,F,2.6597199854005984e+16,813,진,영술사,639d613aa0c2a9ed6052839cd59d2889,420,947,458,338,552,8442403,6549199
태구,,캐릭터_일반,영술사,고구려,F,15683581064993.0,801,진,영술사,8a777a0df8fbf4e1544167db4d09166c,342,886,417,280,490,6766026,5910898
의식,2020-08-12T15:32:53.125Z,캐릭터_일반,영술사,고구려,F,3998823127436860.0,801,진,영술사,535d7c0787f485099945597b93139974,340,881,442,293,491,6387572,5499674
현신,2020-10-16T11:28:59.25Z,캐릭터_일반,영술사,부여,F,8.104693626369822e+16,802,진,영술사,ca3ec6da0f04823eebee837e1547bd8e,478,940,452,295,599,8414359,6511519
사스케,2021-07-29T04:58:35.625Z,캐릭터_일반,영술사,고구려,M,6.243311597023922e+16,800,진,영술사,d2b734a1535a8627c02f63b9b91f9ced,355,1028,412,316,479,7025004,7436696
귀법,2024-04-27T10:14:52.125Z,캐릭터_일반,영술사,부여,F,1.324018439083894e+17,807,진,영술사,55e2a75a7c6aacd60e2bd854251d200c,430,977,435,332,551,7127858,8126110
일라,2021-06-01T14:50:23.125Z,캐릭터_일반,영술사,고구려,M,1.0789323802108294e+17,800,진,영술사,2946805632261d0adc8d171c5620cada,453,1068,459,301,585,8040379,8822934
죠쓰,2020-07-23T09:44:47.875Z,캐릭터_일반,차사,부여,M,9540995079063394.0,899,진,차사,1d3950898e25288f528ec4817d543cc6,773,476,369,513,1193,22589658,4533818
래자,2020-07-25T08:14:48.25Z,캐릭터_일반,차사,고구려,F,9.772359374147946e+16,803,진,차사,25f00aac1c8b380cc92ddaf56b2cd386,540,350,296,417,907,15414810,3984957
당월,2024-08-27T01:14:50.25Z,캐릭터_일반,차사,부여,F,1.603949738628544e+16,800,진,차사,0ce6706ff052005faaef5774e2ac4408,582,357,310,402,981,13031237,3206578
사신삼,2020-07-30T12:19:04.125Z,캐릭터_일반,차사,고구려,M,2189324522446464.0,801,진,차사,e695f16ae5163d977a444fbab31447e5,514,352,272,412,979,12996621,3253051
소수,2020-08-12T15:02:39.875Z,캐릭터_일반,차사,부여,F,1.1365786978274868e+18,810,진,차사,4a1de9a03477b3ee3d6a35914329b38a,582,366,293,439,953,15029031,3244577
깡철,2020-08-01T01:39:38.75Z,캐릭터_일반,차사,부여,M,2.4869426459911264e+16,807,진,차사,618caa21c8068737740dbb59d69962ad,583,388,272,406,922,15085487,1712339
케뽀,2021-07-31T09:17:04.5Z,캐릭터_일반,차사,부여,M,9.773043138793712e+16,801,진,차사,3820678496bd6fa170acc1e233b98dc2,594,369,298,418,1039,14272515,1009874
동계,,캐릭터_일반,차사,부여,M,929859513964.0,793,진,차사,4cde7933f76008da0960db8268f08973,483,359,307,407,886,11099300,3191859
혜카,2024-12-15T09:37:40.25Z,캐릭터_일반,차사,고구려,F,6604722129331423.0,780,진,차사,4fd9d670000ddb3bd740d921fa201d63,504,340,282,458,915,11817978,3117243
미아리,,캐릭터_일반,차사,부여,M,188004429693695.0,790,진,차사,16c20443664f9968b35557afe2833448,453,321,266,397,845,10125096,2703245
바견아,2024-09-29T14:28:12.625Z,캐릭터_일반,살수,고구려,M,2.0955824278502377e+18,888,진,살수,330ccfca97b485c586520813c4f75b65,1150,453,375,501,692,19933297,4449303
바나낫,2021-12-24T19:41:27.25Z,캐릭터_일반,살수,부여,F,1177224247502978.0,814,진,살수,58f9e584509ba4a0c58c0c9a6aceff4c,983,378,308,433,548,13907739,4101160
차밍,2022-09-07T04:54:35.875Z,캐릭터_일반,살수,고구려,M,2.3091559007955578e+17,835,진,살수,f4f11f7efdee1a3b28778f9a3abf7171,1008,431,332,474,572,15820297,2181881
참수,2024-02-10T17:41:55.25Z,캐릭터_일반,살수,부여,M,6.026933865307626e+17,815,진,살수,22e952387f6673f015254e7e4a0706fa,1020,398,346,440,561,14858129,1754921
마피아빈센조,2021-12-22T07:21:21.375Z,캐릭터_일반,살수,부여,M,1.5775447680587716e+16,802,진,살수,1ad77d8888f494dbdc13ed72a2f65c7d,1020,385,313,473,515,13697409,1474809
명쾌,2025-05-02T06:48:39.125Z,캐릭터_일반,살수,부여,F,1.0423023911301715e+17,806,진,살수,4ddb4992155bf1f714c82e521118452b,1085,425,307,449,585,15313809,793694
포비츠,2025-02-08T13:18:43.5Z,캐릭터_일반,살수,부여,F,1767215145693.0,791,진,살수,affadd68e4702940330fc4a12066c984,877,345,298,414,512,12614360,3698896
자체,2023-12-25T15:19:50.375Z,캐릭터_일반,살수,부여,F,1285325248539359.0,798,진,살수,6150114134a3128cddbc2e04376707ec,883,339,285,413,495,12799967,3261919
수고,,캐릭터_일반,살수,고구려,M,62259724464443.0,793,진,살수,aa954c11cb27fbb4085deea031fd4bde,890,332,270,411,478,11001956,2757817
디귿,2024-01-09T17:10:27Z,캐릭터_일반,살수,부여,F,1.372021534174149e+16,769,진,살수,ce792f03c01cb314c634a3320376b384,867,363,294,387,484,10652558,3118127
