user_name,grade_ranking,season_grade_ranking,recent_win_rate,recent_kill_death_rate,recent_assault_rate,recent_sniper_rate,recent_special_rate,solo_rank_match_score,party_rank_match_score,is_win,is_draw,is_loss,kill,death,assist,total_matches,match_id,match_result,team_id,target
긱스,2438.0,40866.0,81.666664,58.0,54.000004,72.666664,61.971832,1652,1999,1,0,0,1,1,1,1,250807010514124001,,,
위티,36592.0,43927.0,58.333332,53.500004,52.666664,63.333332,47.0,3961,2400,1,0,0,2,0,0,1,250807010514124001,,,
갱스터,1730.0,64078.0,65.0,54.000004,53.264606,69.333336,61.53846,1800,1800,1,0,0,1,0,1,1,250807010514124001,,,
흑인이싸면깜찍~,256419.0,57704.0,51.666664,54.000004,51.0,65.333336,50.0,3599,2631,1,0,0,1,0,0,1,250807010514124001,,,
허혜미,4082.0,53256.0,48.333332,46.833332,47.666664,56.666668,48.333332,2273,1800,1,0,0,0,0,2,1,250807010514124001,,,
랜딩,22589.0,42232.0,48.333332,51.833332,52.666664,66.333336,45.161289,2451,2516,0,0,1,10,12,5,1,250805171555124002,,,
1엄준식,5752102.0,1340913.0,27.586206,36.235294,35.483871,39.055794,0.0,1400,1400,0,0,1,6,15,2,1,250805171555124002,,,
이뚠딴,28162.0,14764.0,66.666672,53.46154,47.368423,62.5,50.0,1908,2123,1,0,0,11,8,2,1,250805171555124002,,,
봄겨울가을,79402.0,123795.0,58.333332,57.333332,53.815262,69.333336,62.0,1800,2364,1,0,0,18,10,4,1,250805171555124002,,,
황장군이야,6198853.0,8476329.0,3.333333,36.833336,38.666664,47.666668,39.285713,1400,1400,1,0,0,7,9,7,1,250805171555124002,,,
사자,4.0,7.0,78.333336,59.166664,55.666668,63.0,59.666668,3681,2799,1,0,0,13,5,2,1,250806194844124002,,,
전설,140.0,100.0,95.0,58.333332,57.0,71.333336,60.333332,2086,1960,1,0,0,14,1,0,1,250604230858124001,,,
신치,50013.0,21398.0,71.666664,34.166668,24.666668,58.100559,11.0,1350,1400,1,0,0,0,4,4,1,250604230858124001,,,
코코볼,4646.0,13606.0,100.0,64.666664,57.0,79.333336,67.0,1400,981,1,0,0,10,8,4,1,250729025420124001,,,
crazy,13071.0,10576.0,48.333332,52.999996,54.333332,62.0,54.0,2697,3399,1,0,0,12,7,1,1,250719011350125001,,,
은아가,227662.0,65936.0,50.0,40.833332,43.333332,39.666668,42.333332,2472,1600,1,0,0,3,9,2,1,250719011350125001,,,
isabel♡,83614.0,24182.0,46.666668,57.666664,60.000004,58.0,58.666668,4243,2500,1,0,0,12,7,2,1,250719011350125001,,,
Faker,117709.0,115875.0,51.666664,60.5,59.0,71.0,66.0,2500,2500,1,0,0,17,3,0,1,250719011350125001,,,
제트업,170961.0,2878.0,46.666668,46.0,46.666668,63.0,57.666668,2275,2132,1,0,0,8,7,5,1,250719011350125001,,,
레닝이,1390.0,8479.0,46.666668,55.0,52.0,68.674698,54.333332,1874,3026,1,0,0,6,0,0,1,250527162132124001,,,
타루,46.0,356.0,100.0,77.5,85.333336,96.0,56.333332,2350,2350,1,0,0,14,0,2,1,250527162132124001,,,
생수아저씨,559486.0,152524.0,53.333336,50.5,37.333332,60.666668,41.333332,1653,1350,0,0,1,12,11,2,1,250807145617124001,,,
생수아저씨,559486.0,152524.0,53.333336,50.5,37.333332,60.666668,41.333332,1653,1350,1,0,0,8,6,1,1,250807162422124001,,,
핏자국,74.0,1218.0,100.0,75.833336,28.571428,82.0,53.19149,1893,1400,1,0,0,17,5,2,1,250807145617124001,,,
M249Master,1372878.0,236029.0,45.0,45.333336,50.666668,51.094891,40.721649,1037,1400,0,0,1,8,11,0,1,250807145617124001,,,
민덩이달려,948038.0,301946.0,51.666664,37.333332,34.0,30.333334,32.333332,1400,1400,0,0,1,3,12,3,1,250807145617124001,,,
민덩이달려,948038.0,301946.0,51.666664,37.333332,34.0,30.333334,32.333332,1400,1400,1,0,0,3,5,3,1,250807162422124001,,,
SeulYUNA,4334653.0,467761.0,60.000004,43.51852,0.0,45.121952,0.0,1400,1400,1,0,0,9,11,0,1,250807145617124001,,,
가은잉♡,53854.0,100435.0,43.333332,43.0,40.333332,45.666668,42.857143,1192,1425,1,0,0,8,7,7,1,250807145617124001,,,
한번해,43.0,86.0,100.0,72.727272,0.0,80.0,0.0,2146,2035,1,0,0,8,3,0,1,250806185753124001,,,
몸믜,164860.0,532672.0,45.0,47.666664,40.0,62.0,48.333332,1762,1400,1,0,0,10,1,1,1,250806185753124001,,,
떕떞이,497908.0,594675.0,58.333332,43.5,36.333336,48.666668,51.923077,1430,1400,1,0,0,3,2,1,1,250806185753124001,,,
아포스뜨리,7213.0,22721.0,75.0,37.166668,40.666668,40.0,55.0,1750,1750,1,0,0,6,4,0,1,250806174548124001,,,
역삼동그깽,185541.0,141932.0,48.333332,43.666668,40.333332,43.157894,46.715328,1400,1400,0,0,1,3,9,2,1,250806174548124001,,,
히히,55.0,92.0,46.666668,48.833336,0.0,56.666668,80.0,2121,1800,0,0,1,4,8,1,1,250806174548124001,,,
엠빠,677.0,2098.0,63.333332,54.166668,48.333332,60.0,52.333332,1799,1550,1,0,0,9,8,2,1,250806174548124001,,,
회민,4788.0,19129.0,91.666672,64.166664,0.0,76.666664,0.0,1400,1400,1,0,0,9,4,3,1,250806174548124001,,,
2.14솔향18ST,8237.0,27101.0,50.0,53.587444,55.752213,65.765762,0.0,2316,1800,0,0,1,9,7,0,1,250806174548124001,,,
황숏,369014.0,701653.0,20.0,42.166664,40.666668,40.0,34.0,1400,1400,0,0,1,7,10,1,1,250731170558124001,,,
유뭉이,5744121.0,612946.0,46.666668,50.0,52.0,66.0,58.333332,1645,1296,0,0,1,5,13,1,1,250807163402124001,,,
Jodia,58430.0,15995.0,93.333336,57.333332,49.666668,67.333336,46.333332,1956,1498,1,0,0,12,10,1,1,250807163402124001,,,
lIlllIlIlIlllI,307329.0,190546.0,46.666668,52.999996,52.999996,70.0,56.333332,1400,1400,0,0,1,14,8,1,1,250807163402124001,,,
그사건,82.0,278.0,51.666664,47.166668,50.666664,66.0,51.666668,2586,2542,1,0,0,9,9,2,1,250807163402124001,,,
영민,89.0,513.0,91.666672,57.833332,52.093021,68.333336,60.344826,1750,2175,1,0,0,12,1,1,1,250721122527124001,,,
고구마지단,1144665.0,127179.0,0.0,37.666668,40.0,36.776859,27.666666,1400,1400,0,0,1,2,11,0,1,250721122527124001,,,
여심폭격기최인후,433328.0,28009.0,16.666668,42.5,43.0,51.0,38.666668,1400,1400,0,0,1,1,10,0,1,250721122527124001,,,
llllIlllllIIIllI,3072973.0,348981.0,50.0,42.166664,41.0,46.907215,34.666668,1683,1400,1,0,0,6,2,4,1,250721122527124001,,,
뽀로로롤,996599.0,136067.0,8.333334,36.333336,34.0,37.272728,52.941177,1400,1400,0,0,1,4,7,2,1,250807162422124001,,,
뽀로로롤,996599.0,136067.0,8.333334,36.333336,34.0,37.272728,52.941177,1400,1400,0,0,1,2,12,4,1,250807163350124002,2.0,0.0,0.0
깽나미,5347.0,25459.0,100.0,80.0,0.0,100.0,66.666664,1607,1400,1,0,0,10,2,1,1,250807162422124001,,,
진재훈,4212171.0,691336.0,5.0,38.833332,38.333332,40.0,48.096886,1400,1400,0,0,1,5,7,1,1,250807162422124001,,,
진재훈,4212171.0,691336.0,5.0,38.833332,38.333332,40.0,48.096886,1400,1400,0,0,1,7,11,0,1,250807163350124002,2.0,0.0,0.0
도룡잉,369702.0,144293.0,23.333334,38.5,39.666668,37.666668,38.666668,1400,1246,0,0,1,2,3,0,1,250807162422124001,,,
도룡잉,369702.0,144293.0,23.333334,38.5,39.666668,37.666668,38.666668,1400,1246,0,0,1,11,11,1,1,250807163350124002,2.0,0.0,0.0
화물연대인천지부,381900.0,201148.0,36.666668,57.833332,51.0,67.333336,50.666668,1400,1400,1,0,0,18,4,2,1,250807163350124002,1.0,1.0,1.0
화물연대부산지부,6299515.0,701422.0,5.0,28.0,26.333334,30.0,34.0,1400,1400,1,0,0,4,9,0,1,250807163350124002,1.0,1.0,1.0
양기헌,492489.0,885577.0,46.666668,48.833332,49.0,62.0,45.333332,1400,1400,0,0,1,1,6,1,1,250622023323125001,2.0,1.0,0.0
깜방,566515.0,73695.0,71.666664,62.0,59.666668,73.0,66.153847,2799,3081,1,0,0,6,2,2,1,250622023323125001,1.0,0.0,1.0
구남동상남자,376336.0,96524.0,41.666668,39.666668,39.333336,45.333332,37.666668,1414,1502,1,0,0,4,0,3,1,250622023323125001,1.0,0.0,1.0
트럼프,180146.0,64187.0,43.333332,42.5,41.666668,49.0,55.0,2007,2000,0,0,1,1,6,0,1,250622023323125001,2.0,1.0,0.0
오또깡,209527.0,31032.0,38.333332,41.0,40.333332,52.333332,39.666668,1435,1421,0,0,1,2,6,0,1,250622023323125001,2.0,1.0,0.0
머루하지,76737.0,102464.0,33.333336,56.166668,53.666668,67.0,50.943398,1569,1400,1,0,0,10,2,0,1,250423030347124001,1.0,0.0,1.0
플레이잼잼,69323.0,166696.0,55.263157,47.277935,0.0,0.0,47.0,1400,1400,1,0,0,4,3,2,1,250423030347124001,1.0,0.0,1.0
칠보장어,68.0,1005.0,75.0,55.5,31.25,33.333332,48.333332,1654,1500,0,0,1,2,7,0,1,250423030347124001,2.0,1.0,0.0
방갑숴,831565.0,223273.0,48.333332,56.833332,56.0,61.0,57.0,1713,2288,1,0,0,8,2,4,1,250423030347124001,1.0,0.0,1.0
아니도링,2100.0,47.0,98.333336,51.333332,58.333332,53.666668,51.0,2047,1950,0,0,1,0,1,0,1,250423030347124001,2.0,1.0,0.0
lIIlIllIlllIIIl,48465.0,24451.0,25.0,54.5,51.666664,65.666664,39.130436,1800,1828,1,0,0,23,9,2,1,250806204730124001,1.0,1.0,1.0
포도유유,1748421.0,168192.0,45.0,41.833332,38.666664,0.0,38.0,1400,1269,0,0,1,16,11,3,1,250806204730124001,2.0,0.0,0.0
포도우유아빠,731721.0,321457.0,46.666668,39.666668,39.666668,41.333332,38.333332,1400,1400,0,0,1,7,13,3,1,250806204730124001,2.0,0.0,0.0
色女,63.0,938.0,36.666668,39.666668,38.666664,36.666668,40.0,1169,1400,0,0,1,3,13,2,1,250806204730124001,2.0,0.0,0.0
여고생보직구멍,1373737.0,126962.0,16.666668,26.666668,24.333334,0.0,0.0,1554,1358,1,0,0,5,9,0,1,250806204730124001,1.0,1.0,1.0
으악기,749593.0,52475.0,45.0,48.666668,43.666668,62.333332,44.0,1538,1500,1,0,0,9,8,6,1,250806204730124001,1.0,1.0,1.0
정말,81.0,121.0,55.813957,55.263157,58.851677,0.0,55.555557,2999,2599,1,0,0,18,10,0,1,250806174632124003,1.0,1.0,1.0
Οl나경,466297.0,137388.0,1.666667,36.0,40.333332,49.333332,42.666668,1235,1400,1,0,0,5,12,1,1,250806174632124003,1.0,1.0,1.0
예천,683961.0,100314.0,43.333332,36.5,37.0,30.0,30.666666,1400,1368,1,0,0,1,3,0,1,250420192610124001,1.0,1.0,1.0
따뜻하게입고다녀,75.0,147.0,76.666664,67.333336,55.333332,86.0,63.666668,2656,2000,1,0,0,22,6,1,1,250420192610124001,1.0,1.0,1.0
야누스,71.0,53810.0,60.000004,61.0,55.666668,75.666664,52.666668,1500,1517,1,0,0,13,10,3,1,250609061353124001,1.0,1.0,1.0
예민보스해니,17064.0,731511.0,50.0,45.833336,43.666668,48.333332,48.0,1400,1333,1,0,0,7,10,3,1,250609061353124001,1.0,1.0,1.0
RedWhip,76145.0,319619.0,45.0,54.833336,53.666668,68.0,57.196968,1799,1594,1,0,0,16,11,2,1,250609061353124001,1.0,1.0,1.0
lullaby~♥,104.0,721.0,96.666664,66.166672,66.666672,82.666664,67.333336,2799,3892,1,0,0,15,10,2,1,250804121700124001,1.0,0.0,1.0
후후하하히히,2884545.0,1073910.0,20.0,56.333332,55.0,72.666664,41.666668,1400,1400,0,0,1,15,12,1,1,250804121700124001,2.0,1.0,0.0
체하나,2025845.0,211944.0,46.666668,37.0,30.0,51.333332,36.363636,1246,1400,0,0,1,5,13,3,1,250804121700124001,2.0,1.0,0.0
고도리1번,125.0,2979.0,51.666664,53.333336,52.333332,68.333336,50.666668,1799,1681,0,0,1,5,11,0,1,250806234618124001,2.0,1.0,0.0
하밥이,568369.0,28572.0,63.333332,48.833336,50.0,53.666668,52.0,2799,3176,1,0,0,9,5,2,1,250806234618124001,1.0,0.0,1.0
Melissa♡,225743.0,171596.0,64.705887,58.499996,0.0,68.333336,100.0,2862,1884,0,0,1,6,10,1,1,250806234618124001,2.0,1.0,0.0
ceIebrity♡,12364.0,12497.0,98.333336,65.5,63.666668,78.666664,72.333336,2546,3655,1,0,0,11,6,0,1,250806234618124001,1.0,0.0,1.0
조금세,16565.0,1117.0,46.666668,38.833332,44.0,74.666664,32.666668,2799,2609,1,0,0,8,10,3,1,250807145954124001,1.0,0.0,1.0
lilitu,26599.0,34069.0,45.0,50.666664,47.0,61.0,48.57143,1619,2593,1,0,0,13,7,5,1,250807145954124001,1.0,0.0,1.0
고말순,71447.0,9495.0,50.0,46.166668,46.333332,62.0,50.0,3020,2849,1,0,0,13,9,4,1,250807145954124001,1.0,0.0,1.0
웅3잉,138.0,12293.0,75.0,57.333332,58.666664,65.666664,56.0,2870,2732,0,0,1,13,9,0,1,250807145954124001,2.0,1.0,0.0
ㅆ놈,2454104.0,257441.0,43.333332,42.5,42.666668,49.333332,46.470589,1712,1515,0,0,1,1,9,0,1,250806032445119001,2.0,1.0,0.0
거친,105.0,375.0,61.666668,60.666668,62.0,0.0,66.333336,2999,3057,1,0,0,9,5,4,1,250806032445119001,1.0,0.0,1.0
어재,23362.0,6484.0,100.0,59.016396,57.40741,0.0,0.0,2199,2197,1,0,0,15,5,2,1,250806032445119001,1.0,0.0,1.0
마루는기여워,4006.0,3755.0,45.0,63.333332,63.666664,76.333336,60.333332,2850,2678,0,0,1,10,9,0,1,250806032445119001,2.0,1.0,0.0
오늘의날,2123525.0,222527.0,53.333336,42.0,39.0,52.333332,47.953217,1400,1290,1,0,0,4,6,3,1,250806032445119001,1.0,0.0,1.0
[애옹],521047.0,284690.0,45.0,43.5,45.666668,55.0,51.445087,1718,1645,0,0,1,4,9,0,1,250806032445119001,2.0,1.0,0.0
승찬,3957.0,122714.0,51.666664,60.166668,57.666664,73.0,60.666668,2400,3066,0,0,1,13,12,4,1,250802002020124003,2.0,0.0,0.0
cosala,2684.0,6738.0,48.333332,54.5,56.333332,63.666668,57.666668,3939,2300,1,0,0,20,9,1,1,250802002020124003,1.0,1.0,1.0
ㄷㄷ,134.0,88.0,55.555557,63.75,66.666672,20.0,0.0,2350,2350,1,0,0,5,14,12,1,250802002020124003,1.0,1.0,1.0
수민,271.0,71.0,70.0,52.833332,50.666664,64.0,47.727272,2799,3210,0,0,1,13,12,4,1,250802002020124003,2.0,0.0,0.0
창욱,737.0,116.0,95.0,61.0,55.0,77.666664,61.666668,3950,3295,1,0,0,5,5,3,1,250802002020124003,1.0,1.0,1.0
myway,114.0,117.0,75.0,60.666668,56.333332,71.666664,62.666668,3888,3082,0,0,1,11,13,3,1,250802002020124003,2.0,0.0,0.0
단꿀,77098.0,256845.0,38.333332,40.666668,25.333334,20.333334,36.333332,1400,1400,0,0,1,6,11,3,1,250801234848124001,2.0,0.0,0.0
예슬,136.0,504.0,95.0,62.0,66.666664,74.666664,64.0,1999,2383,1,0,0,18,8,1,1,250801234848124001,1.0,1.0,1.0
미소뀨,245971.0,105906.0,61.666668,31.833332,32.666664,29.032259,100.0,1400,1400,1,0,0,3,10,8,1,250801234848124001,1.0,1.0,1.0
카이조,2513.0,4531.0,56.666668,49.666668,37.666668,57.0,43.0,1336,1783,1,0,0,10,11,3,1,250801234848124001,1.0,1.0,1.0
우떼,182184.0,36222.0,46.666668,49.333336,48.333332,60.0,53.333332,2122,2818,0,0,1,15,9,1,1,250801234848124001,2.0,0.0,0.0
정또지,79367.0,75437.0,48.333332,38.666664,37.333332,51.0,37.333332,1400,1400,0,0,1,3,12,3,1,250801234848124001,2.0,0.0,0.0
너무귀여움,750332.0,128158.0,51.666664,57.5,0.0,65.333336,0.0,1400,1650,0,0,1,11,11,0,1,250801234848124001,2.0,0.0,0.0
bentori,36075.0,832.0,53.333336,57.833332,58.999996,64.333336,53.666668,4217,2450,1,0,0,10,2,0,1,250720225729124002,1.0,1.0,1.0
임상아,4041.0,2039.0,0.0,0.0,0.0,0.0,0.0,2762,3285,0,0,1,4,6,2,1,250720225729124002,2.0,0.0,0.0
주빈,24076.0,92081.0,50.0,46.0,41.333332,58.666668,47.0,1600,1799,1,0,0,4,6,4,1,250720225729124002,1.0,1.0,1.0
BeagIe,1566.0,648.0,51.666664,57.333332,60.000004,72.333336,55.0,3316,2450,0,0,1,4,5,1,1,250720225729124002,2.0,0.0,0.0
천재,97.0,500.0,80.0,59.833336,58.0,71.333336,56.0,2450,2450,1,0,0,4,4,1,1,250720225729124002,1.0,1.0,1.0
오또시ㅋ,98352.0,25662.0,79.166664,60.098522,68.421051,65.5914,0.0,1400,1775,1,0,0,7,4,2,1,250720225729124002,1.0,1.0,1.0
살짝홀릭,185022.0,64584.0,51.666664,52.0,57.666664,51.0,56.451614,1400,1400,1,0,0,9,10,2,1,250428041105124001,1.0,0.0,1.0
살짝흐림,105.0,1305.0,55.0,57.333332,59.0,67.666664,60.0,2400,2400,1,0,0,11,9,5,1,250428041105124001,1.0,0.0,1.0
살짝테크,106570.0,77369.0,53.333336,55.5,55.333336,67.666664,40.384617,1500,2091,1,0,0,14,8,1,1,250428041105124001,1.0,0.0,1.0
사랑.Dc,53021.0,9762.0,46.666668,47.5,46.0,52.666668,48.666668,1500,1500,0,0,1,9,12,1,1,250405000928124001,2.0,0.0,0.0
깽히,146.0,4382.0,38.333332,55.5,56.333332,72.0,58.666668,1750,2975,1,0,0,19,9,1,1,250405000928124001,1.0,1.0,1.0
빠툐,103469.0,162175.0,58.333332,57.823128,0.0,63.157894,66.666664,1950,1950,0,0,1,11,13,4,1,250405000928124001,2.0,0.0,0.0
에스,86998.0,317865.0,50.0,44.666668,39.666668,48.666668,42.666668,1400,1400,1,0,0,5,11,2,1,250405000928124001,1.0,1.0,1.0
민감도적응중,101841.0,22570.0,48.333332,52.999996,52.333332,67.666664,58.333332,2296,3235,1,0,0,5,6,5,1,250806225241119001,1.0,0.0,1.0
쌈밥,16728.0,19829.0,51.666664,40.0,38.666664,54.0,39.0,2288,3576,1,0,0,3,6,3,1,250806225241119001,1.0,0.0,1.0
조건,44063.0,6351.0,51.666664,58.0,58.0,74.666664,57.0,2607,3227,1,0,0,7,3,0,1,250806225241119001,1.0,0.0,1.0
KiHyun,16404.0,7108.0,48.333332,53.500004,47.666664,60.333332,49.666668,2614,3328,0,0,1,11,7,0,1,250806225241119001,2.0,1.0,0.0
최민소,67913.0,51127.0,51.666664,57.333332,60.333336,72.666664,48.0,2799,1800,1,0,0,10,4,0,1,250806225241119001,1.0,0.0,1.0
녹화,3759.0,161.0,55.172413,50.5,55.555557,54.938271,55.405407,3188,3199,0,0,1,2,6,1,1,250806225241119001,2.0,1.0,0.0
정밍,8370.0,5025.0,48.333332,58.666664,55.666668,73.666664,52.0,2575,3701,1,0,0,9,5,1,1,250806225241119001,1.0,0.0,1.0
성이님,149.0,9669.0,96.666664,64.166664,63.0,78.666664,58.0,2854,3152,1,0,0,5,4,5,1,250806225241119001,1.0,0.0,1.0
유나봉,1783281.0,432401.0,51.666664,49.0,42.0,63.0,42.281879,1400,1400,1,0,0,11,9,1,1,250806205115124001,1.0,1.0,1.0
윤민영내장지방11,4228608.0,807673.0,26.666668,38.0,34.333332,50.0,40.404041,1400,1400,0,0,1,3,11,4,1,250806205115124001,2.0,0.0,0.0
문백이ub,42645.0,13129.0,53.333336,53.666668,52.0,72.333336,51.0,3597,1800,0,0,1,9,8,0,1,250806205115124001,2.0,0.0,0.0
버블리유,1159229.0,707164.0,35.0,47.833332,48.333332,55.333332,46.0,1400,1400,0,0,1,13,10,0,1,250806205115124001,2.0,0.0,0.0
멋웅,215047.0,142345.0,42.857143,48.874599,22.222223,59.903381,0.0,1400,1400,1,0,0,5,8,0,1,250806205115124001,1.0,1.0,1.0
30대무빙,639616.0,86980.0,50.0,58.666664,0.0,70.333336,0.0,1400,1400,1,0,0,18,7,0,1,250806205115124001,1.0,1.0,1.0
박사장시종,1133219.0,1356171.0,50.0,45.666668,47.333332,52.333332,45.714287,1400,1400,0,0,1,10,7,4,1,250806205115124001,2.0,0.0,0.0
흐안차은우,472699.0,87392.0,0.0,37.0,35.666664,38.666668,39.0,1234,1400,0,0,1,4,14,2,1,250807120129124001,2.0,1.0,0.0
와진짜개별로,878469.0,163973.0,0.0,41.666664,42.333336,45.333332,41.509434,1400,1400,0,0,1,11,12,5,1,250807120129124001,2.0,1.0,0.0
총알받이♪,670923.0,120989.0,0.0,50.833332,35.333332,57.0,40.666668,1400,1400,0,0,1,13,11,6,1,250807120129124001,2.0,1.0,0.0
캐나다메이플,484545.0,777403.0,51.666664,48.666668,37.666668,63.333332,43.037975,1400,1400,1,0,0,6,13,9,1,250807120129124001,1.0,0.0,1.0
박상키,10195.0,4496.0,66.666664,60.166668,56.756756,69.333336,0.0,1900,2149,1,0,0,15,10,0,1,250807120129124001,1.0,0.0,1.0
이도철입니다,76642.0,83721.0,53.333336,48.201439,41.148327,57.435898,56.81818,2328,2325,1,0,0,15,11,1,1,250807120129124001,1.0,0.0,1.0
보물,170.0,3367.0,85.714287,49.127182,51.829266,100.0,42.758621,1440,1852,1,0,0,14,10,5,1,250807120129124001,1.0,0.0,1.0
데들리,30761.0,5220.0,53.333336,48.166664,45.666668,56.666668,39.0,3668,2400,1,0,0,12,11,7,1,250806230547124002,1.0,1.0,1.0
핵키,201.0,3730.0,56.896553,55.172413,57.525085,60.91954,33.333332,3944,2400,1,0,0,13,9,4,1,250806230547124002,1.0,1.0,1.0
hayoung,8262.0,28139.0,53.333336,49.0,46.666668,60.669456,56.0,2131,2069,1,0,0,10,12,3,1,250806230547124002,1.0,1.0,1.0
Xeiya,92647.0,18967.0,46.666668,55.5,51.0,65.333336,47.0,4280,2599,1,0,0,19,10,2,1,250806230547124002,1.0,1.0,1.0
최석진,4437.0,14887.0,51.666664,55.0,53.333336,70.333336,51.0,2000,2400,1,0,0,14,8,2,1,250806230547124002,1.0,1.0,1.0
삼백,4741.0,8923.0,53.333336,56.833332,60.000004,60.333332,57.666668,1999,1600,0,0,1,10,13,5,1,250806203422124003,2.0,0.0,0.0
세금계산서,197.0,90.0,98.333336,68.666664,68.666664,80.0,52.0,2399,1755,1,0,0,12,5,2,1,250806203422124003,1.0,1.0,1.0
만취남^^;,636.0,638.0,61.666668,53.833336,1.333333,64.666664,49.333332,1800,1761,1,0,0,11,10,2,1,250806203422124003,1.0,1.0,1.0
나현아잘하자,705154.0,259842.0,51.666664,44.0,43.0,29.333334,40.0,1400,1400,0,0,1,9,10,3,1,250806203422124003,2.0,0.0,0.0
【NickName】,49433.0,47856.0,36.666668,48.833336,44.725739,56.14035,0.0,1400,1400,0,0,1,7,10,3,1,250806203422124003,2.0,0.0,0.0
김휜둥,36258.0,30957.0,61.666668,55.166668,56.969696,63.333332,57.142857,1437,1421,1,0,0,9,9,3,1,250806203422124003,1.0,1.0,1.0
에보1위얀느,29758.0,15976.0,100.0,66.666672,52.173912,73.333336,58.035713,1400,1400,1,0,0,10,5,1,1,250806234605124003,1.0,0.0,1.0
잉잉,176.0,704.0,100.0,62.5,62.333332,77.666664,66.333336,1941,1400,1,0,0,4,5,6,1,250806234605124003,1.0,0.0,1.0
마루'^',6127.0,9668.0,100.0,62.333332,57.333332,74.0,37.5,2049,1794,1,0,0,12,6,0,1,250806234605124003,1.0,0.0,1.0
완스,429641.0,61527.0,51.666668,56.833332,57.333332,71.666664,63.666668,1800,1400,1,0,0,10,8,3,1,250317145752124001,1.0,1.0,1.0
흡성대법,336279.0,35012.0,46.666668,43.666668,48.0,45.0,44.333332,1648,2219,0,0,1,6,11,5,1,250317145752124001,2.0,0.0,0.0
윤겔라,9107.0,15133.0,86.666664,56.333332,49.666668,72.333336,54.545456,1500,1500,1,0,0,13,8,2,1,250806003314124001,1.0,1.0,1.0
YUNSEUL,44898.0,142342.0,76.666664,37.833332,40.333332,26.666666,27.5,1400,1337,1,0,0,14,12,6,1,250806003314124001,1.0,1.0,1.0
효성,142404.0,310609.0,58.333332,56.0,52.999996,72.333336,56.0,2780,2396,1,0,0,11,9,3,1,250806003314124001,1.0,1.0,1.0
요네,205.0,1589.0,60.000004,60.833336,56.666668,76.666664,59.0,2999,3199,0,0,1,18,10,1,1,250806003314124001,2.0,0.0,0.0
byedaybye,154251.0,47277.0,50.0,56.0,57.666664,67.171715,80.0,2277,2199,1,0,0,14,13,6,1,250806003314124001,1.0,1.0,1.0
M16[1],,,63.636364,55.6962,54.545456,87.5,0.0,1400,1400,1,0,0,8,7,0,1,250203203030124002,1.0,0.0,1.0
정용화,228.0,1740.0,55.0,60.166668,57.333332,75.0,61.333332,1950,1950,1,0,0,11,6,1,1,250203203030124002,1.0,0.0,1.0
하정원,1328.0,31358.0,0.0,0.0,0.0,0.0,0.0,1950,1950,1,0,0,14,12,4,1,250523212523124002,1.0,0.0,1.0
yopIait,20532.0,64524.0,80.0,58.666664,62.0,69.0,62.666668,2079,2799,1,0,0,19,10,1,1,250523212523124002,1.0,0.0,1.0
예민보스,38836.0,20772.0,70.833336,58.499996,62.0,76.712326,62.666668,2053,2264,0,0,1,12,14,6,1,250523212523124002,2.0,1.0,0.0
뿌냠이,46477.0,155728.0,100.0,61.0,64.0,78.0,100.0,1800,1400,1,0,0,11,15,4,1,250523212523124002,1.0,0.0,1.0
솔킬,842.0,231.0,56.666668,50.833332,50.0,64.666664,50.458717,2358,1800,1,0,0,8,13,0,1,250806215404124001,1.0,1.0,1.0
성북구성북동,319759.0,32413.0,36.666668,49.666668,49.666668,65.666664,57.333332,2101,1543,0,0,1,14,12,1,1,250806215404124001,2.0,0.0,0.0
흥,319.0,59333.0,100.0,61.666668,54.333336,73.333336,51.515152,3050,2400,1,0,0,10,6,0,1,250806215404124001,1.0,1.0,1.0
냉탄,278513.0,67789.0,50.0,56.5,59.666668,60.0,61.0,1445,1500,0,0,1,15,9,0,1,250426031519124001,2.0,0.0,0.0
시~놈~발~,242101.0,182738.0,38.333332,51.0,48.666668,48.0,50.333332,1500,1500,1,0,0,13,9,2,1,250426031519124001,1.0,1.0,1.0
BUKKAKE,595128.0,460510.0,51.666664,59.833336,61.333336,67.0,52.412281,1400,1400,0,0,1,10,14,6,1,250426031519124001,2.0,0.0,0.0
혈세,886.0,11960.0,50.0,44.5,41.0,54.0,41.666668,1703,1667,0,0,1,3,9,4,1,250803181304124002,2.0,1.0,0.0
ㅁㄴㅇㄹㄹ,116977.0,231381.0,41.666664,50.0,37.666668,58.333332,43.333332,1592,1400,1,0,0,14,4,1,1,250803181304124002,1.0,0.0,1.0
웅다미,981440.0,587424.0,21.666666,39.666668,36.666668,47.666668,33.333332,1463,1202,1,0,0,2,5,4,1,250803181304124002,1.0,0.0,1.0
매우서운,533570.0,158788.0,40.0,49.333336,45.333336,62.333332,49.0,1846,1687,1,0,0,11,6,5,1,250803181304124002,1.0,0.0,1.0
아포스뜨리,7213.0,22721.0,75.0,38.166664,40.666668,42.0,55.0,1750,1750,1,0,0,2,9,2,1,250806214919124001,1.0,1.0,1.0
이주헌,10192.0,41931.0,56.666668,54.333336,49.333336,48.333332,53.333332,1400,1400,1,0,0,19,5,3,1,250806214919124001,1.0,1.0,1.0
유삼,175419.0,46969.0,95.0,53.833336,46.666668,63.0,57.0,1865,1800,1,0,0,13,9,0,1,250806214919124001,1.0,1.0,1.0
아포스산드라,12333.0,209698.0,93.333336,57.0,57.0,62.0,55.333332,1400,1400,1,0,0,16,11,11,1,250806214919124001,1.0,1.0,1.0
아포스민츠,827.0,4383.0,98.333336,54.333336,59.333332,59.333332,67.796608,1800,2224,1,0,0,10,10,4,1,250806214919124001,1.0,1.0,1.0
ßd.선일,448812.0,133103.0,55.0,49.721706,49.295773,63.404255,0.0,1820,1746,0,0,1,10,12,0,1,250806214919124001,2.0,0.0,0.0
술잘사주는아저씨,824.0,134824.0,50.0,59.836067,100.0,71.264366,0.0,1400,1400,1,0,0,15,8,1,1,250807225502124002,1.0,1.0,1.0
BE폭력간디,298975.0,180041.0,53.333336,58.333332,54.333336,70.0,52.666668,1400,1400,0,0,1,11,9,1,1,250807225502124002,2.0,0.0,0.0
뱅구르기,423716.0,198712.0,51.666664,49.0,40.666668,63.333332,40.333332,1439,1500,0,0,1,8,11,2,1,250807225502124002,2.0,0.0,0.0
º마차이짬뽕º,82545.0,3711.0,50.0,55.5,52.666664,64.0,52.63158,1630,1437,1,0,0,9,10,5,1,250807225502124002,1.0,1.0,1.0
배팅,53605.0,5059.0,46.666668,52.666664,44.53125,63.0,50.333332,3074,3160,1,0,0,10,9,1,1,250807225502124002,1.0,1.0,1.0
진짜귀여움,87142.0,116102.0,50.0,38.0,29.333334,41.666668,33.0,1400,1400,1,0,0,5,8,1,1,250807225502124002,1.0,1.0,1.0
저걱3조장,904522.0,455283.0,0.0,39.833336,35.666664,47.666668,36.296295,1400,1400,0,0,1,3,7,0,1,250806204425124001,2.0,0.0,0.0
250601♡시작,3432988.0,347068.0,62.5,47.297295,46.0,6.25,0.0,1400,1622,1,0,0,5,6,3,1,250806204425124001,1.0,1.0,1.0
으읏,807.0,594.0,100.0,62.0,0.0,78.333336,58.011051,1591,1639,1,0,0,11,3,1,1,250806204425124001,1.0,1.0,1.0
가평미술관.,5563326.0,593944.0,37.254902,53.273808,46.846848,62.424244,44.444443,1371,1400,0,0,1,3,7,1,1,250806204425124001,2.0,0.0,0.0
BENZ♣,829536.0,94369.0,68.518517,48.333332,49.333336,0.0,50.0,1400,1400,1,0,0,4,2,3,1,250806204425124001,1.0,1.0,1.0
강보람,22291.0,76751.0,40.0,48.799999,52.380955,59.905659,60.0,1950,3222,0,0,1,10,14,3,1,250518030323124001,2.0,0.0,0.0
뜽민이♥,4152327.0,1524542.0,1.666667,36.166668,38.0,32.63158,30.526316,1400,1400,0,0,1,7,13,7,1,250524224224124001,2.0,1.0,0.0
업템포,759.0,3594.0,73.333336,62.833332,62.0,80.333336,55.0,1542,1750,0,0,1,17,12,1,1,250524224224124001,2.0,1.0,0.0
RING-GU,346592.0,92863.0,46.666668,54.833336,58.666664,68.333336,47.666668,1400,1514,1,0,0,11,9,0,1,250524224224124001,1.0,0.0,1.0
상처에소금을,668431.0,72830.0,40.0,46.0,45.666668,60.333332,38.333332,1517,1491,1,0,0,12,13,3,1,250524224224124001,1.0,0.0,1.0
RING_GU,149636.0,115909.0,50.0,44.833332,47.0,47.333332,44.333332,1400,1466,1,0,0,15,11,4,1,250524224224124001,1.0,0.0,1.0
서준티비,3540017.0,430030.0,41.666664,39.833336,37.948719,41.758244,41.666668,1400,1400,0,0,1,9,13,3,1,250524224224124001,2.0,1.0,0.0
대머리행주,12388748.0,1513430.0,12.5,31.292517,33.67347,31.578947,37.5,1400,1400,0,0,1,1,6,0,1,250807002017124001,2.0,1.0,0.0
Oneː하주,811.0,4222.0,95.0,58.833332,47.666664,80.333336,54.0,1750,1933,1,0,0,5,2,0,1,250807002017124001,1.0,0.0,1.0
03놈임,404478.0,283273.0,21.666666,46.666668,37.894737,59.0,0.0,1500,1500,0,0,1,2,6,0,1,250807002017124001,2.0,1.0,0.0
akffkd.,552057.0,57292.0,48.333332,44.166668,41.333332,53.666668,56.333332,1750,1890,1,0,0,9,9,7,1,250604230653124001,1.0,1.0,1.0
지현,706300.0,90953.0,55.0,55.666668,59.666668,73.333336,61.333332,1800,3157,0,0,1,0,0,0,1,250604230653124001,2.0,0.0,0.0
댕댕비rv,39189.0,13565.0,51.666664,58.499996,58.666664,71.666664,64.666664,2890,3173,0,0,1,8,10,2,1,250604230653124001,2.0,0.0,0.0
썸띵,149735.0,30799.0,61.666668,52.166664,51.0,72.0,53.0,1950,1800,1,0,0,11,11,4,1,250604230653124001,1.0,1.0,1.0
원포임원준,730.0,4260.0,45.0,64.5,63.333332,77.333336,68.333336,3030,2400,1,0,0,4,1,1,1,250731111340124001,1.0,0.0,1.0
WYPW,1179164.0,170406.0,58.333332,56.186611,59.661018,55.0,52.066116,2773,2375,1,0,0,2,2,1,1,250731111340124001,1.0,0.0,1.0
caIi2paris,794.0,74434.0,65.0,50.833332,53.666668,63.333332,49.0,2250,2400,1,0,0,17,6,0,1,250223212229124001,1.0,1.0,1.0
새냐,28984.0,150065.0,81.666664,50.666664,51.0,59.0,50.333332,1498,1800,1,0,0,3,11,1,1,250223212229124001,1.0,1.0,1.0
원니,16189.0,42054.0,51.666664,52.0,49.333336,64.0,53.666668,2450,3141,1,0,0,7,10,7,1,250616151455124001,1.0,1.0,1.0
교관,77852.0,12546.0,51.666664,41.666664,39.666668,50.666668,30.0,2377,2250,1,0,0,7,10,6,1,250616151455124001,1.0,1.0,1.0
Snape,3239043.0,331058.0,61.666668,47.166668,54.0,61.0,60.81081,1500,1500,1,0,0,14,10,4,1,250616151455124001,1.0,1.0,1.0
푸바오,78200.0,23816.0,55.0,62.333332,62.666668,74.0,62.121212,2400,2951,1,0,0,10,11,2,1,250616151455124001,1.0,1.0,1.0
규요이,329943.0,247721.0,50.0,55.166668,53.333336,64.0,55.555557,1400,1400,0,0,1,5,9,1,1,250714153643124001,2.0,1.0,0.0
정경수,1249.0,23488.0,51.666664,55.666668,55.0,65.666664,60.0,3565,2450,1,0,0,1,2,0,1,250415000349125001,1.0,1.0,1.0
보근,131842.0,98552.0,48.333332,64.166664,62.333332,75.333336,70.0,3425,2500,1,0,0,3,3,0,1,250415000349125001,1.0,1.0,1.0
복쟈,2064.0,10079.0,46.666668,53.666668,51.333332,47.666668,53.666668,2400,2400,1,0,0,4,2,1,1,250415000349125001,1.0,1.0,1.0
훅샷,1080.0,1679.0,88.333336,55.666668,55.0,72.666664,55.47945,2500,3321,1,0,0,2,2,0,1,250415000349125001,1.0,1.0,1.0
토고해녀ψ,831534.0,70418.0,50.0,39.39394,40.0,50.0,0.0,1750,1975,1,0,0,7,2,2,1,250220225604124001,1.0,0.0,1.0
야보키,1525947.0,949315.0,1.666667,44.5,41.0,62.0,51.973682,1400,1400,1,0,0,6,5,2,1,250220225604124001,1.0,0.0,1.0
번쩍들고박기,49528.0,55169.0,55.0,52.999996,50.0,68.666664,46.666668,1750,1960,1,0,0,5,4,2,1,250220225604124001,1.0,0.0,1.0
김선생.,12618168.0,13575249.0,,,,,,1400,1400,1,0,0,8,2,2,1,250220225604124001,1.0,0.0,1.0
noxs,102457.0,38371.0,46.666668,49.666668,48.333332,0.0,0.0,1500,1500,1,0,0,11,10,8,1,250730223026124001,1.0,1.0,1.0
roro.wc,2112270.0,220937.0,66.666672,54.5,52.666664,64.539009,63.030304,1919,2361,0,0,1,14,9,2,1,250730223026124001,2.0,0.0,0.0
민간인사냥꾼,5175443.0,575815.0,50.0,54.333336,54.666668,68.0,53.846153,1400,1400,0,0,1,11,11,4,1,250730223026124001,2.0,0.0,0.0
빵누,191583.0,210509.0,50.0,52.0,48.666668,58.666668,50.666668,1800,2599,0,0,1,7,9,4,1,250730223026124001,2.0,0.0,0.0
울산랜딩스나이퍼,25164.0,113645.0,48.333332,53.166668,48.666668,63.666668,50.666668,2627,2300,0,0,1,13,11,1,1,250730223026124001,2.0,0.0,0.0
아이드롭,33707.0,21783.0,58.333332,58.999996,60.666668,70.666664,62.068966,1886,2399,1,0,0,14,7,1,1,250730223026124001,1.0,1.0,1.0
예랑d_b,8981.0,10816.0,55.0,53.833336,55.333336,68.333336,52.0,3761,2400,1,0,0,0,1,1,1,250808003212124001,1.0,0.0,1.0
폭타니형이야,434322.0,84720.0,40.0,57.166664,50.0,71.666664,50.0,1500,1500,1,0,0,1,1,0,1,250808003212124001,1.0,0.0,1.0
슬삐,15242.0,10735.0,50.0,56.0,51.0,64.0,53.666668,2557,2350,1,0,0,3,1,2,1,250808003212124001,1.0,0.0,1.0
PP.3.허부자,281491.0,110481.0,71.666664,49.166668,47.0,58.0,51.333332,2064,2000,1,0,0,2,0,2,1,250808003212124001,1.0,0.0,1.0
둣툼,832469.0,499441.0,51.666664,43.666668,41.0,42.0,45.819397,1400,1400,1,0,0,8,9,0,1,250803221124124002,1.0,1.0,1.0
뜐뜐멍이,421242.0,16405.0,46.666668,49.666668,50.0,54.0,52.666668,1784,2600,1,0,0,6,9,1,1,250803221124124002,1.0,1.0,1.0
뜐뜐덍이,5386473.0,573904.0,63.333332,57.0,56.0,66.666664,65.789474,1387,1768,1,0,0,14,7,1,1,250803221124124002,1.0,1.0,1.0
recent.wct-,1488487.0,207432.0,55.0,51.333332,52.999996,61.264824,53.666668,1950,2599,1,0,0,4,11,0,1,250729213130125001,1.0,0.0,1.0
열심히는해용,989370.0,412490.0,90.0,26.666668,20.0,36.220474,64.705879,1400,1400,1,0,0,4,10,1,1,250729213130125001,1.0,0.0,1.0
응,1098224.0,158715.0,55.0,39.666668,38.333332,56.666668,48.0,1400,1400,1,0,0,7,9,1,1,250729213130125001,1.0,0.0,1.0
Start.뭉치,1800061.0,203118.0,5.0,41.833332,37.666668,39.333332,37.837837,1236,1400,0,0,1,8,13,2,1,250807130938124001,2.0,0.0,0.0
망고,713.0,5.0,100.0,63.166664,59.333332,73.0,61.0,2760,3711,0,0,1,12,9,3,1,250807130938124001,2.0,0.0,0.0
호행`x,80516.0,48583.0,75.0,51.5,55.666668,0.0,0.0,1521,1800,1,0,0,14,6,4,1,250807130938124001,1.0,1.0,1.0
Holic_,4175995.0,424209.0,47.058823,38.812786,42.222221,44.642857,0.0,1400,1400,0,0,1,6,12,0,1,250807130938124001,2.0,0.0,0.0
sokangsannnnn,18270.0,41200.0,57.14286,60.576923,0.0,73.333336,0.0,2604,2639,1,0,0,14,12,1,1,250806220700124002,1.0,0.0,1.0
[組擊精英]xotn,12952.0,14274.0,71.666664,54.833336,52.999996,68.666664,40.0,2400,2893,0,0,1,14,12,5,1,250806220700124002,2.0,1.0,0.0
참새련,273630.0,28061.0,0.0,55.555557,57.14286,0.0,0.0,1750,1750,1,0,0,13,11,1,1,250806220700124002,1.0,0.0,1.0
홍털두,42788.0,75998.0,51.666664,49.0,49.666668,47.333332,49.666668,4729,2000,0,0,1,9,8,4,1,250806220700124002,2.0,1.0,0.0
옥슈슈,2466341.0,600145.0,48.333332,55.166668,53.666668,69.666664,0.0,1400,1400,0,0,1,13,12,0,1,250806220700124002,2.0,1.0,0.0
대각폭,89735.0,13153.0,78.333336,49.0,43.333332,44.680851,51.333332,1374,1400,0,0,1,7,10,1,1,250802015235124003,2.0,0.0,0.0
아린,695.0,988.0,91.666672,60.747665,66.666664,66.791046,50.0,1550,1800,1,0,0,12,8,2,1,250802015235124003,1.0,1.0,1.0
LIEBHERR,54023.0,7137.0,68.333336,55.0,0.0,64.0,0.0,1400,1400,0,0,1,9,9,2,1,250802015235124003,2.0,0.0,0.0
한별,1027205.0,266856.0,48.333332,56.166668,56.666668,60.666668,56.333332,1800,2515,1,0,0,16,7,2,1,250802015235124003,1.0,1.0,1.0
가희,117301.0,21258.0,51.666668,78.333336,0.0,91.666664,72.333336,1870,2482,1,0,0,7,6,1,1,250802015235124003,1.0,1.0,1.0
서울소년원,126201.0,44374.0,46.666668,48.166664,43.0,54.666668,45.333332,1731,1549,0,0,1,11,10,0,1,250806014422124001,2.0,0.0,0.0
니얼굴폭탄,35803.0,76670.0,50.0,50.333332,35.333332,65.666664,24.0,1400,1400,1,0,0,13,10,0,1,250806014422124001,1.0,1.0,1.0
미닉,13709.0,93750.0,53.333336,44.333332,39.666668,52.333332,53.488373,1500,1550,1,0,0,8,10,1,1,250806014422124001,1.0,1.0,1.0
＃ＤaiIy,176331.0,49562.0,43.333332,58.999996,50.0,76.0,50.666668,2128,2490,0,0,1,16,9,1,1,250806014422124001,2.0,0.0,0.0
지니랜드♥,261400.0,53279.0,16.666668,34.146343,27.272728,41.666668,25.0,1550,2054,0,0,1,3,11,3,1,250806014422124001,2.0,0.0,0.0
aeonic♡,216284.0,62713.0,58.333332,50.333332,47.0,77.666664,43.666668,1793,1674,1,0,0,4,7,5,1,250801204909124001,1.0,0.0,1.0
은빛섬광,444803.0,264590.0,48.333332,62.166668,66.666672,76.666664,57.333332,3098,2999,1,0,0,8,5,4,1,250801204909124001,1.0,0.0,1.0
meoldy,749.0,737.0,83.333328,58.166664,58.999996,0.0,0.0,1800,2052,1,0,0,17,9,6,1,250807230840124001,1.0,1.0,1.0
우진우☆,13294.0,36737.0,71.666664,54.333336,55.333336,0.0,0.0,1855,1400,1,0,0,10,11,6,1,250807230840124001,1.0,1.0,1.0
전건식,30340.0,29699.0,66.666672,58.666664,56.0,71.0,63.0,3599,2339,1,0,0,15,10,5,1,250807230840124001,1.0,1.0,1.0
스내지엘신,237045.0,41788.0,64.285713,42.006268,42.198582,0.0,0.0,1476,1400,0,0,1,6,13,2,1,250807230840124001,2.0,0.0,0.0
하옥준,1633.0,5000.0,51.666664,55.5,42.666668,68.666664,33.333332,1915,1800,1,0,0,14,12,2,1,250807230840124001,1.0,1.0,1.0
Jinsu`sy,9699.0,34013.0,60.869564,62.308998,0.0,72.0,0.0,1500,1500,0,0,1,17,12,1,1,250807230840124001,2.0,0.0,0.0
08.06스완R,102138.0,32613.0,56.666668,46.666668,48.333332,0.0,100.0,2058,1800,0,0,1,9,15,5,1,250807230840124001,2.0,0.0,0.0
♡쟘비,6171.0,3513.0,86.666664,54.833336,52.666664,71.0,82.608696,1677,1400,0,0,1,5,14,10,1,250807230840124001,2.0,0.0,0.0
zion☆,10291.0,35637.0,63.15789,45.5,47.328247,55.333332,46.153847,2042,1750,1,0,0,9,11,6,1,250807230840124001,1.0,1.0,1.0
아포스뱅만,171659.0,2901.0,95.0,58.666664,58.999996,73.0,54.651161,1369,1400,1,0,0,9,7,3,1,250807215237124002,1.0,0.0,1.0
˚♡˚,20267.0,6060.0,68.333336,43.666668,46.0,31.034483,39.666668,1681,1759,1,0,0,7,5,1,1,250807215237124002,1.0,0.0,1.0
클랜마스터,13820.0,15109.0,76.666664,51.333332,50.0,58.0,55.555557,1400,1400,1,0,0,7,7,1,1,250807215237124002,1.0,0.0,1.0
rjsfud,78421.0,23339.0,71.666664,59.333332,50.0,72.666664,0.0,1400,1400,1,0,0,16,8,2,1,250807215237124002,1.0,0.0,1.0
냥수갱,759883.0,453950.0,25.0,40.5,41.333332,33.333332,38.333332,1148,1306,1,0,0,3,6,4,1,250807184623124001,1.0,1.0,1.0
준롱만롱,359201.0,61147.0,41.666664,46.666668,43.333332,44.333332,43.666668,1675,1625,0,0,1,5,7,0,1,250807184623124001,2.0,0.0,0.0
무야호아조쒸,408537.0,642122.0,45.0,58.833332,54.666668,71.333336,52.688171,1316,2014,1,0,0,11,3,0,1,250807184623124001,1.0,1.0,1.0
쌍노매거,772967.0,1129587.0,23.333334,42.5,39.333336,50.0,36.0,1400,1608,0,0,1,4,7,1,1,250807184623124001,2.0,0.0,0.0
2층앵글포지,819634.0,192279.0,21.666666,48.0,49.666668,51.0,47.0,1861,1770,0,0,1,5,7,3,1,250807184623124001,2.0,0.0,0.0
패왕신,2426.0,1080.0,77.272728,68.292686,0.0,79.274612,62.886597,2400,3050,1,0,0,7,5,3,1,250807184623124001,1.0,1.0,1.0
노인척추꺽기장인,13164585.0,1569996.0,17.647058,49.134949,8.333334,54.794521,0.0,1400,1400,0,0,1,6,9,0,1,250731201146124001,2.0,0.0,0.0
제니제니이제니,13487548.0,1601062.0,23.076923,22.272726,21.153847,15.217391,27.5,1400,1400,0,0,1,1,10,1,1,250731201146124001,2.0,0.0,0.0
백애옹,3617.0,5032.0,48.333332,52.0,52.333332,72.333336,55.0,2680,3534,1,0,0,6,5,0,1,250731201146124001,1.0,1.0,1.0
마주치면죽는거야,6038791.0,650656.0,58.333332,53.833336,52.0,61.333332,36.363636,1400,1400,0,0,1,4,9,1,1,250731201146124001,2.0,0.0,0.0
Jongwoo,219702.0,15466.0,45.0,45.333336,48.333332,61.666668,55.333332,2410,2462,1,0,0,14,11,2,1,250801232330124001,1.0,0.0,1.0
유륜슴,265732.0,288396.0,46.666668,50.166668,48.333332,61.333332,50.666668,1830,1562,1,0,0,11,10,0,1,250801232330124001,1.0,0.0,1.0
surf,6839.0,24929.0,54.05405,59.479553,100.0,70.833336,62.745098,3160,2400,1,0,0,7,6,4,1,250803205601124001,1.0,0.0,1.0
신용균,364185.0,166883.0,51.666664,54.333336,55.072464,64.0,0.0,2646,2455,1,0,0,13,10,2,1,250803205601124001,1.0,0.0,1.0
깅주,71607.0,13734.0,53.333336,52.666664,46.0,67.666664,46.333332,1750,2999,1,0,0,15,11,1,1,250803205601124001,1.0,0.0,1.0
꼬맹,3566.0,8412.0,50.0,52.666664,54.333332,69.666664,54.0,2399,3050,1,0,0,11,10,3,1,250803205601124001,1.0,0.0,1.0
clarls,81898.0,20784.0,53.333332,58.166664,58.333332,60.0,50.666668,3441,2893,1,0,0,11,7,7,1,250803205601124001,1.0,0.0,1.0
대물인,22096.0,8037.0,0.0,61.538464,60.000004,0.0,0.0,2400,3152,1,0,0,14,10,3,1,250804010332124001,1.0,1.0,1.0
YELIN℡,1655937.0,192555.0,61.666668,45.833336,40.666668,51.041668,58.653847,1559,1999,1,0,0,7,10,5,1,250804010332124001,1.0,1.0,1.0
신시아♡,1003875.0,81377.0,51.666664,52.499996,52.333332,68.666664,53.333332,3737,3050,1,0,0,10,9,2,1,250804010332124001,1.0,1.0,1.0
BJ신태일,11288.0,62141.0,50.0,59.500004,52.999996,70.666664,63.333332,1978,2000,1,0,0,10,9,2,1,250804010332124001,1.0,1.0,1.0
강초이,135434.0,136544.0,46.666668,42.166664,38.666664,48.333332,34.0,1500,1622,0,0,1,3,9,0,1,250806131453124001,2.0,1.0,0.0
아포스매실,19404.0,105090.0,96.666664,57.0,57.333332,0.0,0.0,1445,1500,1,0,0,11,3,2,1,250806131453124001,1.0,0.0,1.0
재혁핑,414092.0,336449.0,50.0,53.666668,55.333336,56.666668,54.333332,1550,1868,0,0,1,2,8,1,1,250806131453124001,2.0,1.0,0.0
아포스왔떠,21507.0,10932.0,48.333332,55.333336,54.666668,66.666664,52.666668,1400,1400,1,0,0,12,6,1,1,250806131453124001,1.0,0.0,1.0
˛조세호¸,1250447.0,111395.0,25.0,55.0,36.666668,65.666664,41.596638,1746,1572,0,0,1,9,9,0,1,250806131453124001,2.0,1.0,0.0
다쏴죽여버리겠음,2315836.0,597183.0,23.333334,30.333334,25.666666,34.333332,39.333332,1300,1376,0,0,1,0,9,0,1,250807220925124001,2.0,0.0,0.0
125kg육덕녀,1351.0,6453.0,100.0,86.166672,0.0,95.333336,0.0,2000,2399,1,0,0,21,2,1,1,250807220925124001,1.0,1.0,1.0
LGBT_rainbow,11464833.0,9086868.0,12.121212,38.402061,35.915493,47.826088,42.857143,1400,1400,0,0,1,6,9,2,1,250807220925124001,2.0,0.0,0.0
쥬아101,104665.0,41128.0,66.666672,41.833332,40.666668,39.361702,0.0,1476,1688,1,0,0,5,5,2,1,250807220925124001,1.0,1.0,1.0
버미몬,384262.0,221859.0,20.0,53.0,42.333332,63.0,38.333332,1400,1610,0,0,1,11,7,1,1,250807220925124001,2.0,0.0,0.0
유통전문판매원,4185519.0,426258.0,26.666668,32.333332,32.0,32.55814,0.0,1095,1437,0,0,1,0,8,3,1,250807220925124001,2.0,0.0,0.0
Birth,37206.0,13853.0,100.0,71.052628,0.0,84.615387,0.0,1500,1432,1,0,0,8,4,3,1,250807220925124001,1.0,1.0,1.0
오뎽,59797.0,65751.0,62.962959,44.347824,40.0,41.26984,75.0,2400,2300,1,0,0,3,5,0,1,250807220925124001,1.0,1.0,1.0
수염맨,1802799.0,179731.0,18.333334,31.5,28.666666,25.641026,35.333332,1325,1355,0,0,1,5,8,2,1,250807220925124001,2.0,0.0,0.0
범냥희,465030.0,126593.0,25.0,43.333332,45.666668,13.793103,35.0,1150,1330,1,0,0,3,4,1,1,250807220925124001,1.0,1.0,1.0
칸쿤,124562.0,3815.0,38.333332,44.333332,48.788925,0.0,44.0,2280,1800,1,0,0,4,5,4,1,250808165409124001,1.0,0.0,1.0
원포카리나,80527.0,149698.0,84.0,67.630058,0.0,0.0,66.875,1390,1612,1,0,0,9,2,0,1,250808165409124001,1.0,0.0,1.0
"yoo,",205876.0,803026.0,43.333332,51.5,51.666664,63.0,53.333332,1400,1400,0,0,1,6,6,0,1,250808165409124001,2.0,1.0,0.0
민자.,71700.0,611074.0,26.666668,51.833332,45.666668,61.333332,48.666668,1400,1400,0,0,1,1,7,2,1,250808165409124001,2.0,1.0,0.0
삐리까뽀뽀릴리,300539.0,13368.0,51.666664,41.166668,30.000002,48.666668,43.333332,1466,1399,1,0,0,13,3,1,1,250430183043124001,1.0,1.0,1.0
박태밈,234167.0,93993.0,46.666668,48.833336,43.0,55.0,48.0,2049,1905,1,0,0,4,5,3,1,250430183043124001,1.0,1.0,1.0
후함함이,227933.0,96177.0,53.333336,35.5,36.333336,43.0,43.661972,1400,1400,0,0,1,8,6,2,1,250807005139124001,2.0,1.0,0.0
천사순수,946247.0,73906.0,51.666664,52.499996,52.0,64.333336,48.0,2400,2550,0,0,1,5,8,5,1,250807005139124001,2.0,1.0,0.0
가은핑핑이,146980.0,113197.0,35.0,47.166668,45.0,59.333332,49.0,1854,2219,0,0,1,9,9,1,1,250807005139124001,2.0,1.0,0.0
학땁.,68873.0,75851.0,46.666668,48.0,49.0,56.666668,56.333332,3831,2450,0,0,1,7,7,2,1,250807005139124001,2.0,1.0,0.0
킥,22134.0,67985.0,48.333332,51.0,51.666664,58.0,48.0,3257,2465,0,0,1,6,8,0,1,250807005139124001,2.0,1.0,0.0
긱스,2439.0,41127.0,81.666664,61.333336,56.666668,76.0,62.068966,1652,2050,1,0,0,9,7,0,1,250807005139124001,1.0,0.0,1.0
J1hoon♡,11631.0,10208.0,88.333336,57.0,55.0,68.333336,51.666668,1400,1400,0,0,1,12,7,2,1,250807005139124001,2.0,1.0,0.0
위티,36592.0,43927.0,58.333332,53.500004,52.666664,63.333332,47.0,3961,2400,1,0,0,16,7,1,1,250807005139124001,1.0,0.0,1.0
갱스터,1730.0,64078.0,65.0,54.000004,53.264606,69.333336,61.53846,1800,1800,1,0,0,5,7,3,1,250807005139124001,1.0,0.0,1.0
흑인이싸면깜찍~,255997.0,57928.0,51.666664,54.333336,49.0,67.0,50.0,3609,2665,1,0,0,5,9,5,1,250807005139124001,1.0,0.0,1.0
허혜미,4082.0,53256.0,48.333332,47.166668,47.666664,57.666668,48.333332,2273,1800,1,0,0,6,8,6,1,250807005139124001,1.0,0.0,1.0
PATREON,859817.0,223511.0,85.714287,48.920864,50.220264,0.0,0.0,1950,2400,1,0,0,6,7,3,1,250720031432119001,1.0,1.0,1.0
루시안,149036.0,48916.0,48.333332,51.666664,52.0,63.414635,55.0,2547,2075,1,0,0,6,10,2,1,250720031432119001,1.0,1.0,1.0
현수아,129443.0,11307.0,50.0,50.5,49.0,63.0,52.666668,3391,3277,1,0,0,14,4,1,1,250720031432119001,1.0,1.0,1.0
kazuha,19407.0,2090.0,48.333332,54.833336,54.098362,63.0,49.382717,3271,3577,1,0,0,13,5,0,1,250720031432119001,1.0,1.0,1.0
설충이,333957.0,15191.0,46.666668,51.0,49.0,64.0,52.666668,2551,2629,1,0,0,7,7,6,1,250720031432119001,1.0,1.0,1.0
쯔양,95.0,23061.0,86.666664,63.5,63.0,74.0,64.0,1846,2097,0,0,1,10,11,0,1,250806182436124001,2.0,0.0,0.0
바지벗고산책,155819.0,352985.0,56.666668,50.666664,48.333332,41.333332,37.0,1400,1400,0,0,1,7,10,3,1,250806182436124001,2.0,0.0,0.0
YOUNG♥,75874.0,9524.0,48.333332,54.333336,52.666664,55.0,57.333332,2294,2634,1,0,0,13,7,5,1,250806182436124001,1.0,1.0,1.0
합법,41268.0,9352.0,70.0,60.833336,60.666668,72.666664,60.538116,1532,2309,1,0,0,13,6,0,1,250808201104124001,1.0,1.0,1.0
머시배넘,3100.0,11755.0,50.0,61.206894,0.0,68.817207,0.0,2593,2750,1,0,0,5,4,0,1,250808201104124001,1.0,1.0,1.0
썬썬♡,323039.0,1159181.0,55.0,50.833332,50.333332,43.720932,50.666668,1400,1400,1,0,0,5,9,6,1,250808201104124001,1.0,1.0,1.0
의,2994.0,3.0,100.0,43.666668,33.0,50.333332,43.666668,2146,3050,0,0,1,4,11,1,1,250808201104124001,2.0,0.0,0.0
프게,37145.0,1076.0,53.333336,49.833332,52.0,58.666668,52.941177,2946,3250,0,0,1,10,11,0,1,250808201104124001,2.0,0.0,0.0
꾸러기롯데,500.0,5662.0,98.333336,55.166668,56.333332,61.0,52.666668,2399,1800,1,0,0,10,8,0,1,250808214659124003,1.0,1.0,1.0
Doi,4429.0,4108.0,43.333332,45.11628,40.217392,41.379311,47.179485,2124,3146,0,0,1,4,12,0,1,250808214659124003,2.0,0.0,0.0
클대있나요22,19355.0,25407.0,100.0,61.0,55.882355,69.0,0.0,1720,1550,1,0,0,15,6,0,1,250808214659124003,1.0,1.0,1.0
무舞,2254940.0,237724.0,43.333332,63.833332,58.67347,74.666664,52.380951,2881,3314,0,0,1,12,10,1,1,250808214659124003,2.0,0.0,0.0
김나희,25293.0,2704.0,43.333332,48.0,42.0,60.333332,46.0,1950,3028,0,0,1,8,12,1,1,250808214659124003,2.0,0.0,0.0
쎄부,10173.0,7439.0,93.333336,54.000004,55.0,60.666668,60.333332,1799,1500,1,0,0,9,10,2,1,250808214659124003,1.0,1.0,1.0
동굴이_JK,215457.0,162166.0,50.0,41.0,41.666664,39.666668,43.333332,1400,1055,1,0,0,9,6,2,1,250809182601124001,1.0,0.0,1.0
송파맥스,3432763.0,1004714.0,13.333334,39.5,36.0,51.333332,36.0,1400,1400,0,0,1,2,8,0,1,250809182601124001,2.0,1.0,0.0
고질라,404929.0,21916.0,100.0,78.571426,0.0,80.0,0.0,1843,1800,1,0,0,22,5,4,1,250809182601124001,1.0,0.0,1.0
출근너무좋다,1846671.0,737548.0,1.666667,48.666668,44.333332,59.0,49.333332,1400,1400,0,0,1,9,11,1,1,250809182601124001,2.0,1.0,0.0
Dm.HistoryEdu,2010037.0,1043905.0,0.0,41.666664,38.666664,48.666668,41.666668,1400,1400,0,0,1,6,12,0,1,250809182601124001,2.0,1.0,0.0
miragejun,2897647.0,332151.0,36.585365,48.504986,54.109592,59.375,0.0,1400,1400,1,0,0,2,6,3,1,250809182601124001,1.0,0.0,1.0
통큰,309656.0,44348.0,78.571426,45.263161,33.333336,52.941177,0.0,1687,1292,1,0,0,10,8,1,1,250810221941124005,1.0,1.0,1.0
덕표,156729.0,17136.0,88.333336,49.5,45.28302,55.333332,42.857143,1357,1222,1,0,0,18,8,2,1,250810221941124005,1.0,1.0,1.0
스마일이요,87302.0,94081.0,79.487183,57.951481,47.727272,65.829147,54.285713,2170,1715,1,0,0,13,10,6,1,250810221941124005,1.0,1.0,1.0
숭어붕어잉어,255535.0,98639.0,100.0,55.555557,0.0,75.0,0.0,1571,1800,0,0,1,22,11,1,1,250810221941124005,2.0,0.0,0.0
Illuma,1806106.0,462320.0,50.0,25.333332,23.0,100.0,33.333332,1400,1400,0,0,1,2,12,4,1,250810221941124005,2.0,0.0,0.0
앙두더지,1635220.0,199557.0,51.666664,52.833332,48.333332,60.0,49.019608,1400,1400,0,0,1,7,15,2,1,250810221941124005,2.0,0.0,0.0
↖⊙▽⊙↗,330544.0,11762.0,51.666664,43.0,41.0,50.0,0.0,1500,1469,1,0,0,8,11,9,1,250810221941124005,1.0,1.0,1.0
-차르봄바-,744424.0,84877.0,36.666668,40.833332,42.666668,38.333332,41.666668,1285,1400,0,0,1,6,11,2,1,250810221941124005,2.0,0.0,0.0
두찌♬,34614.0,66962.0,50.0,48.214287,50.0,28.571428,0.0,1800,2293,1,0,0,7,8,4,1,250628235730124001,1.0,0,1.0
달빛구르미,40058.0,5838.0,43.333332,39.166668,35.333332,47.0,34.666668,1497,1666,0,0,1,5,7,0,1,250628235730124001,2.0,1,0.0
또리몽,113697.0,31520.0,51.666664,52.166664,48.0,63.0,48.0,1630,1678,1,0,0,6,11,1,1,250628235730124001,1.0,0,1.0
[강한],36578.0,10139.0,50.0,50.166668,50.666664,57.666668,27.0,1449,1608,1,0,0,10,6,3,1,250628235730124001,1.0,0,1.0
