user_name,match_result,match_id,team_id
흑인이싸면깜찍~,1,250807010514124001,1
단솔S2겸이띠,1,250807010514124001,1
허혜미,1,250807010514124001,1
갱스터,1,250807010514124001,1
긱스,1,250807010514124001,1
위티,1,250807010514124001,1
1엄준식,0,250805171555124002,0
랜딩,0,250805171555124002,0
이뚠딴,1,250805171555124002,1
봄겨울가을,1,250805171555124002,1
황장군이야,1,250805171555124002,1
lllllllllH,0,250805171555124002,0
xxx,1,250806194844124002,1
IIIIlIIl☆,0,250806194844124002,0
사자,1,250806194844124002,1
전설,1,250604230858124001,0
WINGWING,1,250604230858124001,0
신치,1,250604230858124001,0
배,1,250719011350125001,1
Faker,1,250719011350125001,1
crazy,1,250719011350125001,1
은아가,1,250719011350125001,1
제트업,1,250719011350125001,1
isabel♡,1,250719011350125001,1
luenah,1,250729025420124001,0
코코볼,1,250729025420124001,0
llIllIlIllII,1,250729025420124001,0
타루,1,250527162132124001,0
민지로렐로♥♡,0,250527162132124001,1
d'0'do,0,250527162132124001,1
레닝이,1,250527162132124001,0
생수아저씨,0,250807145617124001,1
가은잉♡,1,250807145617124001,0
M249Master,0,250807145617124001,1
SeulYUNA,1,250807145617124001,0
민덩이달려,0,250807145617124001,1
핏자국,1,250807145617124001,0
몸믜,1,250806185753124001,1
떕떞이,1,250806185753124001,1
한번해,1,250806185753124001,1
히히,0,250806174548124001,1
역삼동그깽,0,250806174548124001,1
엠빠,1,250806174548124001,0
아포스뜨리,1,250806174548124001,0
회민,1,250806174548124001,0
2.14솔향18ST,0,250806174548124001,1
황숏,0,250731170558124001,1
반예빈,0,250731170558124001,1
띤블리,1,250731170558124001,0
them,0,250731170558124001,1
olo달랑달랑,1,250731170558124001,0
즙같은,1,250731170558124001,0
유뭉이,0,250807163402124001,1
그사건,1,250807163402124001,0
lIlllIlIlIlllI,0,250807163402124001,1
Jodia,1,250807163402124001,0
영민,1,250721122527124001,0
여심폭격기최인후,0,250721122527124001,1
llllIlllllIIIllI,1,250721122527124001,0
고구마지단,0,250721122527124001,1
도룡잉,0,250807162422124001,0
뽀로로롤,0,250807162422124001,0
진재훈,0,250807162422124001,0
민덩이달려,1,250807162422124001,1
깽나미,1,250807162422124001,1
생수아저씨,1,250807162422124001,1
화물연대부산지부,1,250807163350124002,1
뽀로로롤,0,250807163350124002,0
진재훈,0,250807163350124002,0
화물연대인천지부,1,250807163350124002,1
도룡잉,0,250807163350124002,0
Ioss,1,250807163350124002,1
트럼프,0,250622023323125001,1
구남동상남자,1,250622023323125001,0
깜방,1,250622023323125001,0
오또깡,0,250622023323125001,1
마동석입니다,1,250622023323125001,0
양기헌,0,250622023323125001,1
플레이잼잼,1,250423030347124001,0
방갑숴,1,250423030347124001,0
머루하지,1,250423030347124001,0
아니도링,0,250423030347124001,1
칠보장어,0,250423030347124001,1
왜잘하세요들,0,250423030347124001,1
lIIlIllIlllIIIl,1,250806204730124001,1
色女,0,250806204730124001,0
포도우유아빠,0,250806204730124001,0
여고생보직구멍,1,250806204730124001,1
으악기,1,250806204730124001,1
포도유유,0,250806204730124001,0
정말,1,250806174632124003,1
(*_^),1,250806174632124003,1
Οl나경,1,250806174632124003,1
쌀스나,0,250806174632124003,0
엔터클모중,0,250806174632124003,0
틀래식,0,250420192610124001,0
casarella,0,250420192610124001,0
따뜻하게입고다녀,1,250420192610124001,1
나쏘면니네엄마,1,250420192610124001,1
찐초보임.,0,250420192610124001,0
예천,1,250420192610124001,1
여진이짱예뻐,0,250609061353124001,0
고양이덕배,0,250609061353124001,0
예민보스해니,1,250609061353124001,1
RedWhip,1,250609061353124001,1
야누스,1,250609061353124001,1
엠티샬롯,0,250609061353124001,0
lullaby~♥,1,250804121700124001,0
우카,1,250804121700124001,0
후후하하히히,0,250804121700124001,1
체하나,0,250804121700124001,1
Melissa♡,0,250806234618124001,1
고도리1번,0,250806234618124001,1
하밥이,1,250806234618124001,0
ceIebrity♡,1,250806234618124001,0
조금세,1,250807145954124001,0
고말순,1,250807145954124001,0
lilitu,1,250807145954124001,0
시크릿언니,0,250807145954124001,1
웅3잉,0,250807145954124001,1
오늘의날,1,250806032445119001,0
[애옹],0,250806032445119001,1
ㅆ놈,0,250806032445119001,1
마루는기여워,0,250806032445119001,1
어재,1,250806032445119001,0
MSR,1,250806032445119001,0
꼬끼옹,1,250806032445119001,0
지능처참하다,0,250806032445119001,1
거친,1,250806032445119001,0
수민,0,250802002020124003,0
창욱,1,250802002020124003,1
myway,0,250802002020124003,0
ㄷㄷ,1,250802002020124003,1
패좍계정,1,250802002020124003,1
llllM,1,250802002020124003,1
류호운츄로스,0,250802002020124003,0
승찬,0,250802002020124003,0
해적,1,250802002020124003,1
cosala,1,250802002020124003,1
예슬,1,250801234848124001,1
단꿀,0,250801234848124001,0
tova,1,250801234848124001,1
카이조,1,250801234848124001,1
미소뀨,1,250801234848124001,1
우떼,0,250801234848124001,0
너무귀여움,0,250801234848124001,0
정또지,0,250801234848124001,0
BeagIe,0,250720225729124002,0
꼭디,1,250720225729124002,1
LuSeo,0,250720225729124002,0
오또시ㅋ,1,250720225729124002,1
주빈,1,250720225729124002,1
bIuerain,1,250720225729124002,1
bentori,1,250720225729124002,1
천재,1,250720225729124002,1
임상아,0,250720225729124002,0
살짝홀릭,1,250428041105124001,0
살짝흐림,1,250428041105124001,0
살짝테크,1,250428041105124001,0
살짝블랙스완,1,250428041105124001,0
남한산호랭이,1,250405000928124001,1
에스,1,250405000928124001,1
깽히,1,250405000928124001,1
빠툐,0,250405000928124001,0
사랑.Dc,0,250405000928124001,0
조건,1,250806225241119001,0
민감도적응중,1,250806225241119001,0
녹화,0,250806225241119001,1
쌈밥,1,250806225241119001,0
최민소,1,250806225241119001,0
KiHyun,0,250806225241119001,1
정밍,1,250806225241119001,0
성이님,1,250806225241119001,0
버블리유,0,250806205115124001,0
멋웅,1,250806205115124001,1
음주냥이,1,250806205115124001,1
윤민영내장지방11,0,250806205115124001,0
박사장시종,0,250806205115124001,0
30대무빙,1,250806205115124001,1
유나봉,1,250806205115124001,1
문백이ub,0,250806205115124001,0
이도철입니다,1,250807120129124001,0
총알받이♪,0,250807120129124001,1
와진짜개별로,0,250807120129124001,1
보물,1,250807120129124001,0
흐안차은우,0,250807120129124001,1
캐나다메이플,1,250807120129124001,0
:.Gr◇◈▽Ε''..,0,250807120129124001,1
박상키,1,250807120129124001,0
말랑말랑콩,1,250806230547124002,1
핵키,1,250806230547124002,1
hayoung,1,250806230547124002,1
데들리,1,250806230547124002,1
Xeiya,1,250806230547124002,1
최석진,1,250806230547124002,1
삼백,0,250806203422124003,0
세금계산서,1,250806203422124003,1
만취남^^;,1,250806203422124003,1
나현아잘하자,0,250806203422124003,0
종우야잘하자,0,250806203422124003,0
【NickName】,0,250806203422124003,0
운명2,1,250806203422124003,1
김휜둥,1,250806203422124003,1
마루'^',1,250806234605124003,0
명화의쇠파이프,1,250806234605124003,0
잉잉,1,250806234605124003,0
에보1위얀느,1,250806234605124003,0
새싹반히융님,0,250317145752124001,0
리콜식,1,250317145752124001,1
Gonzο,0,250317145752124001,0
완스,1,250317145752124001,1
[r].Rako,1,250317145752124001,1
무얼먹을까?,0,250317145752124001,0
흡성대법,0,250317145752124001,0
어뢰탄,1,250317145752124001,1
megadarkpet,1,250317145752124001,1
근드르즈므르,0,250317145752124001,0
요네,0,250806003314124001,0
효성,1,250806003314124001,1
윤겔라,1,250806003314124001,1
byedaybye,1,250806003314124001,1
"고양희,",1,250806003314124001,1
YUNSEUL,1,250806003314124001,1
M16[1],1,250203203030124002,0
정용화,1,250203203030124002,0
뿌냠이,1,250523212523124002,0
예민보스,0,250523212523124002,1
bbosik,0,250523212523124002,1
noss,1,250523212523124002,0
서든러#000932012,0,250523212523124002,1
하정원,1,250523212523124002,0
서든러#000933891,0,250523212523124002,1
yopIait,1,250523212523124002,0
즐겜돼지,1,250523212523124002,0
서든러#000902225,0,250523212523124002,1
foreverIove,1,250806215404124001,1
slomo♡,0,250806215404124001,0
솔킬,1,250806215404124001,1
흥,1,250806215404124001,1
성북구성북동,0,250806215404124001,0
BUKKAKE,0,250426031519124001,0
인포유대표,0,250426031519124001,0
냉탄,0,250426031519124001,0
시~놈~발~,1,250426031519124001,1
롤링,1,250426031519124001,1
"""_@_-_-",1,250426031519124001,1
웅다미,1,250803181304124002,0
차단하고할게요.,0,250803181304124002,1
ㅁㄴㅇㄹㄹ,1,250803181304124002,0
혈세,0,250803181304124002,1
매우서운,1,250803181304124002,0
아포스산드라,1,250806214919124001,1
아포스뜨리,1,250806214919124001,1
유삼,1,250806214919124001,1
아포스민츠,1,250806214919124001,1
ßd.선일,0,250806214919124001,0
이주헌,1,250806214919124001,1
배팅,1,250807225502124002,1
º마차이짬뽕º,1,250807225502124002,1
뱅구르기,0,250807225502124002,0
술잘사주는아저씨,1,250807225502124002,1
BE폭력간디,0,250807225502124002,0
진짜귀여움,1,250807225502124002,1
250601♡시작,1,250806204425124001,1
으읏,1,250806204425124001,1
BENZ♣,1,250806204425124001,1
저걱3조장,0,250806204425124001,0
장총찬장애,0,250806204425124001,0
가평미술관.,0,250806204425124001,0
tinkerbelI,1,250518030323124001,1
moo,1,250518030323124001,1
강보람,0,250518030323124001,0
empert,1,250518030323124001,1
&&_º,0,250518030323124001,0
지년,0,250518030323124001,0
서준티비,0,250524224224124001,1
RING_GU,1,250524224224124001,0
업템포,0,250524224224124001,1
뜽민이♥,0,250524224224124001,1
상처에소금을,1,250524224224124001,0
RING-GU,1,250524224224124001,0
단솔S2겸이띠,1,250807005139124001,0
갱스터,1,250807005139124001,0
J1hoon♡,0,250807005139124001,1
후함함이,0,250807005139124001,1
천사순수,0,250807005139124001,1
흑인이싸면깜찍~,1,250807005139124001,0
허혜미,1,250807005139124001,0
가은핑핑이,0,250807005139124001,1
학땁.,0,250807005139124001,1
위티,1,250807005139124001,0
킥,0,250807005139124001,1
긱스,1,250807005139124001,0
03놈임,0,250807002017124001,1
원포지영♡,1,250807002017124001,0
대머리행주,0,250807002017124001,1
Oneː하주,1,250807002017124001,0
ott,1,250604230653124001,1
akffkd.,1,250604230653124001,1
알렌rv,0,250604230653124001,0
빵귤이짱,1,250604230653124001,1
부산키라,1,250604230653124001,1
썸띵,1,250604230653124001,1
빵이힝,0,250604230653124001,0
댕댕비rv,0,250604230653124001,0
이네이트덱스,0,250604230653124001,0
지현,0,250604230653124001,0
WYPW,1,250731111340124001,0
원포임원준,1,250731111340124001,0
새냐,1,250223212229124001,1
퍁드,0,250223212229124001,0
지옥:화살촉,0,250223212229124001,0
caIi2paris,1,250223212229124001,1
