user_date_create,ouid,manner_score,clan_flag
2020-02-02,9b2852e25a85deebc5ce4173b1ccc1e6,3.0,1
2011-03-20,18e17412f97995c818b669bf4052a753,3.0,1
2012-04-28,1dde487186c06c2f54e65484219d1d09,3.0,1
2018-09-19,bc0a86cc5d24182a2e09a2d29644e205,3.0,1
2007-10-05,5d84519cf2b0e9c3d69ec23a4a859e12,2.0,1
2013-02-19,332522192aed72ca90aaa95d90e1b08d,3.0,1
2015-12-31,273812858150a28424d56f440a5b1499,2.0,1
2016-12-27,7fab3087eda49357ee067c51b8f8b3eb,3.0,1
2010-02-18,fb59b9ebe43ffd9d6b8b5aa9e33b97b3,3.0,1
2010-02-02,b54f2c11425549c9a0309f8f8876dfd1,3.0,1
2010-10-17,5b73ce7ccce4e2aa1966c49c83780b47,3.0,1
2014-04-03,580ef4be741c2746e671fdf05205e546,3.0,1
2014-05-03,63bbb405e661019a480b7c0648e84590,3.0,1
2005-09-17,502bf3d1c519055efd7b4e7313ccefbe,3.0,1
2014-01-05,f093eae67469de7498e7b3bd3de80713,3.0,1
2019-12-29,c48ec5e498103c87505a145734df2f4d,3.0,1
2009-06-16,ca080f89fd0f8978f867f2799572d1a6,3.0,1
2014-11-25,be8178231c717712201d9191605362ab,3.0,1
2015-04-09,e570c51ad87baaab53dce767c701c3d3,3.0,1
2008-11-22,5ae9a0aba72b7bdbfff9cf7b1ab12079,3.0,1
2010-07-22,2203c145161ac614f582061d62c5748e,3.0,1
2013-07-26,5108872b4333bb22a48517638cd4fbed,0.0,1
2012-08-28,5deaa01e89f395a90815102bd8137fb7,3.0,1
2012-03-23,e26863167555673a1b52bff349a9893d,3.0,1
2011-07-08,b93f28b48b7637450e70fab96a4498da,3.0,1
2006-02-11,a1c13bf09c5566436919baefd49038e8,3.0,1
2006-11-23,0ed71d04383bd12216b14b614d4a41f2,3.0,1
2011-08-26,1fa1b70d5b3de816520ba1a99e485191,2.0,1
2012-01-11,096a3023fe20810eca6aee054c84f357,3.0,1
2015-01-04,e8105bc04e4a48451d1ef5b73bf7cb02,3.0,1
2014-04-06,642e49d62b7644ad7f9987aa1980e51b,3.0,1
2018-12-16,f636440af24b8e6e095e307046fd738a,3.0,1
2013-10-05,93e261a22fb8c6651a418d580373708d,3.0,1
2007-09-21,0632880a7c4e164b272fac72b73aef0f,3.0,1
2012-11-10,e0fd923c800e5441b8cf515f9f8abfe0,3.0,1
2008-02-27,179879ae0cf5c184af64bab0f0749930,3.0,1
2012-03-11,29cfc86dab1c4680759c313ec902b391,3.0,1
2017-08-10,b4e0181bbb6b7cdc8cabef599b6cbe22,3.0,1
2005-12-31,b7f9fe7314d5322b7db588ee6319da1f,2.0,1
2012-07-04,e05575c8814953055ebc988160718211,3.0,1
2012-02-24,9f038c1ff07cbc6414e976fffbb154ef,3.0,1
2012-12-16,531a427051aef493c2560eff1afe91cf,3.0,1
2012-01-17,8305224838a1c14f6837270527050c16,3.0,1
2005-11-05,2ed5e828450f875917887a085c84d918,3.0,1
2008-10-20,8d5612676718a14fade04f2cb91561c0,3.0,1
2014-06-05,648fbbc694e660a33b8cef0cbae3f1d9,3.0,1
2012-01-27,12ae316087ba4a9e3ea486120d61efe7,3.0,1
2010-03-22,27717da7b2d71df52896180856ccbea8,3.0,1
2013-07-31,55f3c861f0b35e0633e647c476cb795e,3.0,1
2012-06-28,99bf573152209e7f1cdf6db6bedc772f,-1.0,1
2012-01-21,6d5edf92a4ea7f3d18c806c00a3c9593,3.0,1
2021-03-02,0d9807ab206e5a2172f57ec9f50bea98,3.0,1
2014-02-22,dc0559231f37697e31549b40fd7de706,3.0,1
2009-07-02,284876168e1a9d0eda99ab4b771b5286,3.0,1
2006-02-08,1baf251696168578cce1d408fa8e4f55,3.0,1
2005-12-28,834284fa6e7cf65914a7cde283a21b08,3.0,1
2006-08-22,82235398864c70779300daea913744d3,3.0,1
2006-07-31,52c7326c888b04902d01f399fb912a14,3.0,1
2008-09-08,cfd88abbcc74eb55941d6723fb95dca8,3.0,1
2012-07-13,38906987f54adc55e11fb32f4ea76cf2,3.0,1
2015-07-23,d7369b912c3b1bbbbef83a1f2cd3b28d,3.0,1
2012-01-22,72ae7ade509d482f7b5aef7450ea073e,3.0,1
2014-12-13,4b72c0667ec35b31a29fbcf957fe9570,3.0,1
2016-02-05,593d755a6bb13d9838ac833d32f7fce2,3.0,1
2011-08-16,ab52d88c8fe807829a92e597cb96e841,3.0,1
2008-03-16,45b1a2043c7c65ed1e199fd1ddb185ba,3.0,1
2007-12-14,2761c3d84c872da16a42327ef1f77afa,3.0,1
2010-11-27,f63e0a98179008ae19faab242211fa02,3.0,1
2013-09-03,a985f820f03659e122385ff11646af73,3.0,1
2018-08-05,018eec186511a63ea86738c7799252e0,3.0,1
2007-02-07,06ac78845d5e6fe1df8cfd564e6c1234,3.0,1
2020-04-16,d8073e6267b2c16c9a9997e546d9b201,3.0,1
2020-05-09,f83605e5fb8eafbf8257291088840791,3.0,1
2006-09-09,67e18db111ba767dba205c9e0f508bac,3.0,1
2006-03-14,e6ac81dd9c38524bb494689d315e9fd9,3.0,1
2005-11-16,46a6b7706dddde2fd761220d91daccdc,3.0,1
2014-01-18,f33ac3bc20179d08fd3320f33ebfe242,3.0,1
2013-06-30,e017c1019117b828bcbea77f55f506c7,3.0,1
2007-09-22,30a3ec8484ddb8426f5a0d1d7cf86584,3.0,1
2006-02-25,2733455b1b1c04a6614483e86404d594,1.0,1
2011-10-16,2e7780aea1fd653770023cc67cb946cf,3.0,1
2016-08-02,2ce42ac3d20ab0bcb21b72ff6675ecba,3.0,1
2013-07-13,a8f3e2f4ad589abf83ac9febe5a36453,3.0,1
2005-12-06,26c6ef281b80c34f703a378b34568d80,3.0,1
2011-09-27,16650f3a8db2d4f4f06f38fb97b67247,2.0,1
2010-06-22,5f5eef029527bcd41e71832d0ef7f570,3.0,1
2008-10-21,123d200947d6d2f5bd5619f4a4bbec68,2.0,1
2006-09-30,1b0c58caa535ce8c3478d1163f624cd7,3.0,1
2006-07-06,ae2b0a6d046e21bc22e91816ef5e44ca,3.0,1
2015-11-21,d6cece07c765e0242e9cadccbb84c6f3,2.0,1
2015-05-05,69c6272c668d9161e20b246a17c53863,3.0,1
2012-12-16,8970504ec5284edfe946feb968f236de,3.0,1
2016-01-30,b3ce20e4e1b749d2ea7b9c5bd8ea6d3a,3.0,1
2016-11-25,1d8ba77e386d4d1f490834345f368143,3.0,1
2012-02-22,ea36a0969328927ce4e7ded3976d1fac,1.0,1
2008-12-28,ab6b970c0d8478a70c80a944de5e33d4,3.0,1
2013-03-30,28ecd94b3460d7b3fe9f9d05e5710427,2.0,1
2013-11-20,9f1e4ee0b7189cbf26f61d406a4384f9,3.0,1
2006-11-21,0d6653ed2159cb510c14af9c4141ec5b,3.0,1
2006-02-15,ca9f424f0d15f5cacdfe92ae739ea3fa,3.0,1
2017-10-03,fc44cb28f2fed2c506495ee7d12712aa,3.0,1
2013-05-05,847c6e4a25a0ae9da06542b8b34e01d4,3.0,1
2011-07-14,8e1780ebc367c8305e7c667bb7af65a2,3.0,1
2012-02-16,282635d7a7febf09f6c6b75d2b4e53cf,3.0,1
2009-07-13,fbe05878f8cab4157b041b81814c73fd,3.0,1
2011-08-05,4b1e12a61248eea9ea7f78f71da6b86b,3.0,1
2008-04-09,20e33b6b3e0e957df549b3dd6ebf689d,3.0,1
2011-06-19,9a8e0f12855b23c60c1ebe54564e226b,3.0,1
2008-09-28,1ebc186e9f889fa3974a406aa09fc829,3.0,1
2006-06-02,73fda248ff16eede5471edd2d0cc9359,3.0,1
2014-07-31,ccd01264eed929b82d4003fcdce85736,3.0,1
2005-12-06,fc68a32950692ff790bd92cb066a64f0,3.0,1
2012-03-28,502b6e40e6cef4db201a588c20f73977,3.0,1
2009-03-16,805397ecbb640a9e4188a9baf1b2eeb6,,1
2013-06-02,54426b475bfc0c84eba9e490bd0ecae6,1.0,1
2017-04-27,28881b22e56d1ebbf792d94f5fab6ed2,3.0,1
2013-02-13,b50e93b420473990d23459de55b61203,3.0,1
2018-02-18,0f9cfab8569741459e9c2a440df4a74e,3.0,1
2019-10-11,829b554a9d54873ddd2c8d14efe96680,3.0,1
2018-12-07,c66ffea284872e0abf389280359bc617,3.0,1
2009-02-12,f790fef8b19ccf53a5b32fafb52ff105,3.0,1
2016-12-01,a562d72f5e2a91814cde18aa5a0c9b97,3.0,1
2014-04-02,ee09be66fcfd5a10672223d9f542585c,1.0,1
2007-01-09,a5cd9595e1f9325195c08629431ab9ea,3.0,1
2006-07-13,79d0d4fffb37ce1d0ddf808c8cb63b60,3.0,1
2006-01-01,3228306efc0137bdce36418c13d941d5,3.0,1
2007-03-17,5eda75df3f580125d4c030740706d92e,3.0,1
2012-08-04,efd30cc1a1301bbfcc00e83592078a2d,2.0,1
2010-05-30,d2729e3ed99e1d97c04922997c004454,3.0,1
2006-02-12,f74b18622a190cf8775f51425dc76faa,3.0,1
2019-03-10,3fac0580bde1babab2d7882d677f9109,3.0,1
2015-07-02,1179776494b4eb74195cad8b5cc050e1,3.0,1
2007-12-12,f07e16a0ce9a959946e7fe8c2043b76c,3.0,1
2008-07-19,2bf7afe25cb698532546956df11d218d,3.0,1
2014-02-06,2439b139a720b2aa9e46321db1d911e3,3.0,1
2011-10-17,fb776a5feeb22fb219b0beb05051b0a2,3.0,1
2005-10-08,946e6a8ae5c8e4d24316d601d65eeb31,3.0,1
2011-09-10,ba9b226a5c6c8b7218fd953a8e6cf3f9,0.0,1
2014-07-13,5e02207be883f93c9316ac6df946d31e,,1
2011-07-12,d6f659e89208ee013e6aef11c10601d1,3.0,1
2016-11-08,59fcd3e4826eafeb22b1179c41154b8f,3.0,1
2011-07-15,1fff781cdee150846edb0af047652fee,3.0,1
2015-07-06,8a4bfd624198c6c3b55bf09d1145298f,3.0,1
2011-11-16,5594bf19111070d9a401dbac94109eb4,3.0,1
2011-06-30,b138e96334c3b6c78429957f1a89fcf6,3.0,1
2006-12-03,210deb06fd9f19e4c7d6efe375be86fa,3.0,1
2012-08-06,ea9dcba8dc3df6ed62c637312c48c9f0,3.0,1
2006-03-19,d0c4b0df4a10a9f1c1f0a04ba967bd6c,3.0,1
2010-07-25,cba5c21892ab6a7949c43e6bca8dc2ef,3.0,1
2013-09-28,b9282b1da17861088b498afa293b4cbd,3.0,1
2018-10-02,7424384d13b5aa1e704a0220554dee97,3.0,1
2011-10-20,fa976579eadf100f90b338fe6820b16e,3.0,1
2014-01-23,a518db4eb352ff7e09024feed780d13c,3.0,1
2006-01-07,1213498adefba92baa7138aa0d050f6c,3.0,1
2014-06-30,a3d2c63f909d41e560d737e14b321c27,3.0,1
2013-09-15,8f9819acb514684d86c035b284e10dba,1.0,1
2020-10-09,6071f4ba0b6ad1dda855fd54d8bf5c35,3.0,1
2016-05-14,534414ff89625147b46d0c64f00e4c10,3.0,1
2011-07-16,3fa406b1f01251972b9d546fb6a1ef7c,3.0,0
2013-02-02,ba1625893c7b8ebc87465063e425eb57,3.0,1
2006-07-23,88c7f7e8a7f346d0ab66a9dda0e2c546,3.0,1
2013-08-18,6325bd2d0907dafffebac93f0c269e61,3.0,1
2008-05-29,41d82f5534d2f219e1c420d033128a7b,3.0,1
2020-12-26,baeaec85232b7b59b2b63ef351cd14e3,3.0,1
2015-12-16,8c27d951126ddba12ccf094b4b5fb4f4,3.0,1
2012-06-26,8b7819156453522073e2495d5797bae3,3.0,1
2009-02-05,6bb067c0c60ed2c6af5dec07bac5d9ba,3.0,1
2021-03-19,d374c0582818c96c8d7067ca77f4ebfe,3.0,1
2005-09-12,840d8fa05aee75879a025c415b3676a4,3.0,1
2006-02-13,52f676ce655a9acb1327d8b6bee93d54,3.0,1
2018-07-26,cb031642fb9aa50c876d60b817863622,3.0,1
2008-02-09,0a00dc2b0546bfcd6798fc4be772e0f9,3.0,1
2005-12-21,9b63f37be284b9e4205dc7a4645cd528,3.0,1
2009-12-25,f54e2bf3c577aa3fd50578bb2c1937f9,3.0,1
2017-06-10,5447b3b22b84ace082f92dc3a437bc9b,3.0,1
2017-04-07,41272652c2bba3865dfedda24a59462d,3.0,1
2009-07-18,b487ccabbc0f02100ecfadffe835167e,3.0,1
2011-03-05,80a2dc0ea59dcef5b0aad82253ff3e6f,3.0,1
2014-03-10,143925a0a08e52bd4b289dc0d3085074,3.0,1
2013-01-20,b4310b7df4769789e53d240aeb9dea55,3.0,1
2006-06-28,c355552a42729bb3aa3cc584ed86e20f,3.0,1
2011-12-31,facb4f6b8c5a1767bf1cdb41d540a65b,0.0,1
2014-07-17,b93854f026f31513b2c0848b12bb3c60,3.0,1
2007-12-01,16b9d109db50a18337285465fd68780d,2.0,1
2005-12-31,107f952ec161efb1dc760ae6c2c265a0,3.0,1
2010-02-15,080fa4a17acb6e0ffc9b400e558d5f7e,3.0,1
2008-10-13,6acea493211b081c51f4c199d3f3edfb,3.0,1
2014-12-30,5f71d06c9977b636adbf845704df861d,3.0,1
2008-07-06,9d9ec39dcd7edfbf7d696f941b261cb1,3.0,1
2012-11-23,fbf3838823e5d15cf12cc6b7d2e992f5,3.0,1
2012-03-24,8b840e410c22ff7473087de302e6e94a,3.0,1
2011-07-12,9fee5c44ee2fa8d902edd2c9456f8f2d,3.0,1
2008-07-17,0514a90b73e94dcf8c13d85dac3caa15,3.0,1
2005-12-29,0c84d3f430b4d23ae22934557b980d00,0.0,1
2019-01-18,45afc9eca26756f58065d0a5b93a0312,3.0,1
2019-07-26,cad95c4868e351237a0de4cac3e6cc03,3.0,1
2015-01-17,29b8e3f898515cc4e787b2ec74d12068,3.0,1
2006-08-09,6cbc6bc425b56afcb65094f7eed20be0,3.0,1
2011-11-26,d9591b826db8d611f4eed014791889c6,0.0,1
2010-04-17,f9a482a58290fc0a3f833a95315a2aac,0.0,1
2016-06-13,a0d13ac7a3d778fe8680c842313f018f,2.0,1
2010-08-29,ace637a4977e50b44d59ab29042afbd0,3.0,1
2007-07-22,7b4ccdd1a45d058dee208afb8ae7646f,3.0,1
2006-05-20,e1a184b3d7fe960bac87efeb0fc0f5cf,3.0,1
2008-10-03,93b63931984005b6b24d0b213b46f61b,1.0,1
2008-11-21,d91f14c9f0f5e27fdefd745b5c154a0c,,1
2006-09-17,c2f3058e2bee05bf17911c847fc827bb,3.0,1
2011-10-09,3481be46ed14b44101755ea4a326e9cc,3.0,1
2017-03-05,c849050595d81e8fbe5eb34dade47db7,3.0,1
2014-02-26,d735ddb457a0d137c6c46d8153eba39f,3.0,1
2014-02-14,f36d846979fe2aaaac0de203bc1c111d,3.0,1
2011-10-01,42623e037e749483cdc4ecc20652003f,3.0,1
2013-06-17,d307763fd209492574ea383046a1275e,1.0,1
2008-06-04,0136f10d0f040ceb86007bbb3ef41231,3.0,1
2006-11-06,d0646bc50cb2f86d8ca25dfb0e851de4,3.0,1
2015-05-03,92ddc79a54a31a4191d2da3105a5f37a,3.0,1
2006-07-02,f85891777cd6744f68468ab0574de536,2.0,1
2011-08-07,655b40d2133c458bdb9930103960c61e,3.0,1
2013-03-23,4f2aa7cd9dc3c389968b51f17e4d7235,3.0,1
2012-07-21,e429485f98c96d823a27a38a592f5feb,0.0,1
2009-12-19,120cc58a11edef06fb75e79e387c2047,3.0,1
2006-09-18,e4f1a94eb732f69c784e91776c71f5fc,0.0,1
2012-02-16,bf8be389fa47776e0f61b7faa8d85d0e,3.0,1
2012-08-06,8613d37706c65dd87efe3c258c4b249c,3.0,1
2013-08-16,6a912fc219accde193dad9ee3e6595cc,3.0,1
2006-10-11,8dd711c6930202ec3c10fc3a310d1277,3.0,1
2006-12-31,2bef6f4102311b3ecf7ffc9a28c430cd,2.0,1
2009-08-11,5a16d5c007deb76ff4f3bd6bc85fa89a,3.0,1
2014-09-08,3df995f5c9e2595073ab5c9474e19bc9,3.0,1
2012-12-19,26661f4f5ddcb8469a87ceeee34f4ae9,3.0,1
2011-07-15,20d7ef5a5f0c9027a9832e9f73980e53,3.0,1
2019-01-24,3b9b8b6c99701e425ada3e0fc72322c1,3.0,1
2010-05-29,d733e39cf5503960fb9cd0579d9890ad,0.0,1
2011-05-10,22084df93879de54941beef010532acf,3.0,1
2014-03-05,74f29f7711ab53794b07fe5912d6c12a,3.0,1
2019-04-13,4395282272057620eb2458efacbfd9d6,3.0,1
2005-11-26,1c7b3bb48bc506576e712675cee0eb3e,3.0,1
2005-12-24,8b8435e18faf9002798dd6242f6e5d36,2.0,1
2006-09-20,1b582f36ae431ec43cc2d2dca0bf339e,3.0,1
2010-12-14,5d85bab69f1f6eff7758de6f45da1c3e,3.0,1
2011-08-15,fc1a6eab9f421be155b7b9146335c44e,3.0,1
2013-08-13,b380b2a67742eb44a200cb585e74d7f6,2.0,1
2016-04-07,02d81b50de0ce438c9c21fd76ad53655,3.0,1
2016-01-14,f2088cb91ccd358567adeacfd672ef53,3.0,1
2017-05-27,f9e93a0b2fec7db438bd28f6925a2f70,3.0,1
2015-01-17,dea48f896861786eed777dea79e29f98,3.0,1
2020-07-12,e351bed0bd52e941c62b4df47399581f,3.0,1
2011-07-26,7de1c247f0885a830cac74c8afca4560,3.0,1
2011-08-02,1e0fd0ab10b5c4ffbb14770326588d8d,3.0,1
2012-07-19,6029cea7766c06729f455389d0641624,3.0,1
2014-11-18,a88da456e8efee6b05e559ae3ab9fd5b,3.0,1
2011-05-14,5a1b09eb3fde9715e9fffb075ea8c0b1,3.0,1
2013-10-08,967f6b9bea9fbcad115ad36953447b64,3.0,1
2017-10-15,9bd7d64578221963e442a931e5d4d89e,3.0,1
2015-06-04,44e182a35389fa081f00b2e82819159a,2.0,1
2008-04-20,e9dac9c57af35bd8cf434e6239a9fc3f,3.0,1
2013-06-07,579146791d26cea6e11c6f7649f957b7,1.0,1
2010-10-17,5915ed69ec8a8c2be7c3f4fbbfdfee40,3.0,1
2005-12-30,dd58a01cd9a23c6bfd068d0258eb4e72,1.0,1
2016-10-13,a69148eef542904110a495c48b4bb35b,3.0,1
2007-06-25,47f564778ee893c688a7adc4c303c103,0.0,1
2011-10-20,fd85308f3987feb460bb34be92c75386,3.0,1
2012-02-04,a187d175f943f8b6bf1ab0e69a13826f,3.0,1
2017-10-09,46ed743c39fea43c228dec42f3a771a6,3.0,1
2017-02-09,91842acf8ddae9170361dd4b91021175,3.0,1
2008-01-29,c5085490bfe6925f4d8d902d3fd996ae,1.0,1
2018-05-20,0405878b861ba46a0ecd961ac737963e,3.0,1
2011-07-16,4bb997a7f1c21ab2c681cb52408b771f,3.0,1
2013-08-31,01e418adbb180c3899de0ae34dd9789f,3.0,1
2013-03-09,b749cda7cd2f3182664ca89224fb2929,3.0,1
2012-08-25,8a586766e35a66b12e61adfe77ee3345,3.0,1
2012-06-02,57d78b214f2d3d3c026215be9528efff,3.0,1
2019-03-04,8fcceda225ce8b77ecd48ef844b0793f,3.0,1
2014-06-15,ec3300d4f9f4f1be32d7e082ebcb6d19,3.0,1
2011-08-13,5a7cf65265ee9966eface4ee8c8fbfa6,3.0,1
2007-03-18,e5719b82d752dcce65256e444a540958,3.0,1
2006-09-03,284c18d64828530106ef73d63c9bc077,3.0,1
2019-10-08,0f0cf6a689653b28c6d704c777cdd570,0.0,1
2018-07-20,51dd016337e371792658cf53057b9cc5,3.0,1
2016-02-16,ab5e7b1c66e61c0371d0fb5f3b78154b,3.0,1
2013-07-18,2d4702d5ab3a7cc1a4001a51ba9404e8,3.0,1
2009-07-07,38e8c109e706516de047c5902d4e0f70,3.0,1
2011-11-17,19104fa876bd2ff725f3995f5a478910,3.0,1
2014-01-11,de627e2940d2ceb5d6fab2a738b9d860,3.0,1
2010-12-23,766cb6d70a56870a31b58101bf4747f6,3.0,1
2009-11-18,8be5f3f717818b7eba82149d02ea4f7e,3.0,1
2011-07-25,6c4df67c8bba255a4e464dc04d941427,3.0,1
2018-12-04,99d97d9d16a681cd89d1e7c827a27911,3.0,1
2011-07-27,ff1fb9a283d02bc12a4059b277cb9cd3,3.0,1
2011-07-13,770d6e0d64e4e40b3c6e06321bdb69ed,3.0,1
2019-07-27,be40d1d729e5d2a12ab77d236f7ca645,3.0,1
2011-07-16,bd785e176ee9a3a7a8d837288a42caed,3.0,1
2011-12-18,983948af2a5f8cc5762fdaa785a87782,3.0,1
2017-02-08,d45038d8ff32f9ed5d7f01294af5d68c,3.0,1
2011-01-13,8557c91e7291dc04631f23efb066b733,3.0,1
2014-01-11,e39b66d3d5b10c1bc98839097223a881,3.0,1
2007-02-15,7cd4503eafa357b776a83f1ece8f39cb,3.0,1
2006-12-14,b6478724e45edc5a3c1a68fc1d246d0d,2.0,1
2012-08-07,f6d3c6d822465963c15439aa8f5250b3,3.0,1
2008-04-09,a88385953efcd6198fe30874dd875fb7,3.0,1
2005-08-25,f31bdc2e6e5a7b749b4aac527411ffc3,3.0,1
2019-10-19,36c99bc038ba198c2fc0b2ca59a17815,3.0,1
2015-04-21,7a06c09e0dce5bc8ea1ab40d00d12a49,3.0,1
2011-12-02,c2bbf914c13636dfa119709d763910fb,0.0,1
2013-04-21,1e65f341d5d1db5e414c9352193aee1d,3.0,1
2015-03-26,5991780600f8706dc8d603fb28bdf5e2,3.0,1
2013-06-10,bf552b1d6edb03a8086be13a6907911f,2.0,1
2017-12-20,3912b69b1ab7f0287e6b2ad9cdde5e40,1.0,1
2010-09-22,4927311908b62f04caa5153ecd5c1d1b,3.0,1
2011-12-27,18e436caf38fb4823d3ef33e9eff0982,3.0,1
2016-01-20,be7f9957de91e2e0233992bbee3c97f0,3.0,1
2005-10-30,7571c5e2df7391194cf1ec02bdce1845,2.0,1
2018-05-24,03b94b4aaed378998f8c6055c996895d,3.0,1
2006-06-21,3cef12825374dcc0c3499ef15e0cbba6,3.0,1
2009-05-24,c9d298982642462d026007f4f93474f3,3.0,1
2013-03-13,97c838b8dadb430fe0cf8409fb6f24d4,3.0,1
2014-11-29,2ae56582b589550bc1ffbdd5859e4605,3.0,1
2011-08-06,109a3c427e092d6b0b3844800e2c0e1a,3.0,1
2010-07-24,03fa501341a2fa63848ed2f931d05141,3.0,1
2019-08-13,604b39adfef0824e2bb1510f17644a08,3.0,1
2009-10-22,817d474f8c723f028ec53466dbcdcbde,3.0,1
2013-05-11,e420541c6cac9d6b58f720d801078e01,3.0,1
2014-02-26,bc358a102f4f4681069b4cf9c8a91c6e,3.0,1
2008-08-20,d4d54ff399e02a884c3a29b8d0f76bf7,3.0,1
2015-05-29,25c304ecd1f3bbd17e8bd5daf3f8791a,3.0,1
2020-04-30,71bdce0088162edbb6db96ed1d2d0820,3.0,1
2012-04-12,e6cf6e73d7262f61dca66df7e3ac2305,3.0,1
2005-10-29,79d56f4f87627e7c3f899ef16a2324b7,3.0,1
2008-07-05,895d02c1a9dab3a32ba0d65b374e9355,0.0,1
2013-08-16,f10f25fd064f7e23e426cec4af93aab1,3.0,1
2016-07-20,cd0254b25571248cae1523b5b723c187,3.0,1
2015-04-02,5100560b5127802c827f73f7db6b5299,3.0,1
2016-01-02,cfcdecb3308e7d631634c5b082791071,3.0,1
2005-12-23,607a2be8ce2321f1a38711652dcd6484,3.0,1
2011-10-06,855523a27f6961ae1bae148ed358e897,3.0,1
2005-09-26,3929f14f59315fa59ee3404358bd8aad,3.0,1
2022-08-24,92bb3f9ffbcd4f1c0a0ec8d60d33f14b,3.0,1
2020-05-18,438ed68efaecdc65677febe6b757d194,3.0,1
2012-08-04,9be965c7427ca308dc628447433913c8,2.0,1
2010-10-08,fa5fb4b9ec24ddd10908ef975f2f0108,3.0,1
2011-12-02,c4f8eef70a3592eee199425c27efe5f1,0.0,1
2010-12-08,71abaae01aba3f3afb32d075022665c9,2.0,1
2008-03-30,964f3b777df0d000f66308224379f15f,3.0,1
2013-02-04,003d0b600c59e36feaa73cca3994a408,3.0,1
2007-03-25,012e622254f0024d03b6e88db7b62e22,1.0,1
2018-09-08,91e4969aae0041b5fcf1de8fa5b7b046,3.0,0
2009-08-26,783e3b46481bb0f7dfd6b6557399ff81,3.0,1
2010-11-14,88c7e238d0b187259e62a509337014dd,3.0,1
2006-09-21,9e7f7390f9f0fecaaf9517d0cd52db47,3.0,1
2014-01-20,1e51738d7e451a9790159ccd29f2043d,3.0,1
2015-07-10,21ecc9d162b6976e6874812bd89db38e,3.0,1
2005-12-24,0d6f8e5a184ac089ce34bf48f3003c38,3.0,1
2021-12-12,c86960708b3cfcbfef81b0620a013753,3.0,1
2011-10-15,98415bb884faa7fc2858cfa84886f0df,3.0,1
2018-06-05,8dfdfbefaee6a09dffe9450d037278e8,2.0,1
2011-09-14,32ec9fa271c7a520e296dcd797ab5eeb,3.0,1
2013-10-02,e437dc6081c673df101bfb2ef1265a33,3.0,1
2012-01-05,59b07f21113db19afff601f1bd24bb4d,3.0,1
2009-08-16,38541b3bbc59a53af3339e84e2312dda,3.0,1
2007-01-01,e7f3d3cb8427626f3e983665e28c33ff,2.0,1
2011-09-08,c7abe05310ed565ee8c74b417416ea51,3.0,1
2011-09-09,8e58ae8e743fdd1be3c4aa49959503bd,3.0,1
2007-12-28,dd68a8d4c783ce05fc92057d53af4f9b,2.0,1
2012-04-12,a1f11bafc78171b7d2a216de6150e47b,3.0,1
2006-02-01,f920c51fcb7ecc8b120d554b4a5f9923,3.0,1
2011-07-27,7d05df80fdadf9898a261510704664ba,3.0,1
2011-07-12,cb48f1c74757213dbe23fc643c1d0be3,3.0,1
2010-01-17,540000743f96e893dc467965c9b95d72,3.0,1
2011-11-02,f8f98fcb83b87b08b56c4d113a8456ba,3.0,1
2013-09-21,a78800746a3fdb23e46ea90423516adc,3.0,1
2006-09-22,67ec1445c0b712067c75ff994702b533,3.0,1
2013-03-29,89078f1bbb3a60bfee94c6e621989379,3.0,1
2009-02-25,0b3c531f07dbcf15100e4b9d0dff5a8e,1.0,1
2007-02-04,3151975af5744631a41901c96ab7e189,0.0,1
2018-06-17,a0a3b0f9e45f8fb84798a40f1290ca6b,3.0,1
2006-02-02,cab8ee42b8c50ad8f460d5675489caa8,3.0,1
2014-12-08,495695c5186471ba0636d8c3e6278d4d,3.0,1
2007-08-25,1cf448a29585aa7b2a4cd3d389a50af0,3.0,1
2012-11-02,42f4fd9548b009767dab36495c8d75b8,3.0,1
2015-01-08,aca1ff1b37b1fe852ea2782c424ef2cc,3.0,1
2014-11-24,5b587064099e9c92d1d2b1b73f92fa8e,0.0,1
2018-02-22,b46d3e07cac4798c5bbf7853d794e3da,3.0,1
2005-11-26,6013b18cbe747226982a104a6b5fbe0c,0.0,1
2011-09-14,d23fe1632f3f21fee4c632bf3739c501,3.0,1
2007-02-09,68f96715bc9e2320d83eb33d48b3bf1b,3.0,1
2010-09-15,dd887e6b3b0469d264797b4b49af34fe,3.0,1
2014-08-24,74d5bc3607a6b9b9ba8b06cbbd28222f,0.0,1
2020-03-03,adda23744c9d4f133aab21426a1ef9ee,3.0,1
2011-08-25,a8b730d005d5417fb5905504bf4aef0f,3.0,1
2020-03-30,bfe219d139e6cbccb92905d99b8ded8d,3.0,1
2015-06-13,4eaa7db077f085c49e230ba22f230837,3.0,1
2009-03-19,9f2d24ab630bdf5b4dafc148bd13cc39,3.0,1
2018-08-10,c0c4e6388a7add5e8a171f9fa5890d68,3.0,1
2009-01-06,10042a44c97f01d174179ea76ed6a6bc,3.0,1
2010-07-27,a1346cebd83fcc934ec274a2e91c843a,3.0,1
2013-01-17,e2cf2aa4a908a07bad0c8bb84576eee3,3.0,1
2009-01-05,026267d573f2631b2a77202b0d5c6469,3.0,1
2017-05-20,06ff99b3d2e5ece5f7ec458f6b48c996,3.0,1
2010-02-16,4ed792e406b193ce14bff2281d3387f4,3.0,1
2014-11-22,7dd215c992f4029e4cc10b36f5d9d72b,3.0,1
2006-06-06,dddc62da484a1e417b95c9403236df77,3.0,1
2014-04-26,502bd6a28f44826f3dace4ac09c60af2,3.0,1
2016-06-04,f759e275f208c68c55a5915cf79a3559,1.0,1
2007-03-04,3cf7b28b5abdb6688f9de5653f994c69,3.0,1
2005-09-06,6e4a4e8883700d65afe24ca42723613d,3.0,1
2014-04-16,f763ab73e1b8d8a7fb8be880a341675a,3.0,1
2011-11-06,527b0076d85741b44114ea5939fe7bd0,3.0,1
2007-04-17,4ae4a57c9ee04fe5246d36c72b940f8a,1.0,1
2013-02-15,f334c37e0c7c6f118143a1d7af3ccc25,3.0,1
2014-04-26,ee2e7f2743688fc61381dff85de3f337,0.0,1
2019-03-09,c511d5f4a0a3f79c723f09bb59edaeab,3.0,1
2010-08-12,809157a89d859de8c3d41dbb25856620,3.0,1
2014-02-07,9133015a117b0505796f407562676187,3.0,1
2014-08-25,a8184e34117b44e70acd86dc2a32e192,3.0,1
2007-09-24,3ce2315d183df77820031321145de21d,3.0,1
2006-04-27,cc3530f39937b4c12bfcdd4c98ff365e,3.0,1
2005-12-10,cad4fbe22ef3c0a144f136fbbf8d5bbc,3.0,1
2007-09-01,67eace77bd34ca7bc099b51018007dc1,0.0,1
2008-09-13,d0f1c9f9611efdd7713d9d7ca6a2103c,3.0,1
2005-09-28,c34952d9578663821e8477aae2615ea2,3.0,1
2010-08-01,a60bc18c3f8fc18bf2f2c664e9ce4375,3.0,1
2018-03-07,2e0cdcd12b08190b72a0e82bb2074e94,3.0,1
2014-03-13,bbc5ff91ec1650286bc07b8351246210,3.0,1
2012-01-16,dd90338a9aa440cb59fa161c82bc95fc,3.0,1
2009-12-22,396e17a699fb90fd735db12dee9d878d,3.0,1
2012-11-16,b82c698299929d817ddf3cec11c9f4ea,3.0,1
2007-12-20,7c22577fe574631a09841def0bf2594d,3.0,1
2010-04-17,0907186c545595489102a1612a8833a4,3.0,1
2011-07-12,7c34db75cf3687c4796b1188029b1105,3.0,1
2015-01-24,c43a357091d510640782af11cfe390e6,3.0,1
2011-01-26,87fbf16442eb0fc1013e211011e59337,3.0,1
2014-03-15,4a5d548b87e3ec942a3050327a524e19,,1
2011-11-18,955d17c31e06ca578cdcd27fbaf4d404,3.0,1
2013-03-07,f268d422def1300c344d38d5c7dd92c4,3.0,1
2017-02-27,56cfeec2f18746698562b416fb147089,3.0,1
2009-01-01,379939017e20de784bd7ccfc35516cf0,3.0,1
2012-08-23,a9280fd928de269ade81e1add5761d7e,2.0,1
2011-07-28,3044542e736279f9f8528527a0124d9f,3.0,1
2018-03-31,1a963170a056f4d0af3902ba540a9f5a,3.0,1
2017-10-23,0b618f91e7189d9e6a2f763ae1e7860c,3.0,1
2009-05-24,0c464b65c0988d247d09d2f94a45890c,3.0,1
2016-12-01,18009d6772a34b26ab65b5c3dff5fdf7,3.0,1
2018-11-17,ce9439ca59ebe33bfa52c53cd02968c1,3.0,1
2007-05-11,729bbf6aa98a09b60f974707710b76fd,3.0,1
2009-02-02,2cea2fabb79ee499c0c1751d5aa02de1,3.0,1
2005-09-03,92ca6756f34450f84215c32363044a37,3.0,1
2016-07-31,e792330af7df69124dbe45a80df29b2d,3.0,1
2010-10-17,df5af515e27b615494d6693e56b0ed63,0.0,1
2021-10-08,8ef98852f8218ba377f605e1714cf3b5,3.0,1
2012-02-28,4953b157d3f0a4cb029188c515451771,3.0,1
2012-06-07,5205b1df5bdc5777e521fb333df2213e,3.0,1
2013-05-26,cc8f1c7ddca740b2130d0b75ed5116d4,3.0,1
2017-06-02,c549402aaa799801784cb89feaabf3d2,1.0,1
2007-01-01,dcd8c06d9286620d37ac7bde2c056704,3.0,1
2019-01-23,cb5f1cfe33a48281ad3b2c0284c4ed61,3.0,1
2007-02-09,501a248233a2f67803af126dbddde632,3.0,1
2006-01-03,d86834be8fd750a1de8197706a354655,3.0,1
2015-12-01,699f08dd9d661e0adfc2c3d6fbefb01c,3.0,1
2022-10-03,08a0f75e671805b8d78b8662e46681c0,3.0,1
2016-06-22,a97b902fb4df840c106018b28005c6c1,3.0,1
2016-12-22,0a84e557e15a9426fe9f3bbffa0ef2b9,3.0,1
2021-04-04,1f86bfafdf027296c104b7d985d14e71,3.0,1
2009-03-11,f1d419c22f9c81e4f4ab821cd31884d8,2.0,1
2017-01-20,cffd6904b3ef10b6e0353fcef1750689,3.0,1
2015-01-28,08d4d1fa0dcc4a7dddfb57728bfeb2ae,3.0,1
2005-09-10,9916598ae81bbbad03cb91129b06d217,3.0,1
2014-07-11,6aa748988f666571d9af07c17941cd25,3.0,1
2011-12-31,b4775c8c1dd198d8a35b471a6d22f13d,2.0,1
2013-06-23,d1d1fb6bb1f68bf8f4948a355b5ffaa9,0.0,1
2012-04-14,161197812850b4480adda8e1e5c22750,3.0,1
2018-01-08,62c861aa5601c86000d135dcf7c1862f,3.0,1
2013-05-05,36c46d331d65cce5429e27aa4944c5ee,2.0,1
2007-07-12,2cb4fc63b93d15eebc07245eca4e8c81,3.0,1
2011-12-10,93ff1b46406cf53dd8d596f65947a120,3.0,1
2005-10-14,6bef44f445384fb289ad44abc92a1f1a,3.0,1
2009-12-03,8e0e5a88ae6189345ff50ee07fe90b8f,2.0,1
2020-11-05,a798cc38ba7b3f6d01659ab9ba803deb,3.0,1
2015-02-03,a7b83e25e1ceb0b44c036bad7be1abae,3.0,1
2006-10-03,ae9d6c9016f2af4d632113487414ef56,3.0,1
2010-02-24,c1bdf79dbe9e3a64f437f0ffa917d5a1,3.0,1
2020-01-16,22780fd8fb59381e0600fb375ae87767,3.0,1
2010-09-11,48889886f501c39df6bed8b8989f1d26,3.0,1
2012-05-09,4236821c928469ae19441ace071dbbbe,0.0,1
2012-04-07,44bb2d0de3d2979a8af871f8734b091c,1.0,1
2021-01-02,ebbdb29332dd1412c0e0fe007ec9ada5,3.0,1
2013-09-12,770d7f9d5847e2d8ecedd0f043108ad6,3.0,1
2016-04-27,c27d1893afdebbde336433b9b1b46638,3.0,1
2011-01-09,cea4a7c89a31eb7858193e4ff075fd9e,3.0,1
2006-04-15,89854a41147b30e24291ff44e007823b,3.0,1
2013-01-18,9236cae9ed7baa27ffa325e9db967f68,3.0,1
2016-11-19,7b7da41a193dcd80f799beb559c1fbad,1.0,1
2012-02-09,181a42151308c7acd449d72395ec4dab,3.0,1
2020-07-13,c02fe29e9d4252356b1afcdd6cfc7af3,3.0,1
2008-11-08,d66a27fa856062aad4832b967246180f,3.0,1
2006-12-24,94090c9f956327d34ec48689b133234c,2.0,1
2014-05-06,52ff4f416bdbe30d7f88364e11ebbaee,3.0,1
2015-01-27,64317f36e65e68577286e09bfbab022b,3.0,1
2019-06-27,c840493a42e0e9a57b6d82ccee9c8af4,3.0,1
2018-11-07,c31ff64f873a966d228a110d3280de3b,3.0,1
2010-03-12,15cf22393280cc9c3650ad74bdd92b59,3.0,1
2008-10-23,61d574ac8c25243e5d4b840f4ea982e9,3.0,1
2016-02-02,7dfb0592d0e22dad80c64662ee1fc059,3.0,1
2007-04-05,25f7fb7e5362200a33bc5d1d56cc95cf,3.0,1
2010-02-22,052fe11aaad542264f5d569ef90ecc0e,3.0,1
2006-08-07,902ca6c817f436a3b76329976af98638,3.0,1
2005-11-18,4026da40f0a74220556f3e1c4b2f5035,3.0,1
2010-12-19,2aa255cd2049dfc4a2e9f7e5b3177ab0,3.0,1
2011-04-16,2f8f42ef66aad8c17f96dee12590b3eb,3.0,1
2006-11-09,3b7e10dc8b96497c6f7e240d08e683cd,0.0,1
2007-05-17,2003571051f8469837c21fcae33ed70c,3.0,1
2012-03-23,e9334b3e3c6bc36a4f5e816925c3a5f6,3.0,1
2011-07-13,90aacee187255d1f880229e3d84afc97,1.0,1
2005-12-06,0f2fa2066c86d878c3806b31c341ba1a,3.0,1
2012-03-17,174594ae32565532a673316987e3912d,0.0,1
2013-02-27,d4d4e66658a6d69bd6aceea5ec4dae8f,3.0,1
2006-02-10,7624a2ab8c2440cce7e47331b255eb27,3.0,1
2016-07-12,629692c9ced0f80d1edb22bd672dde44,3.0,1
2008-06-23,5d59d0042f95012392c460b41178e47b,3.0,1
2007-10-29,22723031d7abf482be8f1796c1fed155,3.0,1
2012-08-21,ec9a069ad9c0083071c7b5ef77555af0,2.0,1
2014-04-01,18b82460acd3c585ea08a0aedeb2e859,3.0,1
2017-01-31,2243a0edb31661f2d3eeeb26807e5858,3.0,1
2010-02-22,3259f682b743c43eadd002cc59d319e1,3.0,1
2013-07-06,42e4d5ed3d8c26f525f3882d81d91c36,3.0,1
2011-08-16,33823c8b89e147c673f7f43ed7b938db,3.0,1
2015-01-12,91f6fadf7d829159b66f71ec086dcb1b,3.0,1
2015-01-06,26c7604e2110c9df8eb225884ae6eeeb,3.0,1
2018-08-07,224a28a725adb83ef3476cf0c2e60a8b,3.0,1
2011-08-09,49d8fbbd3300cac8f2b7882b630ef12c,0.0,1
2013-12-22,a3f727f36af962e37125cecb8b15d3f7,3.0,1
2015-12-22,32c57f3592f8d23a5c36c3f4f8a426ba,3.0,1
2010-02-15,189715c17b7127128b68cfef6d58ed25,3.0,1
2019-12-02,dee4b36723de263384d12d674f26816e,3.0,1
2016-10-09,2bbd26f17484b842f81ecd3cca9a569e,3.0,1
2009-03-22,d003b66f2ebc1ede22ed2aa71ccf9561,0.0,1
2021-06-07,353a0da4d2a5391b2adcb92047a44b8a,3.0,1
2011-10-12,65c870e0e3af830f888d3dd360e0b84c,3.0,1
2015-06-21,428d779d03183ed234ec99c9b55224e3,3.0,1
2011-09-18,49f468466f91dc59a234cfddcb133636,3.0,1
2011-06-25,db68d553f372ed4e463c9e70db24a5af,,1
2013-11-17,fea84497bacb22821f3802de6976dcf5,0.0,1
2014-01-21,1072209b94f7238f673b9e2ab24673b7,3.0,1
2017-04-29,eb71034d115ad4cf7cfe0a29ae5943fc,3.0,1
2011-07-15,2728682f9f4fee06a87d9c956efbc803,3.0,1
2014-08-29,4a4a84b697bde5553aa923ae9d13fe84,3.0,1
2012-10-27,b4b2a731adb78dc528689edddf9fdaa0,3.0,1
2013-12-29,84357c0241e6736903e4e422aa3a08d9,2.0,1
2013-08-25,f3ceb1dd00fb8402047598792ad1f8ae,3.0,1
2011-08-11,dbb344cef056b5dc5c8c3313a416284f,3.0,1
2014-02-26,fa6c9626709c389c9bfb3ce357cacdc8,3.0,1
2010-07-09,9e551ce788f54fb43fbdf88551f83434,3.0,1
2007-10-14,a4efc1d7c6a4e4d3cfd02ba364326180,3.0,1
2021-02-09,5ef03db5557aed94826792a515809b6a,3.0,1
2014-11-10,edd1adea6cd980f8b4db0ab376634bbf,3.0,1
2016-09-29,ec315b6080878b5b395f7ef83a4a1137,2.0,1
2005-09-15,9a72823fcda0dcd310edacbe70c9b3a7,3.0,1
2011-12-27,4c70141f1afa1b15f57d31776c92d081,-2.0,1
2005-12-10,4ae726138aaf035bb1003aa4a4aad770,3.0,1
2018-07-26,e2eb47d5f66b072b1577a41df888bdcd,2.0,1
2013-08-07,7b3d8c4ccd7b7fd805dfd4025dac9011,3.0,1
2013-05-01,db4c8d1a10c670a71db558bac80cefe3,3.0,1
2020-05-15,aacf07455d3db27a0710a9708660e2b1,3.0,1
2014-10-02,d83289d0b1377ab89e77851d623afa6c,3.0,1
2018-11-22,a659d4dbccdde252737f47ace9ec6a80,3.0,1
2018-10-21,e08d243f31102b6c2a11b95c73adc75b,0.0,1
2020-05-07,a6d6d9d1c5aa55cc4480999d59727c59,3.0,1
2018-04-17,9efb03e5670aa6ea770a4711c550ecea,3.0,1
2010-01-12,d97ea64f5a3db50f3a158328edf935f4,2.0,1
2005-09-19,233f05bdfae2a84501b24ef4190e9a22,3.0,1
2014-01-25,0860fd93bc89f27f85fdbb0b16a5e5e7,3.0,1
2015-08-13,072528911ea01b8aecda399a3c01d6b3,0.0,1
2009-01-17,ea2566150af0cea235f705d65534e728,3.0,1
2006-02-19,cce4bd09f2f002733be7805a290e0467,3.0,1
2006-05-27,4a5c51f0ac7e87353e32480e3b7e3978,3.0,1
2009-10-18,d9b901750bb7ab4677d572dd4fa4b42a,3.0,1
2011-08-21,a0550867b2f608ea37f0d90d347cc49c,3.0,1
2006-11-02,85babaf867ee2182e9f4b478b56e644a,3.0,1
2013-11-27,16d4000a05692bd60ca8526d748c125a,3.0,1
2014-03-17,b873fa0320ea3a7f1c0ffd63c41e4be1,3.0,1
2008-05-15,b1d603cca3a06d4243c4c3885c72eef5,3.0,1
2011-08-26,2d4c89ea7c33148bc2b35a1a80c8c935,2.0,1
2006-10-30,d05e65891057cd6d6284fe55c77a5b10,3.0,1
2015-01-09,34e0803733bcaaec5301ac21e33519c4,3.0,1
2007-01-04,8afe554b304027f85fc6fd9adc0b3d90,3.0,1
2011-02-16,691d6e3cd21f9658b5bfa9a7034e1239,3.0,1
2022-10-19,ed9394aa1593c5fbc16f81e49ff9a18a,3.0,1
2012-02-27,ff553d41736f8cd4ac40adcea1e066ed,3.0,1
2011-10-01,58cec55e83fa831f7d6a6a816242b667,3.0,1
2007-03-31,fc8b04c1aa6718449cadf5d1389c586b,3.0,1
2011-01-31,b38225ca78766077c1b59531d6fd3af2,3.0,1
2006-03-25,048da2db33a1b56e12487f5c47a7f1fd,3.0,1
2012-01-13,c8a1a4f33d25f81eadb2ce0b9a8fc8ad,2.0,1
2015-10-15,04460007eebc9875691785b39010be7f,1.0,1
2016-11-27,fee4da8dfda5ea8382ed70af8a0daddc,3.0,1
2008-06-01,2f49ce22e0c90b2cc7dfe9785bd3f3bb,0.0,1
2018-12-06,bc9bd30de535c8c7f2cd74081448d1d5,2.0,1
2017-11-29,94af27aa83c61cb6057d962d80a26ec2,3.0,1
2005-09-25,0352c6a768014a8e822fc3a2ac585319,3.0,1
2010-04-02,ff5f71ebcc76a0023e80876aee9ed180,3.0,1
2006-02-15,25a88ba1f53491b509c175ebe6af0c19,2.0,1
2015-03-18,e84846846074d3bbeb45a0baa10dc463,3.0,1
2020-06-12,4dda57dbe645890347feb57dc86dc4e6,0.0,1
2014-04-01,947a2b9f2b14c33d52b93331a348db13,3.0,1
2009-10-20,dd7604c9123d076e9d1fc7617bf16838,3.0,1
2008-04-20,f4d3629a13a469c9cc50d3b48e6e579f,3.0,1
2016-08-26,46aff34bc820e464f7abee5fa89e30df,2.0,1
2011-08-24,61d3ef633109b47d4e8fe1762ea440ac,3.0,1
2008-11-25,6258b1f20213096112679f2257f52cbb,3.0,1
2017-02-09,b5df85dcb741d84670dc2ca6360b1b44,3.0,1
2012-04-11,6d13f7344d5aee653d4f623344c801ec,3.0,1
2012-11-24,278ba95b2addabb9edcc277def8a96be,3.0,1
2011-10-22,ce1a5c6fe0216202f940be27daf5a1cf,3.0,1
2006-04-16,25ff9051570c40213ef3e6452f4134f9,3.0,1
2011-08-15,3f98539e614873797102e754873b881b,3.0,1
2010-11-23,f490ba66535ff10f1c2d87a0c7c3d9cb,3.0,1
2006-06-25,4253443af73006999fdee1a0bee00f2d,3.0,1
2012-01-18,07b7a8900f1bf2754fbdfebc0ee88c5c,3.0,1
2010-01-23,b9b659592387b4720333f1232376ab43,3.0,1
2009-10-30,73ff95ff65289cdefab1d2fd698df089,3.0,1
2015-07-03,2935eedaca3f5d6453fd894e08be838e,3.0,1
2005-11-28,94ae30ffbed3f35fb0bfb579643e573b,3.0,1
2016-02-08,d6cf12119bcd66714c95922f560ae8dc,3.0,1
2011-02-09,48bec16f5cc92d9a112748fe35175b53,3.0,1
2014-03-15,7005a72ff3cebf6121de204b4ddf42af,3.0,1
2016-04-18,b1c090d0493f9e708e4796f05c2738f8,3.0,1
2014-01-08,f37d765295f9ebb1611fcbb19962327f,2.0,1
2013-01-09,0ca2a4083631691d9d35f6737a322ffd,3.0,1
2010-01-22,5e9587056cd610d14facddd0d83ee712,2.0,1
2005-11-28,81d427e54d953e876dc844269d61f060,3.0,1
2013-04-01,f694d0a11957bc99731e13907764f5e2,,1
2008-03-08,562fdd34b4014e932cf7998b412425e3,3.0,1
2007-12-28,d0a41382c7748a6d96f7505a6686f053,0.0,1
2020-10-20,9ad5409135350024094186327d717d26,3.0,1
2011-11-06,a2aa414694cc9a3198d5d6183609ded8,3.0,1
2013-02-04,c35525f08ec5c2af9e1ab4d9233e02de,1.0,1
2007-01-07,88512eae6b2b9af0c1c53303ad00812c,3.0,1
2011-10-07,5f9e8b0578c0650dcfb1386023b14c8d,3.0,1
2008-03-10,81e2652b7a0bb9151b2cd5db442229fa,3.0,1
2011-09-11,e84af445c033ae2b4c68cff984e3e951,3.0,1
2016-09-01,26d301c6fc02d9a22c2ab6269c399a97,3.0,1
2011-10-02,dd05440e0b1e6605a136d187812e7318,3.0,1
2014-01-31,061e4c00117da1d0bc28ac3d3a583959,3.0,1
2007-06-22,394a4b8701baef2a4e023613fb309b96,3.0,1
2011-07-27,60cab1d8cc4a48184ad854a3fd878a2a,3.0,1
2019-04-05,90d0fa0eef2ecd494de03b3288fa7e0e,,1
2012-03-05,957e39aaf2d8667291b2852287add228,3.0,1
2011-07-21,54f98e074e8b2230fc9db61965d93176,2.0,1
2006-04-12,ef335cbb91a04867d33af5039cf98e97,3.0,1
2011-10-28,609978bf310642b749cf0b011879e2e9,3.0,1
2017-09-09,ee7db77dc862a88e06ff86728bd9737c,3.0,1
2010-04-24,f90470ae8e245f7ddd1bc9eb5ce8d7dc,3.0,1
2019-08-15,080a2ecb557c6b24992a9f62b3ca8446,3.0,1
2013-04-25,1833098c36962cfe60d9f85a0745708d,2.0,1
2015-07-05,a88af2be65e0ba8b2b601a6c7c28f6fa,3.0,1
2009-12-23,ff6fb5fa190b6b408a46be54c37f2627,3.0,1
2015-11-06,063536b196ffc04e1d2beabec0dfe894,0.0,1
2007-02-02,7da3d43e89e91fccfa92694041daf1f9,3.0,1
2012-08-02,eaba7b4fce4e637d3c7f1e72e52ead01,3.0,1
2015-05-02,0eeb1a96a02e120cb5660652d6accbdd,2.0,1
2011-08-01,ec6b0f70f474323660bc4e816c83ce83,3.0,1
2012-01-14,fbf2bb19f450161678db557e07f267a9,3.0,1
2014-03-22,ff0a3be194396e139d9aaf35f2a53c48,3.0,1
2006-03-24,99ac226ac4e9885d7ded14e477ebe5df,3.0,1
2014-07-21,2354d5cd6e5c01b2a197525aef874b14,3.0,1
2013-07-22,6c979b69b0201030c178c6cada8ad70c,3.0,1
2012-02-26,d2881d87c396594f3b415ab7bc484b23,3.0,1
2011-08-22,0664fb9951acb88f50431dd59ca84f6f,3.0,1
2007-12-01,109b9d64b1953906391fe111ce7fdece,3.0,1
2016-11-08,bd652cdc1d4de03de68670ca62719b51,3.0,1
2005-09-15,9a6053c3e3bb782c3cbce6124d8c5af4,3.0,1
2006-03-01,0ae58240e392aedf81a66bc7928a20c6,3.0,1
2005-10-31,0dd339d73862de3ab11ed39680c7dfc2,3.0,1
2009-11-20,047614dc5507d8d986d6fc4a4e533745,3.0,1
2009-06-20,aa2bdc208e4200f5e47e658a45ebb6ba,3.0,1
2008-12-19,0c9a6e4fdf320ffc3e8cb7fda7e4ce59,3.0,1
2009-12-31,eb30b64a5db903a10222cd94e6af6644,3.0,1
2010-04-27,de54a241e3c3fa4544ec473032c471ae,0.0,1
2016-07-14,d53de16b99922c976294d61a5631b390,3.0,1
2008-06-13,c73a22b6f14334fa6ab295360002c2fd,2.0,1
2014-09-06,dd831c84c5923403c493428fbe972528,3.0,1
2019-01-29,8a75e746de5b443a2819a666741a2810,3.0,1
2019-05-02,da784611a27e752ac2bb69eaecd52097,3.0,1
2014-10-12,04d1fd5419e6e82352ccd480ece65748,3.0,1
2010-04-02,742bab1bd01f243b4e537ef6c7eddaaf,3.0,1
2010-09-18,998ec5ccca58432bd6f7fae53ccd7282,3.0,1
2013-11-16,5b806171408c0c03d3c5ea33b9452c2e,3.0,1
2012-09-15,ab957544c77edf2180c2683690d03529,3.0,1
2022-09-07,3b111174728458ca728f88919f735be2,3.0,1
2018-08-06,4b98e9279df9cbfa3cd3e4f7d471c1ab,3.0,1
2019-04-08,c900fddb6efadc9a6fe1adb5ccdc6bd7,3.0,1
2015-09-28,813e99aa1a6bb869047346cf7e716c33,3.0,1
2015-05-31,5d408131705530dc8d65542f49156355,3.0,1
2009-09-05,11aece3ae32c91a5d48da4f02005a108,3.0,1
2007-04-06,464b7daceba55f87b802acf5e77d7c7f,3.0,1
2011-08-07,6b6e604df13b0199a3ac751d07f92405,3.0,1
2021-02-18,be25881a2468c9d111b5e3698ccb1bcc,2.0,1
2007-02-02,874b67358c3c0007007f356ad01e60a8,3.0,1
2017-04-21,4360cf85c54fc6702245ba2fe96eb290,3.0,1
2020-05-08,bf7d5222ef429a9b6818ff988c1be03d,3.0,1
2009-03-13,bf652982b913038e6a9dd6f88aedb24b,3.0,1
2016-07-16,e9817aa012d45bf5471ea800b898d425,3.0,1
2017-06-17,cab1af0b6ac9a716069bbaf8870c73c3,3.0,1
2008-03-23,458dce09541d8b4dd645bc4bbccc22ad,3.0,1
2011-11-27,0bc879293cac66c60e75d4de22a1db52,3.0,1
2015-02-04,8a899769658d5e33111bc30818ecbda0,3.0,1
2009-10-28,9067d56638c1546f52ece1404db99c35,2.0,1
2024-02-29,0edf8db49fdf58df2e3936c64e639d4c,3.0,1
2016-09-21,aa515d5d04402bd2b4eac3fba339f74f,1.0,1
2015-08-21,1e6527c60406b80bfe7efccf8e4a99ba,3.0,1
2012-01-12,297f0ef018b8754e1434ec62740c9070,3.0,1
2011-11-19,bc10c4aa858abaacce48310f2a007eb4,2.0,1
2018-07-19,5ed87a8d004353c82153666292cbef9b,0.0,1
2020-03-13,2c82f5dadcdbd97052375e17fbfab8e3,3.0,0
2006-09-26,86f0cccfaf8edfd27f2ae6bf40549d63,0.0,1
2013-01-16,fe1db468c66d4a2f236ec02e34576895,2.0,1
2015-05-09,c69b1ec7532c5c4d495f037fee34001f,3.0,1
2012-01-22,f4b52fa433911e56c82a1c9aae7f9273,3.0,1
2006-03-05,321678412158fc4f9c7f4b334129243a,3.0,1
2018-08-05,9ab732a986fb6f3d79010c349c79306b,3.0,1
2015-11-08,290a0881c96db9a29b8dc36da1d02466,3.0,1
2013-10-02,1fdcd39af6d1e05c095d252aa6b4195e,3.0,1
2012-03-03,cc21eb3edce8e8e00eb9f10ea7f3c193,3.0,1
2014-01-19,13ff47a0fa9431b003787acd37e59fc6,3.0,1
2005-11-24,302cf3d52b39a070bbf935f877ed4971,3.0,1
2011-07-14,14e3eb4e46c747050094146c71491125,3.0,1
2008-10-13,1e54053c4dce0398db146f79f3f47ace,0.0,1
2011-09-22,bfb205e04580253c93e529d330032b36,3.0,1
2011-07-29,34c790657d152676e77f3316e7275983,3.0,1
2021-03-28,85f2eb8083a04e3c86cd4fdfd5b8d954,3.0,1
2006-10-24,225f7e878dcb9e69ba93dca8f612504c,1.0,1
2011-08-15,a918ac309520c1f6781708a6e68bb130,3.0,1
2014-02-17,9034bda6cda258f467572040a15445f9,2.0,1
2006-10-15,42bd97e135f5beb27e8db1b7b0d0ca66,3.0,1
2015-11-09,b75bcd48b8f95f858171c3ec00286349,,0
2018-01-06,be2a967ffaf8501027b4fdceebe8c232,3.0,1
2012-10-31,2c739264096a813f3d670ff0bd326a3e,3.0,1
2012-07-10,448d59cb382c4100f083d393680f2ee5,1.0,1
2011-08-04,7a4be4cd67e5ac38a4b67784d41f99d2,0.0,1
2012-05-28,c02c1e967e4ef17e2229afdc4507c1db,3.0,1
2014-02-14,75933946369cfffce26709dda131a1ce,3.0,1
2020-11-12,4bc70905956ded382326fe37d33a1f2f,-3.0,1
2013-08-25,f0195e57d8b8ec2146f882fc71cda4c1,3.0,1
2015-06-05,b56f0d2691245f2571cf3b9f1db8f115,3.0,1
2014-03-11,05a18cd649ee37f1af1483b77be9636a,3.0,1
2006-08-13,d3957ebda91a02b6a293b0bdf9351d1a,3.0,0
2017-04-28,dcf10cd5b38307f0be40e5ec8b0552bd,3.0,1
2007-03-05,aac436fe720a847cdfb4d6b6acaca36d,3.0,1
2014-05-22,74cefc43c05dabb71cbabd7c108fc27f,3.0,1
2011-07-15,07de6556a78d8a90a248686b1e8050d5,0.0,1
2011-07-31,ebfa759b4e5684fefe8ad4b1cf2afd9f,3.0,1
2006-02-09,08eda9546e5f1fb347c1c1baf9995fe0,2.0,1
2008-04-02,5d9824a4a3caf71975b4582e5c15172c,2.0,1
2010-08-08,c582896d49ae12fa1bcb1fdeef3fc79e,3.0,1
2014-03-11,32c72276a29b4c933693cbc2a95c25a4,3.0,1
2006-05-05,a4b7bec52f5633ad0e6f8837fdeb5a97,2.0,1
2018-12-02,93be843504a5f52ccb3b206f3382b7a0,3.0,1
2011-10-16,02f7b46afbb4a512444950abcaa82fc5,2.0,1
2017-01-29,a1c86f2664ef0e1154e6c91c68355118,2.0,1
2015-04-14,cb9dc495f934fc020a64f5d679079983,3.0,1
2009-09-22,1ab75b4f4b2e6b652dc5a52ca36c42f1,0.0,1
2005-12-04,679f72357e5307d22d88d03955075519,3.0,1
2005-12-01,bf0e9f16bd742d6ff1c140c450752f53,3.0,1
2012-08-17,d7a4b30fe2bf5aee4d4fe5d227453151,3.0,1
2010-09-11,165f9d75f76689ecf5a6e5380749af64,3.0,1
2011-07-14,97db329778c3ac87524c8c52c3a9e78a,3.0,1
2018-09-25,2b74d979470e71bff7d4b189ee4788c8,3.0,1
2014-02-19,9ca9c9cef7e51b9c477b9a59f92df81f,3.0,1
2020-03-14,1a7f2212c416e739e262975fc9771b32,3.0,1
2017-06-08,2367552c16d60ef3c469e83c1a12f865,3.0,1
2005-10-06,8b18c4e0a836f13f380e07895554bfda,3.0,1
2011-07-17,e850740bb69a6a7ad75c27fba5ebcf1e,3.0,1
2012-07-12,e8eac1a3b5a5a59a602ddc4d1e14bd9d,3.0,1
2008-03-03,0f4b38c4a1c403e99090af70b584f4db,3.0,1
2015-05-10,c502d3fd5758722587e8cd9e198e330f,0.0,1
2005-12-15,cbcea67075a87428c839e15efc2d9e30,1.0,1
2013-05-26,e46d4a5de0af0d4bdcb1feded8a6db8c,3.0,1
2016-03-27,06aa26986feabc7a6fb3a47842f62505,3.0,1
2014-01-07,3f0ac62f6ad7d5694c320da8d2fc7538,3.0,1
2019-07-02,0e76d3d63aab916b051ec98c09b33d24,3.0,1
2014-02-27,5798c06fe07f4617c7fa9d7742972654,3.0,1
2006-03-29,ee7e103078c7a3b1c9ffff46368dc8fd,0.0,1
2012-10-23,9ec56da7ab9d01350ee28cfa9ee404f1,3.0,1
2012-01-26,aa3de16816bef2bc2685d5c9b269128c,3.0,1
2019-11-23,387472745545c752f7933119441c39e2,3.0,1
2012-07-30,ee2e50222837cd55102dd375873d1364,3.0,1
2015-09-28,2aba1ddc5b1637c56e73fff004b850a8,3.0,0
2014-07-12,273fc7cacbb72e25dddc8703a37c4f68,3.0,1
2018-02-01,997f1bbcf0d794553dd5cd3e8ba2f31a,3.0,1
2014-09-06,a4ae38c88df1ff2017f150330339a39d,3.0,1
2009-02-24,b011e8a735e4bbf067688287a4f5d689,3.0,1
2008-11-26,15adce07e64a4eb8f4a84c4b04b264ef,3.0,1
2014-03-15,238ab45e41be1a196441840ec914cb57,3.0,1
2005-10-29,99fdd03cfedd4e2d1e2a275c5f0ea50f,3.0,1
2006-03-20,e4f6adb7bd718c5aba0e700080581b13,3.0,1
2011-08-28,988dd6365ec78a8c0d870110a69e8654,3.0,1
2011-07-12,02061ef94e66b0b019e9feaf0476adc4,3.0,1
2015-10-11,be005cfda14380a5ab1f0e965bdbcb61,3.0,1
2020-06-13,1dcd6b5f45db490fbf8321ceb43352fc,3.0,1
2016-04-26,10706f53ff802d275825ee36c15c7554,2.0,1
,59c2c01525734e37da87d6f6653295b1,,0
2010-04-01,6f646e98f6cbe679aacbfe14733691ca,3.0,1
2012-12-06,e6c831cafc641abaf4336f8b28a58142,3.0,1
2022-12-05,1ef648ff7e16c517cec9b71110978e27,3.0,1
2013-05-12,9cd47aec7dfdd7f51ed31f1520caf251,0.0,1
2006-06-28,07bf9dd59261298e26f3e5b169a778dd,3.0,1
2008-08-07,3448d8af4b56d5748ba5104f54c330ef,0.0,1
2008-04-28,223dc4b251c64a10660866406caa8daf,3.0,1
2011-10-31,d3315dfb5018f3acb0fc9932d90266c3,3.0,1
2015-12-30,58f18738ea6585757975e8f70991bbbd,3.0,1
2011-04-03,34114a81e834c9467e9c9bd5ffbbfee2,3.0,1
2011-07-26,337a7817d589999370235ce3bfd4cb44,3.0,1
2013-01-25,09dc7f714499c12dbf439ac7725247b4,0.0,1
2016-10-05,741b229d713260f2539035b1fdeeeef3,0.0,1
2012-03-04,4dc9515741bcc25dac7398682090c42d,3.0,1
2011-12-11,bc0c6b33bb6dec1f7544163c79f9166d,3.0,1
2013-01-07,63a891307be8815c201667d80d639a56,1.0,1
2007-03-11,c55e90223e61741aff2c9ce6076ff126,3.0,1
2008-12-07,b53fea4650f6aaa0dce64c16ea2f7f66,0.0,0
2016-12-21,610f234b3542806e2b0c6e5674aa5a68,3.0,1
2011-07-12,4bd46191f5c81da3a8178827bb144913,3.0,1
2008-09-13,e1647cc09499823f4b0fafd6323bb2c3,2.0,1
2008-01-31,34384d6b88c86036563b9f2f395903e2,0.0,0
2009-09-09,61638c71abdeafdf22d5d03e78d0eb90,3.0,1
2013-08-23,fb60214fffa137c2fbb198141346ab52,3.0,1
2007-01-17,2201e38168ca744bc2de0b894831b828,3.0,1
2013-11-29,3c475d36a9a7687ef34150e8194bc33d,0.0,1
