user_name,user_date_create,title_name,clan_name,manner_grade,ouid
왕자,2020-02-02T23:15:59.330Z,짝,귀신,최고,9b2852e25a85deebc5ce4173b1ccc1e6
19,2011-03-20T00:41:23.683Z,규진,레드,최고,18e17412f97995c818b669bf4052a753
상추들고튀어,2012-04-28T03:29:49.500Z,꼬마,수호,최고,1dde487186c06c2f54e65484219d1d09
사자,2018-09-19T16:16:45.243Z,돌격,귀신,최고,bc0a86cc5d24182a2e09a2d29644e205
폭력,2007-10-05T08:37:37.767Z,,프로,매우 좋음,5d84519cf2b0e9c3d69ec23a4a859e12
보상,2013-02-19T02:17:05.620Z,23총사령관(A),PAUL,최고,332522192aed72ca90aaa95d90e1b08d
지은,2015-12-31T10:29:56.473Z,,에일이언,매우 좋음,273812858150a28424d56f440a5b1499
먀오먀오,2016-12-27T11:25:53.163Z,짝,PAUL,최고,7fab3087eda49357ee067c51b8f8b3eb
Oneːcherry,2010-02-18T10:48:47.850Z,짝,One.PoinT,최고,fb59b9ebe43ffd9d6b8b5aa9e33b97b3
더건,2010-02-02T23:03:08.007Z,욕쟁이,vesq,최고,b54f2c11425549c9a0309f8f8876dfd1
벚꽃,2010-10-17T00:38:53.643Z,짝,클랭,최고,5b73ce7ccce4e2aa1966c49c83780b47
파랑,2014-04-03T12:29:19.800Z,인기BJ,Legend,최고,580ef4be741c2746e671fdf05205e546
셰익스피어,2014-05-03T05:55:48.083Z,24총사령관(A),3중대-루키,최고,63bbb405e661019a480b7c0648e84590
뎅뎅히,2005-09-17T10:11:53.737Z,학살자,엘나스,최고,502bf3d1c519055efd7b4e7313ccefbe
solo,2014-01-05T06:30:40.387Z,무한사냥(A),몬스터,최고,f093eae67469de7498e7b3bd3de80713
FANTASTlC,2019-12-29T12:11:42.463Z,웨폰신,분노,최고,c48ec5e498103c87505a145734df2f4d
곰도링~,2009-06-16T09:11:45.613Z,짝,시럽,최고,ca080f89fd0f8978f867f2799572d1a6
skip,2014-11-25T12:31:24.730Z,짝,●`ㅡ'●,최고,be8178231c717712201d9191605362ab
콩씨7,2015-04-09T06:19:23.360Z,(Unknown),poly,최고,e570c51ad87baaab53dce767c701c3d3
바람,2008-11-22T00:25:59.620Z,ㅋㅋㅋ(A),pusssy,최고,5ae9a0aba72b7bdbfff9cf7b1ab12079
아리,2010-07-22T12:09:02.737Z,★,세이브,최고,2203c145161ac614f582061d62c5748e
료마,2013-07-26T23:26:26.523Z,♥,razerplay,보통,5108872b4333bb22a48517638cd4fbed
신각,2012-08-28T00:59:43.507Z,MS2,처벌,최고,5deaa01e89f395a90815102bd8137fb7
저승,2012-03-23T08:15:12.950Z,퇴마사,레드,최고,e26863167555673a1b52bff349a9893d
lxve,2011-07-08T22:12:57.697Z,,레드,최고,b93f28b48b7637450e70fab96a4498da
핑크,2006-02-11T02:38:54.670Z,자폭,핑크,최고,a1c13bf09c5566436919baefd49038e8
틀딱단속반,2006-11-23T14:07:54.677Z,헤드슈터,웨어,최고,0ed71d04383bd12216b14b614d4a41f2
페르비,2011-08-26T10:44:30.263Z,CSO,5ver,매우 좋음,1fa1b70d5b3de816520ba1a99e485191
댄스,2012-01-11T06:57:09.020Z,짝,Meta,최고,096a3023fe20810eca6aee054c84f357
우든,2015-01-04T03:29:35.217Z,ToT,seren1ty,최고,e8105bc04e4a48451d1ef5b73bf7cb02
보건,2014-04-06T08:06:52.080Z,짝,＃Divine,최고,642e49d62b7644ad7f9987aa1980e51b
ㅱㅱ,2018-12-16T09:31:46.263Z,,Shove,최고,f636440af24b8e6e095e307046fd738a
안양,2013-10-05T13:47:51.623Z,,다니랜드,최고,93e261a22fb8c6651a418d580373708d
zraI,2007-09-21T10:36:19.217Z,,PAUL,최고,0632880a7c4e164b272fac72b73aef0f
소은,2012-11-10T02:21:22.773Z,짝,뚱땐,최고,e0fd923c800e5441b8cf515f9f8abfe0
꽃길,2008-02-27T00:17:49.700Z,짝,분노,최고,179879ae0cf5c184af64bab0f0749930
조감각,2012-03-11T05:28:27.880Z,헐,seizetheday,최고,29cfc86dab1c4680759c313ec902b391
ShelleyCake,2017-08-10T03:53:13.477Z,짝,분노,최고,b4e0181bbb6b7cdc8cabef599b6cbe22
산이,2005-12-31T12:23:58.960Z,천사,teAm'brigade,매우 좋음,b7f9fe7314d5322b7db588ee6319da1f
King,2012-07-04T09:45:44.053Z,저격,illusions,최고,e05575c8814953055ebc988160718211
개돌용병,2012-02-24T03:45:40.117Z,,수호,최고,9f038c1ff07cbc6414e976fffbb154ef
곰인형,2012-12-16T05:59:11.443Z,★,today,최고,531a427051aef493c2560eff1afe91cf
병아리팔아요,2012-01-17T07:03:54.753Z,짝,poly,최고,8305224838a1c14f6837270527050c16
타루,2005-11-05T09:22:02.847Z,돌격(A),지혜,최고,2ed5e828450f875917887a085c84d918
최윤미,2008-10-20T05:00:20.087Z,(Unknown),ⓛⓞⓥⓔ,최고,8d5612676718a14fade04f2cb91561c0
레전드,2014-06-05T13:00:14.623Z,돌격,Trigger,최고,648fbbc694e660a33b8cef0cbae3f1d9
한번해,2012-01-27T12:17:05.250Z,(Unknown),자두,최고,12ae316087ba4a9e3ea486120d61efe7
FINE,2010-03-22T11:20:02.663Z,짝,여정,최고,27717da7b2d71df52896180856ccbea8
히히,2013-07-31T12:00:00.827Z,(Unknown),꼬끼오,최고,55f3c861f0b35e0633e647c476cb795e
응아,2012-06-28T06:28:21.303Z,짝,2중대-루키,우려,99bf573152209e7f1cdf6db6bedc772f
Shy,2012-01-21T04:21:27.833Z,★,seren1ty,최고,6d5edf92a4ea7f3d18c806c00a3c9593
cherrykiss,2021-03-02T12:42:23.457Z,츄,seren1ty,최고,0d9807ab206e5a2172f57ec9f50bea98
솔,2014-02-22T05:38:39.020Z,ToT,괴물,최고,dc0559231f37697e31549b40fd7de706
반예빈,2009-07-02T03:45:32.213Z,(Unknown),초대,최고,284876168e1a9d0eda99ab4b771b5286
둥이,2006-02-08T14:20:31.053Z,모~,missingyou,최고,1baf251696168578cce1d408fa8e4f55
랄하~,2005-12-28T04:12:14.303Z,1st,HeIlboy,최고,834284fa6e7cf65914a7cde283a21b08
色女,2006-08-22T13:45:37.600Z,서든클럽_VVIP,一期一會、,최고,82235398864c70779300daea913744d3
unknown,2006-07-31T07:57:58.523Z,,spvka,최고,52c7326c888b04902d01f399fb912a14
IlIIlllIllIl,2008-09-08T12:25:14.160Z,웨폰신,처벌,최고,cfd88abbcc74eb55941d6723fb95dca8
Κiii,2012-07-13T00:18:52.030Z,최예나,리버풀,최고,38906987f54adc55e11fb32f4ea76cf2
전번,2015-07-23T02:02:58.843Z,고수,spitz,최고,d7369b912c3b1bbbbef83a1f2cd3b28d
유키브페,2012-01-22T10:55:38.240Z,짝,yuki,최고,72ae7ade509d482f7b5aef7450ea073e
칠보장어,2014-12-13T12:43:50.617Z,메카닉(A),lexy,최고,4b72c0667ec35b31a29fbcf957fe9570
투썸,2016-02-05T08:13:27.063Z,주먹왕,XIGNCODE,최고,593d755a6bb13d9838ac833d32f7fce2
Jiyoung,2011-08-16T11:31:55.143Z,꿀보이스,hermanos,최고,ab52d88c8fe807829a92e597cb96e841
자두,2008-03-16T11:01:14.550Z,(Unknown),사랑,최고,45b1a2043c7c65ed1e199fd1ddb185ba
핏자국,2007-12-14T00:16:08.187Z,,핏자국,최고,2761c3d84c872da16a42327ef1f77afa
에바몽,2010-11-27T03:43:02.800Z,저격,애정,최고,f63e0a98179008ae19faab242211fa02
평생로젠,2013-09-03T04:24:08.123Z,(Unknown),평생,최고,a985f820f03659e122385ff11646af73
지도,2018-08-05T15:22:23.217Z,짝,혜성,최고,018eec186511a63ea86738c7799252e0
젤,2007-02-07T15:16:59.297Z,짝,지디,최고,06ac78845d5e6fe1df8cfd564e6c1234
지건,2020-04-16T09:02:11.257Z,짝,XIGNCODE,최고,d8073e6267b2c16c9a9997e546d9b201
asd3fas,2020-05-09T17:15:43.267Z,(Unknown),악몽,최고,f83605e5fb8eafbf8257291088840791
정말,2006-09-09T22:55:39.100Z,짝,［P.ro™］,최고,67e18db111ba767dba205c9e0f508bac
따뜻하게입고다녀,2006-03-14T12:44:57.530Z,짝,유치해,최고,e6ac81dd9c38524bb494689d315e9fd9
스토리텔러,2005-11-16T08:31:59.180Z,(Unknown),콩클,최고,46a6b7706dddde2fd761220d91daccdc
사빠몽,2014-01-18T07:12:06.520Z,Hi,FINF,최고,f33ac3bc20179d08fd3320f33ebfe242
그사건,2013-06-30T04:07:04.363Z,,명왕,최고,e017c1019117b828bcbea77f55f506c7
반하나,2007-09-22T07:19:28.877Z,미연,yuki,최고,30a3ec8484ddb8426f5a0d1d7cf86584
공인,2006-02-25T08:54:20.813Z,Dream(A),Heep,좋음,2733455b1b1c04a6614483e86404d594
영민,2011-10-16T01:14:59.980Z,저격,봄앙,최고,2e7780aea1fd653770023cc67cb946cf
IIIll1,2016-08-02T00:14:17.230Z,짝,karasno,최고,2ce42ac3d20ab0bcb21b72ff6675ecba
시윤츄,2013-07-13T09:34:43.813Z,사령관,츄적,최고,a8f3e2f4ad589abf83ac9febe5a36453
쯔양,2005-12-06T06:12:19.450Z,♥,여정,최고,26c6ef281b80c34f703a378b34568d80
Poni,2011-09-27T06:42:50.657Z,솔플왕,레드,매우 좋음,16650f3a8db2d4f4f06f38fb97b67247
강경민,2010-06-22T21:03:56.730Z,TheSecond,전설,최고,5f5eef029527bcd41e71832d0ef7f570
야누스,2008-10-21T13:01:13.333Z,,NucIeus,매우 좋음,123d200947d6d2f5bd5619f4a4bbec68
대화마을,2006-09-30T08:17:29.977Z,白,SuperLeaguer,최고,1b0c58caa535ce8c3478d1163f624cd7
최은영,2006-07-06T01:44:49.570Z,인기BJ,1st.generation,최고,ae2b0a6d046e21bc22e91816ef5e44ca
메이비,2015-11-21T14:12:33.693Z,,sentinels,매우 좋음,d6cece07c765e0242e9cadccbb84c6f3
천재,2015-05-05T10:01:55.247Z,헌터,that,최고,69c6272c668d9161e20b246a17c53863
미교,2012-12-16T07:16:41.633Z,미쳤어,Midnight,최고,8970504ec5284edfe946feb968f236de
지존,2016-01-30T09:58:52.497Z,장인,지존,최고,b3ce20e4e1b749d2ea7b9c5bd8ea6d3a
lullaby~♥,2016-11-25T09:07:57.200Z,Gurkha,seren1ty,최고,1d8ba77e386d4d1f490834345f368143
메티,2012-02-22T02:02:32.810Z,,몽실,좋음,ea36a0969328927ce4e7ded3976d1fac
거친,2008-12-28T02:28:32.567Z,번식왕,Midnight,최고,ab6b970c0d8478a70c80a944de5e33d4
IIlIllIlIIlI,2013-03-30T12:21:21.233Z,S,신랑,매우 좋음,28ecd94b3460d7b3fe9f9d05e5710427
근우,2013-11-20T10:35:59.973Z,짝,darkness,최고,9f1e4ee0b7189cbf26f61d406a4384f9
73,2006-11-21T00:57:36.360Z,AXE,독고,최고,0d6653ed2159cb510c14af9c4141ec5b
┕┑,2006-02-15T01:43:15.420Z,헐,Poetry,최고,ca9f424f0d15f5cacdfe92ae739ea3fa
갓돌쇠,2017-10-03T05:49:41.187Z,(Unknown),GOD。clan,최고,fc44cb28f2fed2c506495ee7d12712aa
욤,2013-05-05T09:41:56.707Z,(Unknown),Iover,최고,847c6e4a25a0ae9da06542b8b34e01d4
♡반샷,2011-07-14T01:05:45.467Z,살짝설랬어A,레어,최고,8e1780ebc367c8305e7c667bb7af65a2
관로윽좋노,2012-02-16T14:00:16.280Z,천사,히트,최고,282635d7a7febf09f6c6b75d2b4e53cf
myway,2009-07-13T09:32:17.880Z,CSO,FINF,최고,fbe05878f8cab4157b041b81814c73fd
고도리1번,2011-08-05T07:07:03.670Z,,-피닉스,최고,4b1e12a61248eea9ea7f78f71da6b86b
가짤루에영??,2008-04-09T06:02:36.680Z,프로미스나인(A),츄피스,최고,20e33b6b3e0e957df549b3dd6ebf689d
zetty,2011-06-19T00:25:08.487Z,惡鬼,PAUL,최고,9a8e0f12855b23c60c1ebe54564e226b
럿츠,2008-09-28T03:44:09.447Z,저격,삐삐,최고,1ebc186e9f889fa3974a406aa09fc829
혈라,2006-06-02T14:01:38.413Z,SNOW,unicorn-,최고,73fda248ff16eede5471edd2d0cc9359
레니,2014-07-31T03:02:36.173Z,별빛,meIody,최고,ccd01264eed929b82d4003fcdce85736
루치,2005-12-06T07:11:39.107Z,(Unknown),vantablack,최고,fc68a32950692ff790bd92cb066a64f0
LarK,2012-03-28T12:54:31.963Z,Attack,악마,최고,502b6e40e6cef4db201a588c20f73977
김택진,2009-03-16T16:02:55.963Z,,엔씨소프트,,805397ecbb640a9e4188a9baf1b2eeb6
좋아,2013-06-02T07:36:45.853Z,헐,레어,좋음,54426b475bfc0c84eba9e490bd0ecae6
로번,2017-04-27T17:27:50.427Z,번식왕,marryme,최고,28881b22e56d1ebbf792d94f5fab6ed2
현도,2013-02-13T06:29:01.807Z,(Unknown),Logan,최고,b50e93b420473990d23459de55b61203
예슬,2018-02-18T11:01:45.870Z,짝,퐁퐁,최고,0f9cfab8569741459e9c2a440df4a74e
ㄷㄷ,2019-10-11T14:34:55.167Z,짝,＃Divine,최고,829b554a9d54873ddd2c8d14efe96680
살짝흐림,2018-12-07T16:16:02.463Z,넥슨30주년(A),살짝,최고,c66ffea284872e0abf389280359bc617
웅3잉,2009-02-12T00:38:27.293Z,,뱅아리반,최고,f790fef8b19ccf53a5b32fafb52ff105
미드,2016-12-01T15:23:24.207Z,짝,존재,최고,a562d72f5e2a91814cde18aa5a0c9b97
소풍,2014-04-02T15:53:47.197Z,No.1(A),여정,좋음,ee09be66fcfd5a10672223d9f542585c
만남,2007-01-09T12:43:52.937Z,별빛,저항,최고,a5cd9595e1f9325195c08629431ab9ea
병풍뒤향냄새,2006-07-13T17:28:06.627Z,사령관,㈜동물농장〃,최고,79d0d4fffb37ce1d0ddf808c8cb63b60
깽히,2006-01-01T14:23:01.373Z,ㅇㅅㅇ,화해,최고,3228306efc0137bdce36418c13d941d5
소녀의세계,2007-03-17T04:56:17.540Z,OhMyGirl(A),FINF,최고,5eda75df3f580125d4c030740706d92e
서든러#000833245,2012-08-04T15:17:27.787Z,0순위,최고,매우 좋음,efd30cc1a1301bbfcc00e83592078a2d
S급라플,2010-05-30T01:14:30.880Z,,AIlKilI,최고,d2729e3ed99e1d97c04922997c004454
성이님,2006-02-12T09:11:03.687Z,,OPEN,최고,f74b18622a190cf8775f51425dc76faa
꺄,2019-03-10T02:36:41.670Z,23총사령관(A),인형,최고,3fac0580bde1babab2d7882d677f9109
전설,2015-07-02T03:13:24.460Z,웨폰신,Hack,최고,1179776494b4eb74195cad8b5cc050e1
질,2007-12-12T14:37:56.677Z,♥,Pink,최고,f07e16a0ce9a959946e7fe8c2043b76c
먹,2008-07-19T05:41:28.923Z,IU,스무디,최고,2bf7afe25cb698532546956df11d218d
chuby,2014-02-06T13:07:47.220Z,츄,＃Divine,최고,2439b139a720b2aa9e46321db1d911e3
약속,2011-10-17T20:03:19.137Z,(Unknown),엉뚱,최고,fb776a5feeb22fb219b0beb05051b0a2
텐시3,2005-10-08T11:16:49.447Z,24 SC S2(A),FINF,최고,946e6a8ae5c8e4d24316d601d65eeb31
정치,2011-09-10T04:52:30.890Z,서든클럽_VIP,수호,보통,ba9b226a5c6c8b7218fd953a8e6cf3f9
환각,2014-07-13T02:35:06.273Z,RED,후닝,,5e02207be883f93c9316ac6df946d31e
매화,2011-07-12T10:51:40.390Z,(Unknown),구찌,최고,d6f659e89208ee013e6aef11c10601d1
포포먼쓰,2016-11-08T08:51:59.203Z,,의지,최고,59fcd3e4826eafeb22b1179c41154b8f
공군,2011-07-15T03:08:56.093Z,짝,that,최고,1fff781cdee150846edb0af047652fee
과대표,2015-07-06T17:22:31.230Z,짝,쏭파,최고,8a4bfd624198c6c3b55bf09d1145298f
보조개,2011-11-16T11:35:17.317Z,,that,최고,5594bf19111070d9a401dbac94109eb4
yong2.wb,2011-06-30T05:28:33.623Z,(Unknown),워너비,최고,b138e96334c3b6c78429957f1a89fcf6
#red*pccafe★,2006-12-03T16:02:37.360Z,(Unknown),SDLove,최고,210deb06fd9f19e4c7d6efe375be86fa
elice`Jongho,2012-08-06T09:36:02.873Z,짝,eIice,최고,ea9dcba8dc3df6ed62c637312c48c9f0
보물,2006-03-19T05:16:51.307Z,,오브,최고,d0c4b0df4a10a9f1c1f0a04ba967bd6c
시켜,2010-07-25T05:48:22.150Z,(Unknown),명랑서든,최고,cba5c21892ab6a7949c43e6bca8dc2ef
은우1,2013-09-28T10:49:07.703Z,영화배우,정도령,최고,b9282b1da17861088b498afa293b4cbd
초코롤,2018-10-02T15:24:22.373Z,Lovely,AzraeI,최고,7424384d13b5aa1e704a0220554dee97
촐랑,2011-10-20T09:25:54.497Z,♡♡,Sunflairz,최고,fa976579eadf100f90b338fe6820b16e
천송이,2014-01-23T08:32:30.100Z,천사,following,최고,a518db4eb352ff7e09024feed780d13c
잉잉,2006-01-07T06:13:01.387Z,★,XIGNCODE,최고,1213498adefba92baa7138aa0d050f6c
양가,2014-06-30T11:34:30.570Z,돌격,아날로그,최고,a3d2c63f909d41e560d737e14b321c27
쏘우,2013-09-15T10:25:43.060Z,ISFP,-Astro`s,좋음,8f9819acb514684d86c035b284e10dba
뿌뭉,2020-10-09T11:41:43.127Z,,레드문,최고,6071f4ba0b6ad1dda855fd54d8bf5c35
후배,2016-05-14T16:15:54.190Z,짝,poly,최고,534414ff89625147b46d0c64f00e4c10
코와이네네네ㅔ,2011-07-16T06:55:18.080Z,(Unknown),,최고,3fa406b1f01251972b9d546fb6a1ef7c
Legendarys,2013-02-02T00:19:39.150Z,혬,ggez,최고,ba1625893c7b8ebc87465063e425eb57
꼬집긩,2006-07-23T18:59:27.600Z,,Crazy.wc#,최고,88c7f7e8a7f346d0ab66a9dda0e2c546
뽀미,2013-08-18T00:08:18.643Z,아드레날린(A),that,최고,6325bd2d0907dafffebac93f0c269e61
전채현,2008-05-29T15:33:38.773Z,,비비엔다,최고,41d82f5534d2f219e1c420d033128a7b
lIIIIIIlIIlIIl,2020-12-26T04:55:07.550Z,(Unknown),분노,최고,baeaec85232b7b59b2b63ef351cd14e3
보영,2015-12-16T10:55:40.980Z,Lovely,천사,최고,8c27d951126ddba12ccf094b4b5fb4f4
현찰,2012-06-26T15:15:15.027Z,돌아이,des`per@do,최고,8b7819156453522073e2495d5797bae3
형준,2009-02-05T02:40:53.753Z,(Unknown),1coN,최고,6bb067c0c60ed2c6af5dec07bac5d9ba
윈터,2021-03-19T03:22:09.077Z,23총사령관(A),용서,최고,d374c0582818c96c8d7067ca77f4ebfe
평생아솔,2005-09-12T11:45:57.240Z,월드클래스,평생,최고,840d8fa05aee75879a025c415b3676a4
후연,2006-02-13T06:48:21.850Z,,아날로그,최고,52f676ce655a9acb1327d8b6bee93d54
韓牛,2018-07-26T01:05:12.370Z,돌격,독사,최고,cb031642fb9aa50c876d60b817863622
BOBCHOI,2008-02-09T14:30:38.010Z,,강력이들,최고,0a00dc2b0546bfcd6798fc4be772e0f9
세금계산서,2005-12-21T06:32:50.047Z,,Chun,최고,9b63f37be284b9e4205dc7a4645cd528
ＭＩＲ,2009-12-25T01:46:12.290Z,TRG-21,bb1bb1,최고,f54e2bf3c577aa3fd50578bb2c1937f9
외나무,2017-06-10T11:52:42.033Z,(Unknown),grim,최고,5447b3b22b84ace082f92dc3a437bc9b
핵키,2017-04-07T12:55:32.523Z,허세만렙,daytona,최고,41272652c2bba3865dfedda24a59462d
casting,2009-07-18T10:17:32.907Z,HERO,Team.Euro,최고,b487ccabbc0f02100ecfadffe835167e
로그제재,2011-03-05T02:54:53.220Z,초보,Schopenhauer,최고,80a2dc0ea59dcef5b0aad82253ff3e6f
Stra,2014-03-10T19:29:14.933Z,짝,사이즈,최고,143925a0a08e52bd4b289dc0d3085074
요네,2013-01-20T03:30:44.447Z,SEXY,meIody,최고,b4310b7df4769789e53d240aeb9dea55
열정묵향,2006-06-28T11:23:49.790Z,(Unknown),열정,최고,c355552a42729bb3aa3cc584ed86e20f
lIIIllIIIlllIIl,2011-12-31T00:44:34.150Z,짝,울쌍,보통,facb4f6b8c5a1767bf1cdb41d540a65b
라윤이,2014-07-17T10:46:46.370Z,고수,ㄲㅂ,최고,b93854f026f31513b2c0848b12bb3c60
학력,2007-12-01T18:36:44.900Z,,bb1bb1,매우 좋음,16b9d109db50a18337285465fd68780d
탄생,2005-12-31T20:45:09.140Z,(Unknown),승확,최고,107f952ec161efb1dc760ae6c2c265a0
김수염,2010-02-15T10:15:31.600Z,저격,정준하,최고,080fa4a17acb6e0ffc9b400e558d5f7e
소원,2008-10-13T01:51:36.573Z,저격,천사,최고,6acea493211b081c51f4c199d3f3edfb
￥eeezy,2014-12-30T10:05:37.550Z,백표(A),'―',최고,5f71d06c9977b636adbf845704df861d
모잘라모잘라,2008-07-06T13:42:32.960Z,,잠깐할꺼임,최고,9d9ec39dcd7edfbf7d696f941b261cb1
스쿠터,2012-11-23T09:50:24.290Z,AK-47,랭크전할가영,최고,fbf3838823e5d15cf12cc6b7d2e992f5
임민호,2012-03-24T16:08:40.350Z,폭살,백업,최고,8b840e410c22ff7473087de302e6e94a
기말,2011-07-12T09:07:12.450Z,(Unknown),Miracle,최고,9fee5c44ee2fa8d902edd2c9456f8f2d
승훈7,2008-07-17T11:51:54.803Z,TRG-21,chuu,최고,0514a90b73e94dcf8c13d85dac3caa15
포차,2005-12-29T08:51:18.580Z,챔피온(A),보장,보통,0c84d3f430b4d23ae22934557b980d00
최항,2019-01-18T12:20:45.580Z,북극소녀(A),bikini,최고,45afc9eca26756f58065d0a5b93a0312
효빈,2019-07-26T07:34:21.603Z,인기BJ,당신,최고,cad95c4868e351237a0de4cac3e6cc03
미라클복희,2015-01-17T07:18:48.020Z,짝,miracIe,최고,29b8e3f898515cc4e787b2ec74d12068
총들어이넘아,2006-08-09T08:16:36.153Z,사령관,예지,최고,6cbc6bc425b56afcb65094f7eed20be0
peach,2011-11-26T05:35:48.043Z,★,honeys,보통,d9591b826db8d611f4eed014791889c6
쪽지남겨주세요,2010-04-17T18:11:42.640Z,,2중대-루키,보통,f9a482a58290fc0a3f833a95315a2aac
영준,2016-06-13T14:31:33.150Z,짝,순겜,매우 좋음,a0d13ac7a3d778fe8680c842313f018f
용서,2010-08-29T08:44:00.683Z,(Unknown),지혜,최고,ace637a4977e50b44d59ab29042afbd0
체리사탕,2007-07-22T06:57:02.350Z,CANDY,떼껄룩,최고,7b4ccdd1a45d058dee208afb8ae7646f
유승민,2006-05-20T03:52:11.407Z,,웨어,최고,e1a184b3d7fe960bac87efeb0fc0f5cf
정용화,2008-10-03T05:56:12.717Z,짝,징표,좋음,93b63931984005b6b24d0b213b46f61b
서든러_25770114,2008-11-21T23:56:57.647Z,서든x바람칭호(A),상어송,,d91f14c9f0f5e27fdefd745b5c154a0c
와인,2006-09-17T04:37:35.750Z,헌터,vantablack,최고,c2f3058e2bee05bf17911c847fc827bb
화지,2011-10-09T06:55:56.290Z,카즈하,기적,최고,3481be46ed14b44101755ea4a326e9cc
빼,2017-03-05T14:31:25.643Z,,누명,최고,c849050595d81e8fbe5eb34dade47db7
야미,2014-02-26T11:56:56.800Z,사이코패스,인정,최고,d735ddb457a0d137c6c46d8153eba39f
IlI1,2014-02-14T12:50:15.080Z,靑龍,<alligator>,최고,f36d846979fe2aaaac0de203bc1c111d
65gir1,2011-10-01T02:41:02.380Z,짝,cranberry,최고,42623e037e749483cdc4ecc20652003f
ivory,2013-06-17T11:32:53.030Z,,Kitty.wc,좋음,d307763fd209492574ea383046a1275e
hyunsungg,2008-06-04T15:43:09.370Z,샤넬,annoyed,최고,0136f10d0f040ceb86007bbb3ef41231
탑건,2006-11-06T06:06:55.363Z,강철의,that,최고,d0646bc50cb2f86d8ca25dfb0e851de4
몽이,2015-05-03T08:02:43.317Z,짝,Revolutionary,최고,92ddc79a54a31a4191d2da3105a5f37a
Mr.England,2006-07-02T09:54:18.947Z,개돌,TheWorld,매우 좋음,f85891777cd6744f68468ab0574de536
서든러#000884539,2011-08-07T09:12:22.383Z,인기BJ,HelI,최고,655b40d2133c458bdb9930103960c61e
다희,2013-03-23T08:13:09.210Z,애봉이,1004,최고,4f2aa7cd9dc3c389968b51f17e4d7235
민교,2012-07-21T04:18:55.690Z,,쁘띠곰,보통,e429485f98c96d823a27a38a592f5feb
ohmygosh,2009-12-19T04:04:31.063Z,헌터,현지해적단,최고,120cc58a11edef06fb75e79e387c2047
래아,2006-09-18T02:44:17.383Z,,◀LEAH▶,보통,e4f1a94eb732f69c784e91776c71f5fc
일본,2012-02-16T09:52:58.470Z,저격,괴물,최고,bf8be389fa47776e0f61b7faa8d85d0e
잔인한꼬맹,2012-08-06T06:57:26.780Z,폐인,잔인한,최고,8613d37706c65dd87efe3c258c4b249c
sowall,2013-08-16T04:25:23.893Z,사랑해,hermanos,최고,6a912fc219accde193dad9ee3e6595cc
찡둥,2006-10-11T10:22:02.420Z,츄,chromite,최고,8dd711c6930202ec3c10fc3a310d1277
먹고갈래,2006-12-31T09:33:38.960Z,심쿵,CinderellaMan,매우 좋음,2bef6f4102311b3ecf7ffc9a28c430cd
당긍당긍,2009-08-11T09:44:54.883Z,비타민,라랄,최고,5a16d5c007deb76ff4f3bd6bc85fa89a
카르나스,2014-09-08T00:54:34.367Z,Eagle,meIody,최고,3df995f5c9e2595073ab5c9474e19bc9
랭크전던짐,2012-12-19T16:19:44.583Z,(Unknown),구찌,최고,26661f4f5ddcb8469a87ceeee34f4ae9
ggaebaki,2011-07-15T09:38:28.343Z,고수,시럽,최고,20d7ef5a5f0c9027a9832e9f73980e53
김연제,2019-01-24T13:19:59.540Z,고민시,레드,최고,3b9b8b6c99701e425ada3e0fc72322c1
에임,2010-05-29T06:10:02.640Z,저격,Hack,보통,d733e39cf5503960fb9cd0579d9890ad
토심,2011-05-10T13:06:13.917Z,(Unknown),loverduck,최고,22084df93879de54941beef010532acf
키라라,2014-03-05T10:18:52.647Z,Gurkha,seren1ty,최고,74f29f7711ab53794b07fe5912d6c12a
Gift,2019-04-13T13:40:02.880Z,CSO,Jubilee,최고,4395282272057620eb2458efacbfd9d6
두산,2005-11-26T08:29:09.927Z,잘가라,아날로그,최고,1c7b3bb48bc506576e712675cee0eb3e
요¸아˛정,2005-12-24T03:42:50.307Z,사이코패스,아이유♥이지은,매우 좋음,8b8435e18faf9002798dd6242f6e5d36
콕,2006-09-20T11:00:54.507Z,낚시왕,제천?,최고,1b582f36ae431ec43cc2d2dca0bf339e
원포인트보성,2010-12-14T17:27:49.460Z,(Unknown),One.PoinT,최고,5d85bab69f1f6eff7758de6f45da1c3e
시뚱땡,2011-08-15T00:59:14.257Z,靑龍,1st.generation,최고,fc1a6eab9f421be155b7b9146335c44e
옥히,2013-08-13T08:28:40.000Z,짝,별조각'`,매우 좋음,b380b2a67742eb44a200cb585e74d7f6
랜뽑,2016-04-07T01:08:30.787Z,망,senator,최고,02d81b50de0ce438c9c21fd76ad53655
Shadowboxer,2016-01-14T09:08:10.923Z,호러,야쿠자,최고,f2088cb91ccd358567adeacfd672ef53
트리마제,2017-05-27T07:54:20.110Z,靑龍,XENIA,최고,f9e93a0b2fec7db438bd28f6925a2f70
다래,2015-01-17T13:31:15.490Z,츄,존재,최고,dea48f896861786eed777dea79e29f98
foxy~♥,2020-07-12T03:28:17.097Z,靑龍,PAUL,최고,e351bed0bd52e941c62b4df47399581f
IllllllII,2011-07-26T03:08:13.067Z,짝,TAKEN,최고,7de1c247f0885a830cac74c8afca4560
newyorker,2011-08-02T06:01:47.473Z,NOMAD(A),여정,최고,1e0fd0ab10b5c4ffbb14770326588d8d
마성,2012-07-19T06:39:57.943Z,짝,처형,최고,6029cea7766c06729f455389d0641624
스킬,2014-11-18T15:22:36.000Z,숏,사자,최고,a88da456e8efee6b05e559ae3ab9fd5b
나이트,2011-05-14T07:20:50.683Z,돌격,bb1bb1,최고,5a1b09eb3fde9715e9fffb075ea8c0b1
수민,2013-10-08T10:04:05.207Z,강쥐,천사,최고,967f6b9bea9fbcad115ad36953447b64
떵민,2017-10-15T15:44:14.583Z,Devil,Dragon,최고,9bd7d64578221963e442a931e5d4d89e
늑대,2015-06-04T10:51:50.680Z,HERO,저주,매우 좋음,44e182a35389fa081f00b2e82819159a
애링이~♡,2008-04-20T13:32:14.237Z,S,PokerFace,최고,e9dac9c57af35bd8cf434e6239a9fc3f
딱딱이아저씨,2013-06-07T08:38:25.517Z,Dream(A),프리미엄,좋음,579146791d26cea6e11c6f7649f957b7
박진수,2010-10-17T05:35:14.683Z,(Unknown),악마,최고,5915ed69ec8a8c2be7c3f4fbbfdfee40
Larks,2005-12-30T07:47:26.107Z,TRG-21,총총,좋음,dd58a01cd9a23c6bfd068d0258eb4e72
예리,2016-10-13T01:52:51.227Z,(Unknown),사랑,최고,a69148eef542904110a495c48b4bb35b
낙지레버리지,2007-06-25T16:38:40.520Z,돌격,4중대-루키,보통,47f564778ee893c688a7adc4c303c103
다영곤듀♡,2011-10-20T14:05:03.723Z,★,MADE,최고,fd85308f3987feb460bb34be92c75386
IlioilI,2012-02-04T15:25:53.297Z,,ＶinceηΤ,최고,a187d175f943f8b6bf1ab0e69a13826f
onelove,2017-10-09T14:40:08.470Z,짝,poly,최고,46ed743c39fea43c228dec42f3a771a6
속상현,2017-02-09T16:28:33.797Z,사이코패스,<#ever_wC>,최고,91842acf8ddae9170361dd4b91021175
신＼('ω')／나,2008-01-29T03:43:10.243Z,짝,프리미엄,좋음,c5085490bfe6925f4d8d902d3fd996ae
bba,2018-05-20T16:17:49.410Z,반장,placebo,최고,0405878b861ba46a0ecd961ac737963e
야미メ,2011-07-16T03:34:32.610Z,사랑해,제월,최고,4bb997a7f1c21ab2c681cb52408b771f
해적,2013-08-31T07:06:34.063Z,Eagle,천사,최고,01e418adbb180c3899de0ae34dd9789f
관통,2013-03-09T03:55:40.807Z,(Unknown),Heimish-,최고,b749cda7cd2f3182664ca89224fb2929
박덕흠,2012-08-25T11:28:56.930Z,욕쟁이,newallstar,최고,8a586766e35a66b12e61adfe77ee3345
cherryme,2012-06-02T01:25:58.103Z,S,something,최고,57d78b214f2d3d3c026215be9528efff
츄,2019-03-04T03:22:27.090Z,(Unknown),Heaven,최고,8fcceda225ce8b77ecd48ef844b0793f
흥,2014-06-15T03:27:37.400Z,탈출구역(A),GrandLine,최고,ec3300d4f9f4f1be32d7e082ebcb6d19
힘??,2011-08-13T04:26:50.470Z,(Unknown),라쿤,최고,5a7cf65265ee9966eface4ee8c8fbfa6
singilu,2007-03-18T02:34:45.003Z,짝,singilu,최고,e5719b82d752dcce65256e444a540958
Seirens,2006-09-03T07:32:30.977Z,지렸다,Alhamdulillah,최고,284c18d64828530106ef73d63c9bc077
까칠한소라씨♡,2019-10-08T22:21:24.537Z,돌격,까칠한가족들,보통,0f0cf6a689653b28c6d704c777cdd570
디땅,2018-07-20T08:02:21.427Z,TRG-21,malangcow,최고,51dd016337e371792658cf53057b9cc5
롱길,2016-02-16T07:28:54.703Z,짝,Shove,최고,ab5e7b1c66e61c0371d0fb5f3b78154b
주,2013-07-18T15:47:31.183Z,윤,쪽쪽,최고,2d4702d5ab3a7cc1a4001a51ba9404e8
Billiant,2009-07-07T15:04:11.387Z,헤드슈터,PAUL,최고,38e8c109e706516de047c5902d4e0f70
(´⌒`∩）울어,2011-11-17T08:31:21.653Z,(Unknown),양치,최고,19104fa876bd2ff725f3995f5a478910
Hancock,2014-01-11T09:34:51.037Z,짝,마당,최고,de627e2940d2ceb5d6fab2a738b9d860
나예,2010-12-23T06:00:38.280Z,I♡U,swear,최고,766cb6d70a56870a31b58101bf4747f6
장어,2009-11-18T12:52:36.533Z,짝,부끄부끄,최고,8be5f3f717818b7eba82149d02ea4f7e
동희,2011-07-25T10:22:03.647Z,짝,임선비,최고,6c4df67c8bba255a4e464dc04d941427
우린,2018-12-04T17:10:04.497Z,No.1(A),처벌,최고,99d97d9d16a681cd89d1e7c827a27911
이하영,2011-07-27T05:01:09.710Z,짝,플로라이트,최고,ff1fb9a283d02bc12a4059b277cb9cd3
Sword,2011-07-13T06:14:33.937Z,저격,dahIia,최고,770d6e0d64e4e40b3c6e06321bdb69ed
김똘비,2019-07-27T13:23:45.320Z,백표(A),youthfulzest,최고,be40d1d729e5d2a12ab77d236f7ca645
창자,2011-07-16T04:10:02.280Z,불꽃,시크,최고,bd785e176ee9a3a7a8d837288a42caed
로이,2011-12-18T10:31:09.927Z,짝,용서,최고,983948af2a5f8cc5762fdaa785a87782
도끼,2017-02-08T15:50:11.673Z,Blossom,바다,최고,d45038d8ff32f9ed5d7f01294af5d68c
Gard,2011-01-13T01:34:52.133Z,인기BJ,PAUL,최고,8557c91e7291dc04631f23efb066b733
이정음,2014-01-11T13:15:42.760Z,ToT,야생,최고,e39b66d3d5b10c1bc98839097223a881
IIIIlIIllIll,2007-02-15T04:17:09.473Z,국방관,자두,최고,7cd4503eafa357b776a83f1ece8f39cb
스커,2006-12-14T12:48:09.837Z,,Adventure,매우 좋음,b6478724e45edc5a3c1a68fc1d246d0d
채금,2012-08-07T14:03:59.233Z,나이트,샤넬,최고,f6d3c6d822465963c15439aa8f5250b3
JungHo,2008-04-09T12:17:17.997Z,돌격,CatchTarget,최고,a88385953efcd6198fe30874dd875fb7
오리,2005-08-25T03:55:12.450Z,S,시크,최고,f31bdc2e6e5a7b749b4aac527411ffc3
Matteo,2019-10-19T08:25:56.453Z,핵무기소지,Avenger,최고,36c99bc038ba198c2fc0b2ca59a17815
패왕,2015-04-21T20:17:53.347Z,번식왕,XIGNCODE,최고,7a06c09e0dce5bc8ea1ab40d00d12a49
건설,2011-12-02T17:26:32.503Z,,근접,보통,c2bbf914c13636dfa119709d763910fb
데이나,2013-04-21T03:47:55.637Z,CSO,묘해,최고,1e65f341d5d1db5e414c9352193aee1d
Ålbert.이프,2015-03-26T10:45:28.660Z,형님,Ålbert,최고,5991780600f8706dc8d603fb28bdf5e2
♡hanna,2013-06-10T07:54:24.820Z,,hanna,매우 좋음,bf552b1d6edb03a8086be13a6907911f
해운,2017-12-20T12:11:20.683Z,짝,Watermelon,좋음,3912b69b1ab7f0287e6b2ad9cdde5e40
호두7,2010-09-22T02:39:15.307Z,TRG-21,that,최고,4927311908b62f04caa5153ecd5c1d1b
부산잉,2011-12-27T23:55:42.510Z,인기BJ,Joie,최고,18e436caf38fb4823d3ef33e9eff0982
한별-_-,2016-01-20T11:26:50.107Z,앤씨아,dandelion~*,최고,be7f9957de91e2e0233992bbee3c97f0
ⓜⓤⓨⓐⓜⓤⓨⓐ,2005-10-30T11:54:19.630Z,백표(A),MUYAMUYA,매우 좋음,7571c5e2df7391194cf1ec02bdce1845
이근,2018-05-24T08:13:46.610Z,짝,에이,최고,03b94b4aaed378998f8c6055c996895d
테러,2006-06-21T10:08:15.400Z,나나,respects-,최고,3cef12825374dcc0c3499ef15e0cbba6
파덕,2009-05-24T16:03:01.800Z,레전드,미스,최고,c9d298982642462d026007f4f93474f3
케빈,2013-03-13T12:25:01.660Z,S,CelestyN,최고,97c838b8dadb430fe0cf8409fb6f24d4
찌혜,2014-11-29T05:37:35.373Z,짝,코코아,최고,2ae56582b589550bc1ffbdd5859e4605
정훈희,2011-08-06T03:30:54.950Z,유니크,SJ│Gaming,최고,109a3c427e092d6b0b3844800e2c0e1a
찡현,2010-07-24T23:33:43.167Z,짝,세이브,최고,03fa501341a2fa63848ed2f931d05141
찌구왕,2019-08-13T12:13:48.740Z,ToT,냐냥ㅇㅅㅇ,최고,604b39adfef0824e2bb1510f17644a08
sense,2009-10-22T13:45:10.500Z,패왕간지,cartel,최고,817d474f8c723f028ec53466dbcdcbde
.107.5.,2013-05-11T12:52:56.960Z,폐인,ChoŊo™,최고,e420541c6cac9d6b58f720d801078e01
탈론황제강혁,2014-02-26T01:07:06.230Z,짝,TALON,최고,bc358a102f4f4681069b4cf9c8a91c6e
박성한,2008-08-20T05:07:17.990Z,SS,교보,최고,d4d54ff399e02a884c3a29b8d0f76bf7
거참,2015-05-29T19:28:32.630Z,폐인,바다,최고,25c304ecd1f3bbd17e8bd5daf3f8791a
도마뱀,2020-04-30T09:29:44.030Z,저격,UlsaN_CIaN,최고,71bdce0088162edbb6db96ed1d2d0820
냉냉,2012-04-12T05:22:17.737Z,(Unknown),싸움,최고,e6cf6e73d7262f61dca66df7e3ac2305
잔인한소닉,2005-10-29T09:20:28.453Z,AK-47,잔인한,최고,79d56f4f87627e7c3f899ef16a2324b7
Heretenitripes,2008-07-05T06:29:28.420Z,HIT,울쌍,보통,895d02c1a9dab3a32ba0d65b374e9355
다피치,2013-08-16T14:12:09.593Z,(Unknown),＃chaseplay,최고,f10f25fd064f7e23e426cec4af93aab1
케이크,2016-07-20T08:06:39.017Z,핵무기소지,lIII,최고,cd0254b25571248cae1523b5b723c187
레이븐베라,2015-04-02T10:26:30.397Z,靑龍,레이븐,최고,5100560b5127802c827f73f7db6b5299
샤탄,2016-01-02T06:02:49.983Z,SUMMER(A),margieIa-,최고,cfcdecb3308e7d631634c5b082791071
민경호,2005-12-23T04:50:22.740Z,Eagle,recentwct-,최고,607a2be8ce2321f1a38711652dcd6484
쏠라,2011-10-06T15:36:09.427Z,개돌,Fear,최고,855523a27f6961ae1bae148ed358e897
BongSunny,2005-09-26T03:43:37.200Z,서울대표,독산동국빈관,최고,3929f14f59315fa59ee3404358bd8aad
떡팡,2022-08-24T15:13:36.680Z,짝,QuasaR-,최고,92bb3f9ffbcd4f1c0a0ec8d60d33f14b
복수,2020-05-18T04:24:56.777Z,ToT,that,최고,438ed68efaecdc65677febe6b757d194
콥,2012-08-04T21:36:38.820Z,패왕간지,Sharkry,매우 좋음,9be965c7427ca308dc628447433913c8
머랭,2010-10-08T10:10:33.707Z,저격,shockac,최고,fa5fb4b9ec24ddd10908ef975f2f0108
ㅊㅇ,2011-12-02T12:50:54.127Z,짝,26중대-루키,보통,c4f8eef70a3592eee199425c27efe5f1
하고갈래,2010-12-08T04:59:19.150Z,용병,CinderellaMan,매우 좋음,71abaae01aba3f3afb32d075022665c9
러닝빠름,2008-03-30T04:42:55.733Z,(Unknown),러닝메이트,최고,964f3b777df0d000f66308224379f15f
조각사,2013-02-04T06:01:49.770Z,달인,Onyx.,최고,003d0b600c59e36feaa73cca3994a408
재롱,2007-03-25T05:34:53.790Z,MVP,병아리,좋음,012e622254f0024d03b6e88db7b62e22
뜽미,2018-09-08T10:49:42.310Z,Lovely,,최고,91e4969aae0041b5fcf1de8fa5b7b046
정겹,2009-08-26T12:02:19.710Z,,방송국,최고,783e3b46481bb0f7dfd6b6557399ff81
ChamomiIe,2010-11-14T06:12:39.383Z,번식왕,존재,최고,88c7e238d0b187259e62a509337014dd
Soul,2006-09-21T07:25:44.273Z,♡,Winter,최고,9e7f7390f9f0fecaaf9517d0cd52db47
율솜,2014-01-20T07:25:30.963Z,짝,zl랄,최고,1e51738d7e451a9790159ccd29f2043d
Santiago,2015-07-10T07:15:24.640Z,靑龍,처형,최고,21ecc9d162b6976e6874812bd89db38e
느낌メ,2005-12-24T09:59:58.750Z,군단장,Herne`ming,최고,0d6f8e5a184ac089ce34bf48f3003c38
XRP,2021-12-12T09:35:34.830Z,투혼,아발론,최고,c86960708b3cfcbfef81b0620a013753
lIIIIIIIlI,2011-10-15T12:08:13.617Z,Lovely,전설,최고,98415bb884faa7fc2858cfa84886f0df
rhshl,2018-06-05T04:13:55.450Z,낭만서든러,sohyun,매우 좋음,8dfdfbefaee6a09dffe9450d037278e8
유환,2011-09-14T02:38:00.403Z,짝,떼껄룩,최고,32ec9fa271c7a520e296dcd797ab5eeb
명욱,2013-10-02T05:18:13.367Z,오구오구,전국,최고,e437dc6081c673df101bfb2ef1265a33
애쉬,2012-01-05T10:32:15.187Z,번식왕,cake,최고,59b07f21113db19afff601f1bd24bb4d
은별,2009-08-16T12:46:08.487Z,돌격,PokerFаce-,최고,38541b3bbc59a53af3339e84e2312dda
자고갈래,2007-01-01T23:39:44.677Z,꿀,CinderellaMan,매우 좋음,e7f3d3cb8427626f3e983665e28c33ff
팽하,2011-09-08T08:41:11.020Z,Winter,Winter,최고,c7abe05310ed565ee8c74b417416ea51
도아,2011-09-09T11:14:31.223Z,(Unknown),키라,최고,8e58ae8e743fdd1be3c4aa49959503bd
강준상,2007-12-28T12:59:00.663Z,Winter,자두,매우 좋음,dd68a8d4c783ce05fc92057d53af4f9b
Melina,2012-04-12T11:42:10.570Z,ㅅㄱ,CherrybIossom,최고,a1f11bafc78171b7d2a216de6150e47b
떡갈비,2006-02-01T22:23:59.640Z,소담소담,꾸러기유치원,최고,f920c51fcb7ecc8b120d554b4a5f9923
쥬얼리,2011-07-27T12:04:06.620Z,AK-47,e.sports_united,최고,7d05df80fdadf9898a261510704664ba
CSI,2011-07-12T19:32:08.073Z,고수,쁘띠곰,최고,cb48f1c74757213dbe23fc643c1d0be3
시웅,2010-01-17T02:26:15.910Z,돌격,xenogenesis,최고,540000743f96e893dc467965c9b95d72
삥밍,2011-11-02T17:29:42.087Z,★,Asterisk,최고,f8f98fcb83b87b08b56c4d113a8456ba
개쩔쥬?,2013-09-21T15:06:02.400Z,S,헤븐,최고,a78800746a3fdb23e46ea90423516adc
Love，Fear,2006-09-22T07:52:51.057Z,노을,Turbo_MaHa,최고,67ec1445c0b712067c75ff994702b533
포뇨,2013-03-29T08:27:44.247Z,靑龍,carpediem,최고,89078f1bbb3a60bfee94c6e621989379
서든러#000814997,2009-02-25T08:16:12.237Z,,단소,좋음,0b3c531f07dbcf15100e4b9d0dff5a8e
석회물,2007-02-04T05:40:50.037Z,패왕간지,후회,보통,3151975af5744631a41901c96ab7e189
봄이님,2018-06-17T12:19:13.530Z,다 모으리,Miracle,최고,a0a3b0f9e45f8fb84798a40f1290ca6b
♡균이,2006-02-02T07:41:26.923Z,♡♡,지나월드,최고,cab8ee42b8c50ad8f460d5675489caa8
세징야,2014-12-08T03:34:21.883Z,Luna(A),Rounz,최고,495695c5186471ba0636d8c3e6278d4d
Ly.모모,2007-08-25T19:24:02.180Z,도,Lissy,최고,1cf448a29585aa7b2a4cd3d389a50af0
럭비,2012-11-02T00:24:53.703Z,,▧I소,최고,42f4fd9548b009767dab36495c8d75b8
준디,2015-01-08T01:03:57.630Z,주먹왕,체킹,최고,aca1ff1b37b1fe852ea2782c424ef2cc
주기후,2014-11-24T16:40:26.700Z,,마이웨이,보통,5b587064099e9c92d1d2b1b73f92fa8e
llIII,2018-02-22T10:49:57.237Z,츄,세이브,최고,b46d3e07cac4798c5bbf7853d794e3da
원포인트천사,2005-11-26T06:37:58.510Z,귀요미,One.PoinT,보통,6013b18cbe747226982a104a6b5fbe0c
lluvia,2011-09-14T03:37:08.203Z,靑龍,hermanos,최고,d23fe1632f3f21fee4c632bf3739c501
kkk`x,2007-02-09T05:02:22.200Z,Farmer(A),Onyx.,최고,68f96715bc9e2320d83eb33d48b3bf1b
마에스트로,2010-09-15T11:52:44.710Z,래퍼,기연,최고,dd887e6b3b0469d264797b4b49af34fe
HolyMoly~~,2014-08-24T01:07:15.560Z,나비(A),금비,보통,74d5bc3607a6b9b9ba8b06cbbd28222f
챈트,2020-03-03T09:16:18.790Z,AK-47,eternal,최고,adda23744c9d4f133aab21426a1ef9ee
힌,2011-08-25T08:26:32.560Z,♬,인형,최고,a8b730d005d5417fb5905504bf4aef0f
나이프,2020-03-30T15:50:37.733Z,Gurkha,시크,최고,bfe219d139e6cbccb92905d99b8ded8d
신디,2015-06-13T03:01:21.320Z,짝,별밤,최고,4eaa7db077f085c49e230ba22f230837
형릉이,2009-03-19T08:03:06.260Z,AK-47,PokerFace.,최고,9f2d24ab630bdf5b4dafc148bd13cc39
달민훈,2018-08-10T23:08:02.447Z,새내기,레저렉션,최고,c0c4e6388a7add5e8a171f9fa5890d68
왼삥,2009-01-06T10:27:11.730Z,짝,parangsae,최고,10042a44c97f01d174179ea76ed6a6bc
celly,2010-07-27T05:38:06.943Z,웨폰신,celebration,최고,a1346cebd83fcc934ec274a2e91c843a
푸들,2013-01-17T03:31:58.127Z,에이스,깜찍,최고,e2cf2aa4a908a07bad0c8bb84576eee3
혼입,2009-01-05T18:08:06.763Z,꿀,'ㅅ',최고,026267d573f2631b2a77202b0d5c6469
사돈,2017-05-20T04:04:29.690Z,靑龍,레어,최고,06ff99b3d2e5ece5f7ec458f6b48c996
초대명인,2010-02-16T03:59:56.363Z,반장,초대,최고,4ed792e406b193ce14bff2281d3387f4
베이스볼,2014-11-22T03:28:33.757Z,靑龍,네네,최고,7dd215c992f4029e4cc10b36f5d9d72b
복사,2006-06-06T06:08:44.617Z,서든클럽_VVIP,당신,최고,dddc62da484a1e417b95c9403236df77
grapeee,2014-04-26T14:35:51.827Z,단짝,레트로폭탄,최고,502bd6a28f44826f3dace4ac09c60af2
IllllIIlI,2016-06-04T01:11:06.570Z,No.1,대룰1짱,좋음,f759e275f208c68c55a5915cf79a3559
밀워키벅스,2007-03-04T04:22:21.250Z,황금인턴,Actif,최고,3cf7b28b5abdb6688f9de5653f994c69
펭마,2005-09-06T12:05:47.780Z,땅거지,대각,최고,6e4a4e8883700d65afe24ca42723613d
냥장피,2014-04-16T08:22:40.113Z,(Unknown),*知彼知己*,최고,f763ab73e1b8d8a7fb8be880a341675a
ㅈㅈ,2011-11-06T16:02:24.250Z,(Unknown),소소,최고,527b0076d85741b44114ea5939fe7bd0
바람같은,2007-04-17T08:35:27.200Z,개,야왕,좋음,4ae4a57c9ee04fe5246d36c72b940f8a
제환,2013-02-15T14:21:37.700Z,츄,존재,최고,f334c37e0c7c6f118143a1d7af3ccc25
바보,2014-04-26T15:29:58.713Z,,큐트,보통,ee2e7f2743688fc61381dff85de3f337
야인,2019-03-09T20:55:31.573Z,혤's,JesusChrist,최고,c511d5f4a0a3f79c723f09bb59edaeab
BIack,2010-08-12T05:45:28.260Z,나이트,vantablack,최고,809157a89d859de8c3d41dbb25856620
지빈,2014-02-07T09:51:38.827Z,시크,＃Divine,최고,9133015a117b0505796f407562676187
신서연,2014-08-25T08:50:58.300Z,Valentine,Helic,최고,a8184e34117b44e70acd86dc2a32e192
ㅠoㅠ,2007-09-24T05:19:02.997Z,고수,ㅠoㅠ,최고,3ce2315d183df77820031321145de21d
ＫＥＮＴ,2006-04-27T05:21:55.960Z,섹시한,VanShot,최고,cc3530f39937b4c12bfcdd4c98ff365e
missA,2005-12-10T04:15:34.560Z,망,flaw,최고,cad4fbe22ef3c0a144f136fbbf8d5bbc
Magisk,2007-09-01T03:54:44.270Z,靑龍,오브,보통,67eace77bd34ca7bc099b51018007dc1
청류,2008-09-13T05:22:52.187Z,,lexy,최고,d0f1c9f9611efdd7713d9d7ca6a2103c
지현우,2005-09-28T08:35:31.907Z,연기파,원피스,최고,c34952d9578663821e8477aae2615ea2
palry,2010-08-01T14:44:28.710Z,,des`per@do.,최고,a60bc18c3f8fc18bf2f2c664e9ce4375
로사,2018-03-07T01:15:26.600Z,짝,용서,최고,2e0cdcd12b08190b72a0e82bb2074e94
무선,2014-03-13T04:51:18.243Z,진격의,악어와오징어.,최고,bbc5ff91ec1650286bc07b8351246210
댕멍7,2012-01-16T08:47:15.830Z,에보,레드,최고,dd90338a9aa440cb59fa161c82bc95fc
Lexus,2009-12-22T11:55:05.270Z,어린이,betternow,최고,396e17a699fb90fd735db12dee9d878d
다로,2012-11-16T05:50:59.587Z,TRG-21,alonso,최고,b82c698299929d817ddf3cec11c9f4ea
봉구,2007-12-20T06:42:05.453Z,(Unknown),구찌,최고,7c22577fe574631a09841def0bf2594d
myrose,2010-04-17T04:59:08.133Z,첫사랑,Rounz,최고,0907186c545595489102a1612a8833a4
ruv,2011-07-12T16:13:49.590Z,(Unknown),토린이,최고,7c34db75cf3687c4796b1188029b1105
아재섭섭해~,2015-01-24T07:05:40.287Z,C.로즈(A),8low,최고,c43a357091d510640782af11cfe390e6
효빵,2011-01-26T01:18:47.533Z,패왕간지,자기,최고,87fbf16442eb0fc1013e211011e59337
찐상,2014-03-15T13:40:46.177Z,클랜마스터,SSAK3,,4a5d548b87e3ec942a3050327a524e19
슛슛,2011-11-18T07:56:41.673Z,투혼,EvoIution,최고,955d17c31e06ca578cdcd27fbaf4d404
막고,2013-03-07T09:19:54.493Z,키나,Host,최고,f268d422def1300c344d38d5c7dd92c4
렁뚜,2017-02-27T04:52:53.443Z,MZ세대,햅삐,최고,56cfeec2f18746698562b416fb147089
SOOP:뀨우♥,2009-01-01T17:56:12.357Z,강철의,myboo,최고,379939017e20de784bd7ccfc35516cf0
CindereIIaMan,2012-08-23T03:58:12.657Z,♀,CinderellaMan,매우 좋음,a9280fd928de269ade81e1add5761d7e
siseulu,2011-07-28T08:11:31.840Z,돌격,gaIactico-,최고,3044542e736279f9f8528527a0124d9f
브라,2018-03-31T15:45:29.563Z,군단장,가슴,최고,1a963170a056f4d0af3902ba540a9f5a
보다,2017-10-23T14:58:03.910Z,망,Asterism-,최고,0b618f91e7189d9e6a2f763ae1e7860c
꾸러기롯데,2009-05-24T03:14:45.480Z,한정판,꾸러기♥,최고,0c464b65c0988d247d09d2f94a45890c
운명,2016-12-01T14:13:43.987Z,짝,전설,최고,18009d6772a34b26ab65b5c3dff5fdf7
맹이,2018-11-17T07:49:06.133Z,ㅇㅅㅇ,ㄲㅂ,최고,ce9439ca59ebe33bfa52c53cd02968c1
케챂,2007-05-11T04:21:49.547Z,짝,Elora,최고,729bbf6aa98a09b60f974707710b76fd
아레스,2009-02-02T08:56:34.003Z,핵무기소지,Xenics-Storm,최고,2cea2fabb79ee499c0c1751d5aa02de1
OneːTsukasa,2005-09-03T05:49:03.020Z,10주년II(A),One.PoinT,최고,92ca6756f34450f84215c32363044a37
찍찍,2016-07-31T13:03:56.873Z,ToT,맥도날드,최고,e792330af7df69124dbe45a80df29b2d
싸부,2010-10-17T05:14:48.480Z,천사,꽃비,보통,df5af515e27b615494d6693e56b0ed63
dszg5m80,2021-10-08T13:42:22.670Z,靑龍,뽀숑,최고,8ef98852f8218ba377f605e1714cf3b5
코코5,2012-02-28T05:41:31.647Z,혜롱이,블랙,최고,4953b157d3f0a4cb029188c515451771
룽,2012-06-07T07:19:49.677Z,짝,gaIactico-,최고,5205b1df5bdc5777e521fb333df2213e
테디,2013-05-26T05:34:51.597Z,靑龍,PAUL,최고,cc8f1c7ddca740b2130d0b75ed5116d4
붠수,2017-06-02T12:15:09.717Z,,4중대-루키,좋음,c549402aaa799801784cb89feaabf3d2
블랙야크13,2007-01-01T06:57:23.443Z,(Unknown),쉬어가기,최고,dcd8c06d9286620d37ac7bde2c056704
리원지킴이,2019-01-23T10:30:02.257Z,靑龍,울쌍,최고,cb5f1cfe33a48281ad3b2c0284c4ed61
영인핑,2007-02-09T13:13:59.313Z,S,사바나,최고,501a248233a2f67803af126dbddde632
숨다,2006-01-03T00:50:44.080Z,개,＃CarpeDiem,최고,d86834be8fd750a1de8197706a354655
당근,2015-12-01T13:47:43.673Z,(Unknown),사랑,최고,699f08dd9d661e0adfc2c3d6fbefb01c
카카오,2022-10-03T12:56:46.173Z,암살,수호,최고,08a0f75e671805b8d78b8662e46681c0
룡,2016-06-22T11:50:09.187Z,불꽃,모순,최고,a97b902fb4df840c106018b28005c6c1
버스,2016-12-22T09:06:20.080Z,국방관,영원,최고,0a84e557e15a9426fe9f3bbffa0ef2b9
ah,2021-04-04T19:21:40.853Z,용병,라부부,최고,1f86bfafdf027296c104b7d985d14e71
러닝제로,2009-03-11T15:58:14.097Z,최강,러닝메이트,매우 좋음,f1d419c22f9c81e4f4ab821cd31884d8
가사,2017-01-20T16:49:52.767Z,RED,carpediem,최고,cffd6904b3ef10b6e0353fcef1750689
하니'^',2015-01-28T06:22:44.493Z,^^,supernova^,최고,08d4d1fa0dcc4a7dddfb57728bfeb2ae
MayJLee,2005-09-10T04:23:48.320Z,대세,＃chaseplay,최고,9916598ae81bbbad03cb91129b06d217
필터,2014-07-11T07:33:07.150Z,오졌다,쥬쓰,최고,6aa748988f666571d9af07c17941cd25
Ol슬,2011-12-31T04:36:32.010Z,SG-870,리버풀,매우 좋음,b4775c8c1dd198d8a35b471a6d22f13d
힝힝,2013-06-23T06:41:33.420Z,스왑,8중대-루키,보통,d1d1fb6bb1f68bf8f4948a355b5ffaa9
˙_˙,2012-04-14T00:13:11.497Z,사이코패스,metacortex,최고,161197812850b4480adda8e1e5c22750
상사,2018-01-08T19:10:35.913Z,개,xenogenesis,최고,62c861aa5601c86000d135dcf7c1862f
퀘샤매화♡,2013-05-05T03:14:00.380Z,번식왕,QuasaR-,매우 좋음,36c46d331d65cce5429e27aa4944c5ee
동영배,2007-07-12T10:08:21.590Z,BIGBANG,Valorix,최고,2cb4fc63b93d15eebc07245eca4e8c81
용아,2011-12-10T04:15:36.247Z,(Unknown),로즈,최고,93ff1b46406cf53dd8d596f65947a120
redrain,2005-10-14T16:44:53.857Z,사이코패스,mongster,최고,6bef44f445384fb289ad44abc92a1f1a
uk:P,2009-12-03T20:26:17.773Z,,Рromise,매우 좋음,8e0e5a88ae6189345ff50ee07fe90b8f
강동희,2020-11-05T09:25:56.407Z,폐인,Heep,최고,a798cc38ba7b3f6d01659ab9ba803deb
술팽,2015-02-03T16:16:45.213Z,AK-47,영원,최고,a7b83e25e1ceb0b44c036bad7be1abae
포챠펭,2006-10-03T07:15:17.593Z,(Unknown),Art1cle,최고,ae9d6c9016f2af4d632113487414ef56
펀맨,2010-02-24T06:32:55.330Z,헐,wosx,최고,c1bdf79dbe9e3a64f437f0ffa917d5a1
쫑쫑7,2020-01-16T11:40:43.780Z,어린이,ecru,최고,22780fd8fb59381e0600fb375ae87767
김애봉,2010-09-11T12:39:05.850Z,핵무기소지,iloveyou,최고,48889886f501c39df6bed8b8989f1d26
뚱쫑땽꿍,2012-05-09T13:34:22.553Z,나비(A),금비,보통,4236821c928469ae19441ace071dbbbe
향안,2012-04-07T14:15:32.083Z,★,nuking,좋음,44bb2d0de3d2979a8af871f8734b091c
펭킹,2021-01-02T01:49:48.880Z,짝,미야옹,최고,ebbdb29332dd1412c0e0fe007ec9ada5
민승규,2013-09-12T07:05:26.093Z,Gurkha,seren1ty,최고,770d7f9d5847e2d8ecedd0f043108ad6
종혁,2016-04-27T14:05:10.367Z,ToT,괴물,최고,c27d1893afdebbde336433b9b1b46638
짭구,2011-01-09T02:41:24.310Z,데스룸(A),Revolutionary,최고,cea4a7c89a31eb7858193e4ff075fd9e
삼백원♥,2006-04-15T05:37:05.843Z,아드레날린(A),자유인생,최고,89854a41147b30e24291ff44e007823b
욥,2013-01-18T04:14:10.357Z,아드레날린(A),Roger,최고,9236cae9ed7baa27ffa325e9db967f68
배유빈,2016-11-19T19:06:39.043Z,쌍,OHMYGlRL,좋음,7b7da41a193dcd80f799beb559c1fbad
화약통,2012-02-09T04:56:06.210Z,특공,Afos,최고,181a42151308c7acd449d72395ec4dab
섹끈,2020-07-13T08:42:45.770Z,짝,Destroyer,최고,c02fe29e9d4252356b1afcdd6cfc7af3
래쉬,2008-11-08T15:50:35.367Z,망,souffler,최고,d66a27fa856062aad4832b967246180f
@@@@@@@@@@@@@@@@,2006-12-24T02:42:50.417Z,Commander,@@@@@@@@@@@@@@@@,매우 좋음,94090c9f956327d34ec48689b133234c
스피커,2014-05-06T05:11:35.540Z,(Unknown),샷건수,최고,52ff4f416bdbe30d7f88364e11ebbaee
달모,2015-01-27T16:55:45.953Z,CSO,andyou,최고,64317f36e65e68577286e09bfbab022b
˛(｀¸.˛´)¸,2019-06-27T03:39:48.620Z,사령관,˛(｀¸.˛´)¸,최고,c840493a42e0e9a57b6d82ccee9c8af4
빈,2018-11-07T08:22:04.810Z,서든팀(A),that,최고,c31ff64f873a966d228a110d3280de3b
개미,2010-03-12T10:55:36.770Z,단풍(A),핑크,최고,15cf22393280cc9c3650ad74bdd92b59
아이꽁,2008-10-23T16:36:46.260Z,예쁜게죄,예빈,최고,61d574ac8c25243e5d4b840f4ea982e9
탁동경,2016-02-02T08:05:40.310Z,신병,PAUL,최고,7dfb0592d0e22dad80c64662ee1fc059
승열,2007-04-05T05:05:44.220Z,,Midnight,최고,25f7fb7e5362200a33bc5d1d56cc95cf
onetop,2010-02-22T14:56:46.560Z,TRG-21,스톰,최고,052fe11aaad542264f5d569ef90ecc0e
의별,2006-08-07T00:54:55.140Z,츄,핫플,최고,902ca6c817f436a3b76329976af98638
지훈,2005-11-18T12:36:17.827Z,삐삐,체킹,최고,4026da40f0a74220556f3e1c4b2f5035
taein.lpz,2010-12-19T01:54:13.410Z,서큐버스,라푼젤,최고,2aa255cd2049dfc4a2e9f7e5b3177ab0
사위,2011-04-16T03:57:03.790Z,사랑스러운,TaeSan,최고,2f8f42ef66aad8c17f96dee12590b3eb
일상으로,2006-11-09T14:30:40.500Z,(Unknown),707-,보통,3b7e10dc8b96497c6f7e240d08e683cd
인간문아재,2007-05-17T05:48:17.413Z,DSG-12,FullMoon,최고,2003571051f8469837c21fcae33ed70c
로이스☆,2012-03-23T09:28:26.740Z,Lucky,Asterisk,최고,e9334b3e3c6bc36a4f5e816925c3a5f6
아영,2011-07-13T06:22:30.890Z,핫걸,여아,좋음,90aacee187255d1f880229e3d84afc97
이셔리,2005-12-06T07:18:46.447Z,,freak,최고,0f2fa2066c86d878c3806b31c341ba1a
후훗:D,2012-03-17T01:04:48.467Z,꿀성대,faceoutcrew,보통,174594ae32565532a673316987e3912d
llIllJY,2013-02-27T06:10:45.483Z,(Unknown),Xenics-Storm,최고,d4d4e66658a6d69bd6aceea5ec4dae8f
대통령이재.명,2006-02-10T04:09:55.067Z,┌√守──━,구미인,최고,7624a2ab8c2440cce7e47331b255eb27
젤귀,2016-07-12T03:58:34.450Z,요정,바다,최고,629692c9ced0f80d1edb22bd672dde44
바세린,2008-06-23T07:07:19.493Z,(Unknown),당신,최고,5d59d0042f95012392c460b41178e47b
나무,2007-10-29T10:09:57.310Z,짝,색종이,최고,22723031d7abf482be8f1796c1fed155
이진,2012-08-21T12:21:13.997Z,전남대표,Suwon_Class♪,매우 좋음,ec9a069ad9c0083071c7b5ef77555af0
IOPE,2014-04-01T10:36:18.310Z,,lemoncookie,최고,18b82460acd3c585ea08a0aedeb2e859
별양,2017-01-31T01:34:20.497Z,달콤(A),piquancy,최고,2243a0edb31661f2d3eeeb26807e5858
서재,2010-02-22T11:28:55.357Z,KISS,부적,최고,3259f682b743c43eadd002cc59d319e1
§오윤희§,2013-07-06T04:51:06.010Z,(Unknown),센트럴,최고,42e4d5ed3d8c26f525f3882d81d91c36
소녀,2011-08-16T09:48:17.000Z,ㅇㅅㅇ,용서,최고,33823c8b89e147c673f7f43ed7b938db
돌핀,2015-01-12T08:21:52.043Z,기동대,placebo,최고,91f6fadf7d829159b66f71ec086dcb1b
잘건데어딜만져,2015-01-06T09:03:21.863Z,볼매,감성힙합,최고,26c7604e2110c9df8eb225884ae6eeeb
박민정,2018-08-07T13:26:37.673Z,(Unknown),aquila,최고,224a28a725adb83ef3476cf0c2e60a8b
루몽2,2011-08-09T06:07:42.693Z,암살,빼액,보통,49d8fbbd3300cac8f2b7882b630ef12c
쵸비,2013-12-22T04:51:15.100Z,친구,척살,최고,a3f727f36af962e37125cecb8b15d3f7
퓨즈티,2015-12-22T18:10:18.810Z,피방,5ver,최고,32c57f3592f8d23a5c36c3f4f8a426ba
꼬순내,2010-02-15T01:34:58.383Z,강쥐,모순,최고,189715c17b7127128b68cfef6d58ed25
이잉,2019-12-02T13:38:50.173Z,Fruit,하뚜,최고,dee4b36723de263384d12d674f26816e
여름,2016-10-09T04:26:32.620Z,특전사,PURPLE,최고,2bbd26f17484b842f81ecd3cca9a569e
성서,2009-03-22T02:38:31.920Z,,7중대-루키,보통,d003b66f2ebc1ede22ed2aa71ccf9561
은지,2021-06-07T06:49:16.423Z,돌격,사자,최고,353a0da4d2a5391b2adcb92047a44b8a
Tteokbokkiman,2011-10-12T03:41:04.617Z,靑龍,miss,최고,65c870e0e3af830f888d3dd360e0b84c
엘깜,2015-06-21T03:08:32.443Z,(Unknown),eIice,최고,428d779d03183ed234ec99c9b55224e3
dandy,2011-09-18T05:11:50.510Z,짝,샤넬,최고,49f468466f91dc59a234cfddcb133636
서든러_25813761,2011-06-25T05:04:26.737Z,전남대표,vesq,,db68d553f372ed4e463c9e70db24a5af
조병현,2013-11-17T01:40:51.300Z,조현,wiggIe,보통,fea84497bacb22821f3802de6976dcf5
둠스,2014-01-21T08:43:39.720Z,,타잔,최고,1072209b94f7238f673b9e2ab24673b7
ㅈㅎㅋㅋ,2017-04-29T13:41:58.633Z,짝,PURPLE,최고,eb71034d115ad4cf7cfe0a29ae5943fc
뭄뭉,2011-07-15T07:09:31.987Z,,Valorix,최고,2728682f9f4fee06a87d9c956efbc803
비버,2014-08-29T15:04:17.180Z,짝,인형,최고,4a4a84b697bde5553aa923ae9d13fe84
lllIMIlII,2012-10-27T05:35:13.837Z,靑龍,나태,최고,b4b2a731adb78dc528689edddf9fdaa0
고슴,2013-12-29T03:50:51.023Z,강철의,울쌍,매우 좋음,84357c0241e6736903e4e422aa3a08d9
립,2013-08-25T10:29:24.230Z,폐인,meIancholy,최고,f3ceb1dd00fb8402047598792ad1f8ae
서든러#000851961,2011-08-11T02:09:44.013Z,짝,폭행,최고,dbb344cef056b5dc5c8c3313a416284f
뱀,2014-02-26T09:13:39.643Z,꿀,Jubilee,최고,fa6c9626709c389c9bfb3ce357cacdc8
xeta,2010-07-09T03:56:12.837Z,CSO,vantablack,최고,9e551ce788f54fb43fbdf88551f83434
순별,2007-10-14T09:52:33.943Z,UDT,PURE〃,최고,a4efc1d7c6a4e4d3cfd02ba364326180
Yelp,2021-02-09T00:49:17.530Z,짝,XIGNCODE,최고,5ef03db5557aed94826792a515809b6a
코스모스,2014-11-10T13:40:58.930Z,,ㄲㅂ,최고,edd1adea6cd980f8b4db0ab376634bbf
우주별,2016-09-29T02:43:15.130Z,짝,highlander,매우 좋음,ec315b6080878b5b395f7ef83a4a1137
조끼`sy,2005-09-15T12:47:09.603Z,,snazzy:,최고,9a72823fcda0dcd310edacbe70c9b3a7
손수정,2011-12-27T09:04:22.470Z,인기BJ,벨라레이디,위험,4c70141f1afa1b15f57d31776c92d081
핸섬,2005-12-10T00:42:48.223Z,레버넌트(A),Rebirth,최고,4ae726138aaf035bb1003aa4a4aad770
수민z,2018-07-26T01:01:36.720Z,러블리,도도,매우 좋음,e2eb47d5f66b072b1577a41df888bdcd
이혁이,2013-08-07T02:29:05.183Z,DSG-12,Meta,최고,7b3d8c4ccd7b7fd805dfd4025dac9011
채아ˇ,2013-05-01T15:36:43.597Z,장군,히트,최고,db4c8d1a10c670a71db558bac80cefe3
레이,2020-05-15T05:46:07.350Z,청순,모모,최고,aacf07455d3db27a0710a9708660e2b1
열정귀요미,2014-10-02T06:00:03.807Z,(Unknown),열정,최고,d83289d0b1377ab89e77851d623afa6c
dahae,2018-11-22T18:32:40.370Z,靑龍,roro,최고,a659d4dbccdde252737f47ace9ec6a80
럽젤,2018-10-21T07:35:41.703Z,고수,오브,보통,e08d243f31102b6c2a11b95c73adc75b
라이프,2020-05-07T12:52:09.563Z,Lovely,부활,최고,a6d6d9d1c5aa55cc4480999d59727c59
판매가,2018-04-17T13:53:02.480Z,알코올,Chun,최고,9efb03e5670aa6ea770a4711c550ecea
이새은,2010-01-12T09:47:10.770Z,고양이상,니니,매우 좋음,d97ea64f5a3db50f3a158328edf935f4
터프덩어리,2005-09-19T13:08:12.583Z,(Unknown),retake-,최고,233f05bdfae2a84501b24ef4190e9a22
춘식0l,2014-01-25T06:30:40.993Z,24사령관(A),모형,최고,0860fd93bc89f27f85fdbb0b16a5e5e7
Lovely,2015-08-13T01:28:50.820Z,Lovely,금비,보통,072528911ea01b8aecda399a3c01d6b3
잔인한실각,2009-01-17T00:15:03.110Z,개,잔인한,최고,ea2566150af0cea235f705d65534e728
뽀글e,2006-02-19T05:38:25.750Z,에보,바다,최고,cce4bd09f2f002733be7805a290e0467
로망,2006-05-27T07:11:54.770Z,챔피온(A),XENIA,최고,4a5c51f0ac7e87353e32480e3b7e3978
血痕,2009-10-18T01:17:29.390Z,★,맹호,최고,d9b901750bb7ab4677d572dd4fa4b42a
샥,2011-08-21T04:54:53.137Z,형님,☆별,최고,a0550867b2f608ea37f0d90d347cc49c
뱅반별리,2006-11-02T11:03:54.133Z,뜨거우神,뱅아리반,최고,85babaf867ee2182e9f4b478b56e644a
조성,2013-11-27T10:12:32.810Z,(Unknown),wallhack,최고,16d4000a05692bd60ca8526d748c125a
제코,2014-03-17T15:26:39.200Z,짝,-Bell,최고,b873fa0320ea3a7f1c0ffd63c41e4be1
bbizim,2008-05-15T08:09:39.670Z,돌격,울쌍,최고,b1d603cca3a06d4243c4c3885c72eef5
업비트,2011-08-26T01:03:30.317Z,No.1,이누야샤,매우 좋음,2d4c89ea7c33148bc2b35a1a80c8c935
동안,2006-10-30T20:31:45.087Z,짝,Joker,최고,d05e65891057cd6d6284fe55c77a5b10
양,2015-01-09T09:26:03.717Z,(Unknown),사랑,최고,34e0803733bcaaec5301ac21e33519c4
미현,2007-01-04T05:08:33.653Z,짝,자두,최고,8afe554b304027f85fc6fd9adc0b3d90
krad,2011-02-16T18:55:50.317Z,이유,izmir-,최고,691d6e3cd21f9658b5bfa9a7034e1239
체리쿠키,2022-10-19T01:47:09.023Z,짝,BANE,최고,ed9394aa1593c5fbc16f81e49ff9a18a
팥들었슈™,2012-02-27T16:16:26.730Z,SUMMER(A),forte,최고,ff553d41736f8cd4ac40adcea1e066ed
서태준,2011-10-01T15:19:31.420Z,모델비율,승부,최고,58cec55e83fa831f7d6a6a816242b667
롬,2007-03-31T09:49:21.670Z,쌍,Cure,최고,fc8b04c1aa6718449cadf5d1389c586b
튼,2011-01-31T04:34:41.240Z,다나카,세일러문,최고,b38225ca78766077c1b59531d6fd3af2
헉,2006-03-25T06:53:56.583Z,♡,Fallin',최고,048da2db33a1b56e12487f5c47a7f1fd
제닉,2012-01-13T03:03:34.450Z,,Xenics-Storm,매우 좋음,c8a1a4f33d25f81eadb2ce0b9a8fc8ad
송,2015-10-15T08:49:12.670Z,,오브,좋음,04460007eebc9875691785b39010be7f
김로기,2016-11-27T04:19:41.500Z,HOST,Whale,최고,fee4da8dfda5ea8382ed70af8a0daddc
윤사뿐,2008-06-01T06:10:30.183Z,,carus,보통,2f49ce22e0c90b2cc7dfe9785bd3f3bb
unIove,2018-12-06T05:22:24.417Z,폐인,Body,매우 좋음,bc9bd30de535c8c7f2cd74081448d1d5
북,2017-11-29T08:38:42.040Z,,강탈,최고,94af27aa83c61cb6057d962d80a26ec2
서든러#000948671,2005-09-25T04:43:46.450Z,왕대두,HANACUT,최고,0352c6a768014a8e822fc3a2ac585319
무인,2010-04-02T02:43:17.987Z,개,곡곡,최고,ff5f71ebcc76a0023e80876aee9ed180
닭강정,2006-02-15T12:26:39.830Z,예쁜,앙증,매우 좋음,25a88ba1f53491b509c175ebe6af0c19
호잉,2015-03-18T10:49:23.043Z,ㄱㄱ,곰표,최고,e84846846074d3bbeb45a0baa10dc463
뚠땡이,2020-06-12T11:12:36.053Z,짝,ㅇㅇㅂㄱ,보통,4dda57dbe645890347feb57dc86dc4e6
Strawberry+,2014-04-01T13:40:54.747Z,,honeys,최고,947a2b9f2b14c33d52b93331a348db13
호스트,2009-10-20T09:40:51.023Z,짝,Host,최고,dd7604c9123d076e9d1fc7617bf16838
찰나,2008-04-20T06:15:40.103Z,TheThird,투게더,최고,f4d3629a13a469c9cc50d3b48e6e579f
블랙카이트,2016-08-26T04:31:41.613Z,오졌다,배우,매우 좋음,46aff34bc820e464f7abee5fa89e30df
수창,2011-08-24T06:39:15.727Z,殉國先烈,드래곤,최고,61d3ef633109b47d4e8fe1762ea440ac
엠빠,2008-11-25T09:30:07.523Z,,Afos,최고,6258b1f20213096112679f2257f52cbb
렬이,2017-02-09T01:08:26.753Z,최종병기,Lust,최고,b5df85dcb741d84670dc2ca6360b1b44
진일,2012-04-11T08:57:01.680Z,숏,주자,최고,6d13f7344d5aee653d4f623344c801ec
원포,2012-11-24T06:45:04.930Z,강쥐,One.PoinT,최고,278ba95b2addabb9edcc277def8a96be
chronic,2011-10-22T01:55:16.480Z,S,carpediem,최고,ce1a5c6fe0216202f940be27daf5a1cf
Dark,2006-04-16T10:37:49.897Z,저격,Hero,최고,25ff9051570c40213ef3e6452f4134f9
구링,2011-08-15T00:19:11.383Z,환상의커플,뚜럿,최고,3f98539e614873797102e754873b881b
라푼젤라이,2010-11-23T09:46:05.447Z,패왕간지,라푼젤,최고,f490ba66535ff10f1c2d87a0c7c3d9cb
뒤뚱,2006-06-25T17:21:05.357Z,GHOST,OFFEN,최고,4253443af73006999fdee1a0bee00f2d
우도리,2012-01-18T08:04:21.797Z,클랜구함,soIace,최고,07b7a8900f1bf2754fbdfebc0ee88c5c
백련,2010-01-23T10:18:43.780Z,테러,blocking,최고,b9b659592387b4720333f1232376ab43
아린,2009-10-30T09:24:50.773Z,사령관,용서,최고,73ff95ff65289cdefab1d2fd698df089
찬슨,2015-07-03T10:49:32.043Z,Eagle,offence,최고,2935eedaca3f5d6453fd894e08be838e
게임,2005-11-28T07:41:10.767Z,C.로즈(A),로즈,최고,94ae30ffbed3f35fb0bfb579643e573b
flare,2016-02-08T13:23:07.350Z,츄,삼삼,최고,d6cf12119bcd66714c95922f560ae8dc
슉년,2011-02-09T06:16:59.523Z,짝,전사,최고,48bec16f5cc92d9a112748fe35175b53
토팅,2014-03-15T01:22:15.347Z,짝,Meta,최고,7005a72ff3cebf6121de204b4ddf42af
엔드,2016-04-18T16:42:48.347Z,,PANIC,최고,b1c090d0493f9e708e4796f05c2738f8
레이즈,2014-01-08T02:31:37.350Z,靑龍,loverduck,매우 좋음,f37d765295f9ebb1611fcbb19962327f
치즈빵고양이,2013-01-09T09:52:18.843Z,짝,방귀,최고,0ca2a4083631691d9d35f6737a322ffd
새콤이,2010-01-22T01:48:53.643Z,마틸다,sweetgirl,매우 좋음,5e9587056cd610d14facddd0d83ee712
퀡퉯췗풻휇뤫웳뭷,2005-11-28T17:15:09.647Z,,산다라박봄,최고,81d427e54d953e876dc844269d61f060
하릿,2013-04-01T08:14:02.713Z,,하늘이팬클럽,,f694d0a11957bc99731e13907764f5e2
하영이,2008-03-08T11:48:26.623Z,헐,poly,최고,562fdd34b4014e932cf7998b412425e3
sxsx,2007-12-28T11:58:35.817Z,,루밍,보통,d0a41382c7748a6d96f7505a6686f053
cute,2020-10-20T09:14:05.673Z,유아독존,Revolutionary,최고,9ad5409135350024094186327d717d26
석궁,2011-11-06T10:49:49.893Z,짝,すばらしい,최고,a2aa414694cc9a3198d5d6183609ded8
울산김우열,2013-02-04T04:52:23.607Z,달인,UlsaN_CIaN,좋음,c35525f08ec5c2af9e1ab4d9233e02de
초대신비,2007-01-07T08:11:46.580Z,Gurkha,초대,최고,88512eae6b2b9af0c1c53303ad00812c
下,2011-10-07T11:36:46.090Z,샤넬,아영,최고,5f9e8b0578c0650dcfb1386023b14c8d
아랑설이,2008-03-10T06:06:35.200Z,인기BJ,Alang,최고,81e2652b7a0bb9151b2cd5db442229fa
나때릴거야?,2011-09-11T06:51:59.987Z,(Unknown),명랑서든,최고,e84af445c033ae2b4c68cff984e3e951
채히,2016-09-01T10:14:05.023Z,클원구함,fighter,최고,26d301c6fc02d9a22c2ab6269c399a97
의건,2011-10-02T23:34:04.913Z,에보,silgak,최고,dd05440e0b1e6605a136d187812e7318
용건,2014-01-31T00:58:43.403Z,SEXY,암살,최고,061e4c00117da1d0bc28ac3d3a583959
¶┩,2007-06-22T13:35:46.397Z,개,`aClear,최고,394a4b8701baef2a4e023613fb309b96
로키♡,2011-07-27T02:57:43.540Z,짝,likethat,최고,60cab1d8cc4a48184ad854a3fd878a2a
본주,2019-04-05T11:08:53.583Z,,디라이크,,90d0fa0eef2ecd494de03b3288fa7e0e
KARINA·,2012-03-05T12:52:10.140Z,,in4u,최고,957e39aaf2d8667291b2852287add228
ChoiYeNa,2011-07-21T02:05:48.303Z,IZ*ONE,ＩＶＥ,매우 좋음,54f98e074e8b2230fc9db61965d93176
잔정,2006-04-12T13:13:53.160Z,핵무기소지,독사,최고,ef335cbb91a04867d33af5039cf98e97
shirley,2011-10-28T10:15:49.860Z,혜롱이,색종이,최고,609978bf310642b749cf0b011879e2e9
hosino,2017-09-09T23:38:26.023Z,ToT,colosseum,최고,ee7db77dc862a88e06ff86728bd9737c
키자루,2010-04-24T07:27:59.247Z,No.1(A),리버풀,최고,f90470ae8e245f7ddd1bc9eb5ce8d7dc
YeIIow,2019-08-15T00:15:06.137Z,Steel,자기,최고,080a2ecb557c6b24992a9f62b3ca8446
김솔라,2013-04-25T14:47:05.780Z,SNS스타,눈보라,매우 좋음,1833098c36962cfe60d9f85a0745708d
쮜,2015-07-05T10:05:42.043Z,짝,ultimate..,최고,a88af2be65e0ba8b2b601a6c7c28f6fa
투덜,2009-12-23T10:17:20.993Z,별빛,AIlKilI,최고,ff6fb5fa190b6b408a46be54c37f2627
Leave:),2015-11-06T09:05:33.707Z,짝,의혹,보통,063536b196ffc04e1d2beabec0dfe894
SC1..안현수,2007-02-02T07:06:20.660Z,AK-47,iramors+,최고,7da3d43e89e91fccfa92694041daf1f9
하젤,2012-08-02T03:59:40.147Z,S,QuasaR-,최고,eaba7b4fce4e637d3c7f1e72e52ead01
가상,2015-05-02T05:58:29.757Z,靑龍,wallhack,매우 좋음,0eeb1a96a02e120cb5660652d6accbdd
Fe,2011-08-01T04:33:52.400Z,고수,myway.,최고,ec6b0f70f474323660bc4e816c83ce83
Soovi,2012-01-14T05:40:56.200Z,짝,낑깡단,최고,fbf2bb19f450161678db557e07f267a9
빤뚜,2014-03-22T05:54:04.327Z,인맥왕,criss,최고,ff0a3be194396e139d9aaf35f2a53c48
껀듑,2006-03-24T13:29:51.033Z,총잡이,tarantula、,최고,99ac226ac4e9885d7ded14e477ebe5df
루링,2014-07-21T19:50:10.283Z,(Unknown),난길,최고,2354d5cd6e5c01b2a197525aef874b14
법블꼰대,2013-07-22T08:37:39.520Z,짝,법블레스유,최고,6c979b69b0201030c178c6cada8ad70c
씅언ㄴ,2012-02-26T00:12:31.750Z,저격,애기판다,최고,d2881d87c396594f3b415ab7bc484b23
max。,2011-08-22T12:35:16.153Z,클전ㄱㄱ,ÐΑΖΕ,최고,0664fb9951acb88f50431dd59ca84f6f
Lazersniper,2007-12-01T12:28:55.477Z,천사,에이보급전설,최고,109b9d64b1953906391fe111ce7fdece
아로안,2016-11-08T23:49:01.680Z,17th(A),특수총,최고,bd652cdc1d4de03de68670ca62719b51
뻔개,2005-09-15T12:44:17.863Z,돌격,eIice,최고,9a6053c3e3bb782c3cbce6124d8c5af4
카레,2006-03-01T05:10:16.990Z,(Unknown),시신,최고,0ae58240e392aedf81a66bc7928a20c6
[a]..新費,2005-10-31T02:41:17.300Z,(Unknown),alicered,최고,0dd339d73862de3ab11ed39680c7dfc2
meoldy,2009-11-20T09:33:11.747Z,번식왕,Asterisk,최고,047614dc5507d8d986d6fc4a4e533745
♡하울,2009-06-20T08:55:54.887Z,유아독존,publicity,최고,aa2bdc208e4200f5e47e658a45ebb6ba
SMOKYDOUBLEBLUE.,2008-12-19T09:59:25.303Z,장군,라선,최고,0c9a6e4fdf320ffc3e8cb7fda7e4ce59
응ㅇㄱㄹ,2009-12-31T12:51:08.327Z,靑龍,울쌍,최고,eb30b64a5db903a10222cd94e6af6644
주디,2010-04-27T05:42:08.377Z,,16중대-루키,보통,de54a241e3c3fa4544ec473032c471ae
형종,2016-07-14T06:29:32.633Z,Winter,HelI,최고,d53de16b99922c976294d61a5631b390
music,2008-06-13T08:20:20.427Z,,음악,매우 좋음,c73a22b6f14334fa6ab295360002c2fd
푸딩,2014-09-06T09:39:43.320Z,돌격,FINF,최고,dd831c84c5923403c493428fbe972528
BJ아쥐,2019-01-29T12:42:54.467Z,,배우,최고,8a75e746de5b443a2819a666741a2810
묘비,2019-05-02T01:15:19.823Z,짝,질문,최고,da784611a27e752ac2bb69eaecd52097
승욱,2014-10-12T02:49:52.660Z,짝,희정,최고,04d1fd5419e6e82352ccd480ece65748
김크레이지,2010-04-02T13:14:06.990Z,클원구함,꾸들,최고,742bab1bd01f243b4e537ef6c7eddaaf
다르,2010-09-18T04:18:58.693Z,Eagle,ours,최고,998ec5ccca58432bd6f7fae53ccd7282
vinicius☆,2013-11-16T15:45:33.820Z,B바닥,Asterisk,최고,5b806171408c0c03d3c5ea33b9452c2e
cakey,2012-09-15T05:59:33.370Z,S,Drop,최고,ab957544c77edf2180c2683690d03529
내사람,2022-09-07T11:33:55.060Z,돌격,신사,최고,3b111174728458ca728f88919f735be2
미린,2018-08-06T14:07:50.620Z,짝,무제,최고,4b98e9279df9cbfa3cd3e4f7d471c1ab
멘토마녀,2019-04-08T05:26:22.420Z,ㄱㄱ,Mentoring,최고,c900fddb6efadc9a6fe1adb5ccdc6bd7
starho,2015-09-28T08:57:09.137Z,,스타,최고,813e99aa1a6bb869047346cf7e716c33
착함,2015-05-31T04:07:46.957Z,No.1,기염둥이,최고,5d408131705530dc8d65542f49156355
반하니,2009-09-05T08:41:55.207Z,짝,fighter,최고,11aece3ae32c91a5d48da4f02005a108
원포임원준,2007-04-06T04:30:15.270Z,나비(A),One.PoinT,최고,464b7daceba55f87b802acf5e77d7c7f
바지,2011-08-07T09:17:15.493Z,SUZY,배우,최고,6b6e604df13b0199a3ac751d07f92405
좀비,2021-02-18T13:50:43.027Z,패왕간지,지혜,매우 좋음,be25881a2468c9d111b5e3698ccb1bcc
☆∑광박사∑☆,2007-02-02T15:48:07.603Z,24특급대장(A),chumsung,최고,874b67358c3c0007007f356ad01e60a8
놀부,2017-04-21T02:33:21.400Z,샤넬,cameIlia,최고,4360cf85c54fc6702245ba2fe96eb290
창욱,2020-05-08T12:15:53.950Z,어린이,Anesthetic,최고,bf7d5222ef429a9b6818ff988c1be03d
무온,2009-03-13T22:55:42.957Z,(Unknown),Lyrical:,최고,bf652982b913038e6a9dd6f88aedb24b
poko,2016-07-16T01:11:20.573Z,TRG-21,Groovy,최고,e9817aa012d45bf5471ea800b898d425
IIlllIlIII♡,2017-06-17T02:11:50.530Z,짝,tigerfriends,최고,cab1af0b6ac9a716069bbaf8870c73c3
띵어.cL,2008-03-23T06:04:41.120Z,美친존재감,클랭,최고,458dce09541d8b4dd645bc4bbccc22ad
주사,2011-11-27T04:15:17.577Z,암살,차단,최고,0bc879293cac66c60e75d4de22a1db52
망고,2015-02-04T03:18:30.453Z,웨폰신,지혜,최고,8a899769658d5e33111bc30818ecbda0
히죽이,2009-10-28T11:30:08.917Z,Savage(A),너랑나,매우 좋음,9067d56638c1546f52ece1404db99c35
다크,2024-02-29T09:39:49.407Z,개돌,레드,최고,0edf8db49fdf58df2e3936c64e639d4c
체리,2016-09-21T17:53:54.000Z,,인형,좋음,aa515d5d04402bd2b4eac3fba339f74f
tomie,2015-08-21T01:25:44.270Z,,앙탈,최고,1e6527c60406b80bfe7efccf8e4a99ba
hoipoi,2012-01-12T06:02:06.003Z,부산,pandda,최고,297f0ef018b8754e1434ec62740c9070
caIi2paris,2011-11-19T13:40:06.470Z,,PAUL,매우 좋음,bc10c4aa858abaacce48310f2a007eb4
범죄,2018-07-19T06:29:32.177Z,(Unknown),근접,보통,5ed87a8d004353c82153666292cbef9b
하정원,2020-03-13T03:56:53.610Z,T_Sola_A,,최고,2c82f5dadcdbd97052375e17fbfab8e3
혁,2006-09-26T08:46:44.877Z,짝,마교！,보통,86f0cccfaf8edfd27f2ae6bf40549d63
에보연습,2013-01-16T06:02:54.520Z,(Unknown),ㄲㅂ,매우 좋음,fe1db468c66d4a2f236ec02e34576895
항해실,2015-05-09T04:28:40.940Z,,Midnight,최고,c69b1ec7532c5c4d495f037fee34001f
핫핫,2012-01-22T12:58:31.143Z,돌격,vantablack,최고,f4b52fa433911e56c82a1c9aae7f9273
eyap,2006-03-05T00:56:00.830Z,(Unknown),poly,최고,321678412158fc4f9c7f4b334129243a
미진,2018-08-05T05:52:57.660Z,저격,신비,최고,9ab732a986fb6f3d79010c349c79306b
초커,2015-11-08T07:40:04.487Z,어린이,8중대-루키,최고,290a0881c96db9a29b8dc36da1d02466
한숨,2013-10-02T06:38:06.350Z,짝,선짤,최고,1fdcd39af6d1e05c095d252aa6b4195e
배신,2012-03-03T02:19:09.717Z,군주,MADE,최고,cc21eb3edce8e8e00eb9f10ea7f3c193
술잘사주는아저씨,2014-01-19T05:29:34.693Z,재벌,eargasm,최고,13ff47a0fa9431b003787acd37e59fc6
업템포,2005-11-24T09:18:28.390Z,CM901,업템포,최고,302cf3d52b39a070bbf935f877ed4971
미터,2011-07-14T11:42:26.373Z,100,RE:TON,최고,14e3eb4e46c747050094146c71491125
알려하지마라,2008-10-13T09:27:25.330Z,국방관,12중대-루키,보통,1e54053c4dce0398db146f79f3f47ace
삐얔이,2011-09-22T22:43:31.240Z,스프린터(A),윤빛,최고,bfb205e04580253c93e529d330032b36
물총7,2011-07-29T15:44:27.910Z,,Mashimaro,최고,34c790657d152676e77f3316e7275983
으읏,2021-03-28T12:10:23.347Z,Eagle,Logan,최고,85f2eb8083a04e3c86cd4fdfd5b8d954
송지효,2006-10-24T07:26:10.030Z,♡,betternow,좋음,225f7e878dcb9e69ba93dca8f612504c
sy♡,2011-08-15T09:49:25.823Z,,ecru,최고,a918ac309520c1f6781708a6e68bb130
공대요시,2014-02-17T10:27:47.140Z,21총사령관(A),공대,매우 좋음,9034bda6cda258f467572040a15445f9
Oneː하주,2006-10-15T08:46:00.950Z,(Unknown),One.PoinT,최고,42bd97e135f5beb27e8db1b7b0d0ca66
서든러_25682573,2015-11-09T05:38:52.973Z,,,,b75bcd48b8f95f858171c3ec00286349
아레나,2018-01-06T11:38:24.317Z,(Unknown),cake,최고,be2a967ffaf8501027b4fdceebe8c232
하투,2012-10-31T14:33:29.940Z,ㅇㅅㅇ,도토리,최고,2c739264096a813f3d670ff0bd326a3e
따옴,2012-07-10T17:27:44.430Z,,gxxd,좋음,448d59cb382c4100f083d393680f2ee5
아이유,2011-08-04T15:08:53.073Z,이지은,seizetheday,보통,7a4be4cd67e5ac38a4b67784d41f99d2
nuII,2012-05-28T09:56:29.157Z,레전드,스턴,최고,c02c1e967e4ef17e2229afdc4507c1db
아포스민츠,2014-02-14T03:50:29.547Z,돌격,Afos,최고,75933946369cfffce26709dda131a1ce
범규,2020-11-12T13:32:10.303Z,사령관,CampfireGang,나쁨,4bc70905956ded382326fe37d33a1f2f
사대강,2013-08-25T02:46:37.547Z,SAVE,Retinic-,최고,f0195e57d8b8ec2146f882fc71cda4c1
갱규,2015-06-05T13:33:32.407Z,사단장,담원게이밍,최고,b56f0d2691245f2571cf3b9f1db8f115
푸린서아,2014-03-11T06:06:26.723Z,99대장,likethat,최고,05a18cd649ee37f1af1483b77be9636a
윤거니사형,2006-08-13T02:36:50.200Z,MVP,,최고,d3957ebda91a02b6a293b0bdf9351d1a
gayeong,2017-04-28T05:24:31.443Z,러블리,웃을때귀여워,최고,dcf10cd5b38307f0be40e5ec8b0552bd
계절,2007-03-05T08:27:31.580Z,靑龍,poki,최고,aac436fe720a847cdfb4d6b6acaca36d
록이,2014-05-22T05:13:00.700Z,짝,pistol,최고,74cefc43c05dabb71cbabd7c108fc27f
마가렛˙,2011-07-15T06:03:02.487Z,FOX,mercedes-,보통,07de6556a78d8a90a248686b1e8050d5
뿡딴개,2011-07-31T15:33:15.453Z,LOVE,조아,최고,ebfa759b4e5684fefe8ad4b1cf2afd9f
위트,2006-02-09T04:19:37.290Z,ㄱㅇㄷ,상남자,매우 좋음,08eda9546e5f1fb347c1c1baf9995fe0
레이븐똥,2008-04-02T11:48:43.510Z,인기BJ,<RAVEN>,매우 좋음,5d9824a4a3caf71975b4582e5c15172c
삼녀,2010-08-08T12:38:50.763Z,(Unknown),인천광역시,최고,c582896d49ae12fa1bcb1fdeef3fc79e
SJ,2014-03-11T09:28:03.250Z,靑龍,whitelie:,최고,32c72276a29b4c933693cbc2a95c25a4
마약·,2006-05-05T21:19:53.970Z,V,<untitled>,매우 좋음,a4b7bec52f5633ad0e6f8837fdeb5a97
생식,2018-12-02T04:07:35.730Z,인기BJ,시럽,최고,93be843504a5f52ccb3b206f3382b7a0
욕,2011-10-16T02:34:51.247Z,쌍,미운,매우 좋음,02f7b46afbb4a512444950abcaa82fc5
지아나,2017-01-29T12:03:08.287Z,패왕간지,영파씨,매우 좋음,a1c86f2664ef0e1154e6c91c68355118
상세,2015-04-14T10:18:56.800Z,파워연예인,Heimish-,최고,cb9dc495f934fc020a64f5d679079983
♡동준,2009-09-22T14:16:38.980Z,,25중대-루키,보통,1ab75b4f4b2e6b652dc5a52ca36c42f1
엠1창,2005-12-04T10:44:45.750Z,국방관,현사,최고,679f72357e5307d22d88d03955075519
김바닥,2005-12-01T01:10:41.883Z,고스트,토린이,최고,bf0e9f16bd742d6ff1c140c450752f53
쳬스,2012-08-17T05:17:49.773Z,★,hellion,최고,d7a4b30fe2bf5aee4d4fe5d227453151
솔킬,2010-09-11T04:13:43.183Z,必殺,GrandLine,최고,165f9d75f76689ecf5a6e5380749af64
speed,2011-07-14T05:40:29.093Z,지원,miIk,최고,97db329778c3ac87524c8c52c3a9e78a
지균,2018-09-25T10:26:32.703Z,짝,battlefield,최고,2b74d979470e71bff7d4b189ee4788c8
반장,2014-02-19T06:53:41.020Z,짝,Meta,최고,9ca9c9cef7e51b9c477b9a59f92df81f
lRIS,2020-03-14T07:31:02.843Z,(Unknown),자두,최고,1a7f2212c416e739e262975fc9771b32
이서스나이퍼,2017-06-08T21:49:28.780Z,짝,Lissom,최고,2367552c16d60ef3c469e83c1a12f865
Mapleland·,2005-10-06T06:59:12.450Z,,뽀잉뽀잉♥,최고,8b18c4e0a836f13f380e07895554bfda
원수깡패,2011-07-17T15:28:57.783Z,(Unknown),원수,최고,e850740bb69a6a7ad75c27fba5ebcf1e
두아이아빠,2012-07-12T04:28:16.270Z,특전사,두아이아빠,최고,e8eac1a3b5a5a59a602ddc4d1e14bd9d
가성,2008-03-03T07:36:10.980Z,SWEET(I),개매너,최고,0f4b38c4a1c403e99090af70b584f4db
반성,2015-05-10T08:36:11.430Z,엘프(A),기사,보통,c502d3fd5758722587e8cd9e198e330f
re'Dalma,2005-12-15T05:37:55.727Z,짝,re'Call,좋음,cbcea67075a87428c839e15efc2d9e30
제너갓펭귄♡,2013-05-26T04:04:19.333Z,LOVE,geminus,최고,e46d4a5de0af0d4bdcb1feded8a6db8c
윰'-',2016-03-27T15:28:09.110Z,HAPPY,우엥,최고,06aa26986feabc7a6fb3a47842f62505
LovelyBear,2014-01-07T03:51:33.970Z,靑龍,"""auspicious""",최고,3f0ac62f6ad7d5694c320da8d2fc7538
IIIllllIlIlIll,2019-07-02T16:33:28.023Z,패왕간지,PURPLE,최고,0e76d3d63aab916b051ec98c09b33d24
mongeab,2014-02-27T06:32:54.223Z,ToT,XIGNCODE,최고,5798c06fe07f4617c7fa9d7742972654
종친,2006-03-29T15:40:46.953Z,짝,까칠한가족들,보통,ee7e103078c7a3b1c9ffff46368dc8fd
♡롱리,2012-10-23T06:44:50.870Z,번식왕,Vash,최고,9ec56da7ab9d01350ee28cfa9ee404f1
찬자,2012-01-26T11:40:30.213Z,솔플왕,Yikes,최고,aa3de16816bef2bc2685d5c9b269128c
채은냥,2019-11-23T16:07:15.457Z,No.1,지혜,최고,387472745545c752f7933119441c39e2
민냥냥,2012-07-30T03:41:01.190Z,인형,kuromi,최고,ee2e50222837cd55102dd375873d1364
돈,2015-09-28T13:05:58.353Z,NEXON(A),,최고,2aba1ddc5b1637c56e73fff004b850a8
혈세,2014-07-12T09:59:32.880Z,고민시,paramount,최고,273fc7cacbb72e25dddc8703a37c4f68
iPhone,2018-02-01T09:30:54.950Z,ISFP,UlsaN_CIaN,최고,997f1bbcf0d794553dd5cd3e8ba2f31a
진짤루가짤루에요,2014-09-06T01:07:06.383Z,1999,찢기,최고,a4ae38c88df1ff2017f150330339a39d
원포클마,2009-02-24T14:35:43.753Z,우수리포터,Agent,최고,b011e8a735e4bbf067688287a4f5d689
류승범,2008-11-26T09:17:44.107Z,패왕간지,햅삐,최고,15adce07e64a4eb8f4a84c4b04b264ef
산,2014-03-15T13:07:57.343Z,돌격,혜성,최고,238ab45e41be1a196441840ec914cb57
BBangya.ly,2005-10-29T08:23:49.640Z,짝,Lyrical:,최고,99fdd03cfedd4e2d1e2a275c5f0ea50f
탐탐:D,2006-03-20T07:19:57.223Z,,라랄,최고,e4f6adb7bd718c5aba0e700080581b13
라이트,2011-08-28T03:08:00.870Z,(Unknown),자두,최고,988dd6365ec78a8c0d870110a69e8654
래퍼,2011-07-12T04:00:31.170Z,Anaconda,쥬디,최고,02061ef94e66b0b019e9feaf0476adc4
총쏘는방법잊음,2015-10-11T10:05:45.090Z,ToT,philosopher,최고,be005cfda14380a5ab1f0e965bdbcb61
Nandari,2020-06-13T10:03:11.643Z,혜리,carpediem,최고,1dcd6b5f45db490fbf8321ceb43352fc
rodsfromgod,2016-04-26T11:36:35.563Z,靑龍,FINF,매우 좋음,10706f53ff802d275825ee36c15c7554
서든러_25682744,,,,,59c2c01525734e37da87d6f6653295b1
♡시연,2010-04-01T19:05:06.027Z,짝,publicity,최고,6f646e98f6cbe679aacbfe14733691ca
입속,2012-12-06T12:14:31.760Z,웨폰신,초박살,최고,e6c831cafc641abaf4336f8b28a58142
봄비,2022-12-05T10:03:27.460Z,돌격,PURPLE,최고,1ef648ff7e16c517cec9b71110978e27
보비,2013-05-12T11:05:24.650Z,靑龍,조아해,보통,9cd47aec7dfdd7f51ed31f1520caf251
meyuu,2006-06-28T15:42:06.940Z,유니크,Team.Euro,최고,07bf9dd59261298e26f3e5b169a778dd
그림죠,2008-08-07T03:11:10.400Z,무한사냥(A),로즈,보통,3448d8af4b56d5748ba5104f54c330ef
승환,2008-04-28T09:53:11.107Z,퇴마사,AKMU,최고,223dc4b251c64a10660866406caa8daf
준이,2011-10-31T06:19:04.330Z,21,애정,최고,d3315dfb5018f3acb0fc9932d90266c3
훈♡,2015-12-30T04:09:18.670Z,모네드,mikael,최고,58f18738ea6585757975e8f70991bbbd
리더,2011-04-03T10:39:07.780Z,짝,로망,최고,34114a81e834c9467e9c9bd5ffbbfee2
사탄、,2011-07-26T05:53:50.043Z,(Unknown),CranKy,최고,337a7817d589999370235ce3bfd4cb44
시단,2013-01-25T06:16:12.037Z,★,lIII,보통,09dc7f714499c12dbf439ac7725247b4
lIIlllIIIlllc,2016-10-05T10:18:55.760Z,,3중대-루키,보통,741b229d713260f2539035b1fdeeeef3
랩,2012-03-04T08:29:55.260Z,짝,Number,최고,4dc9515741bcc25dac7398682090c42d
핵,2011-12-11T10:55:08.487Z,靑龍,Agent,최고,bc0c6b33bb6dec1f7544163c79f9166d
Loyal,2013-01-07T13:19:43.280Z,흥폭발,lexy,좋음,63a891307be8815c201667d80d639a56
제린힝,2007-03-11T07:24:53.870Z,,꼬끼오,최고,c55e90223e61741aff2c9ce6076ff126
John_Wick。,2008-12-07T11:06:20.707Z,S,,보통,b53fea4650f6aaa0dce64c16ea2f7f66
IIllIlll,2016-12-21T11:36:22.250Z,쵸단,난쟁이,최고,610f234b3542806e2b0c6e5674aa5a68
waterbomb☆,2011-07-12T10:34:58.607Z,(Unknown),Asterisk,최고,4bd46191f5c81da3a8178827bb144913
이순아,2008-09-13T04:23:45.707Z,,ㅎㅎㅏ앍!,매우 좋음,e1647cc09499823f4b0fafd6323bb2c3
플란다르,2008-01-31T02:40:17.033Z,Onyx,,보통,34384d6b88c86036563b9f2f395903e2
영근,2009-09-09T03:49:27.870Z,짝,Winter,최고,61638c71abdeafdf22d5d03e78d0eb90
끝,2013-08-23T21:45:59.183Z,사령관,합장,최고,fb60214fffa137c2fbb198141346ab52
"Ck""쭈니",2007-01-17T08:30:08.427Z,핵무기소지,CranKy,최고,2201e38168ca744bc2de0b894831b828
wagurikaoruko,2013-11-29T08:38:00.307Z,다하는놈(A),같이걸을래,보통,3c475d36a9a7687ef34150e8194bc33d
