user_name,grade,grade_exp,grade_ranking,season_grade,season_grade_exp,season_grade_ranking,ouid
연주핑.,대원수,2110678003.0,1.0,총사령관,350524746.0,7.0,9b2852e25a85deebc5ce4173b1ccc1e6
19,원수,1940825937.0,2.0,사령관,321896461.0,12.0,18e17412f97995c818b669bf4052a753
상추들고튀어,원수,1818514501.0,3.0,부사령관,165110645.0,320.0,1dde487186c06c2f54e65484219d1d09
사자,원수,1744758115.0,4.0,총사령관,343035345.0,8.0,bc0a86cc5d24182a2e09a2d29644e205
폭력,원수,1632609710.0,3.0,특급준장,10814347.0,79790.0,5d84519cf2b0e9c3d69ec23a4a859e12
보상,원수,1547838663.0,6.0,총사령관,332545678.0,9.0,332522192aed72ca90aaa95d90e1b08d
지은,원수,1541539342.0,7.0,특급소장,14663975.0,123591.0,273812858150a28424d56f440a5b1499
청주형섭둥이,원수,1525729994.0,8.0,특급대장,85871188.0,2371.0,7fab3087eda49357ee067c51b8f8b3eb
Oneːcherry,원수,1484575341.0,9.0,특급대장,71069978.0,4090.0,fb59b9ebe43ffd9d6b8b5aa9e33b97b3
더건,원수,1472303408.0,10.0,부사령관,208588882.0,130.0,b54f2c11425549c9a0309f8f8876dfd1
벚꽃,원수,1448671212.0,11.0,사령관,267575663.0,35.0,5b73ce7ccce4e2aa1966c49c83780b47
파랑,원수,1441921417.0,12.0,사령관,271483047.0,29.0,580ef4be741c2746e671fdf05205e546
셰익스피어,원수,1439372103.0,11.0,특급대장,51836438.0,9466.0,63bbb405e661019a480b7c0648e84590
뎅뎅히,원수,1444069566.0,14.0,사령관,243214923.0,84.0,502bf3d1c519055efd7b4e7313ccefbe
solo,원수,1401657980.0,15.0,특급대장,57232701.0,7657.0,f093eae67469de7498e7b3bd3de80713
FANTASTlC,원수,1402031963.0,15.0,사령관,261630790.0,41.0,c48ec5e498103c87505a145734df2f4d
곰도링~,원수,1389572859.0,17.0,특급대장,67703931.0,4750.0,ca080f89fd0f8978f867f2799572d1a6
skip,원수,1379212377.0,18.0,사령관,238494604.0,72.0,be8178231c717712201d9191605362ab
콩씨7,원수,1372483720.0,19.0,사령관,254606300.0,57.0,e570c51ad87baaab53dce767c701c3d3
바람,원수,1345651870.0,20.0,특급대장,88326970.0,2153.0,5ae9a0aba72b7bdbfff9cf7b1ab12079
아리,원수,1345411472.0,21.0,특급대장,78609050.0,3061.0,2203c145161ac614f582061d62c5748e
료마,원수,1345302198.0,22.0,부사령관,159095905.0,397.0,5108872b4333bb22a48517638cd4fbed
신각,원수,1337200782.0,23.0,사령관,234035505.0,80.0,5deaa01e89f395a90815102bd8137fb7
저승,원수,1332421218.0,24.0,특급대장,115784633.0,1109.0,e26863167555673a1b52bff349a9893d
lxve,원수,1323722491.0,25.0,부사령관,178417486.0,235.0,b93f28b48b7637450e70fab96a4498da
핑크,원수,1294409284.0,27.0,특급대장,52497923.0,10070.0,a1c13bf09c5566436919baefd49038e8
웨어왕,원수,1291246828.0,28.0,사령관,312210724.0,13.0,0ed71d04383bd12216b14b614d4a41f2
페르비,원수,1281694924.0,28.0,특급대장,47757293.0,12880.0,1fa1b70d5b3de816520ba1a99e485191
댄스,원수,1283398527.0,29.0,부사령관,155428328.0,439.0,096a3023fe20810eca6aee054c84f357
우든,원수,1255651472.0,31.0,부사령관,163163655.0,350.0,e8105bc04e4a48451d1ef5b73bf7cb02
보건,원수,1238960502.0,33.0,부사령관,133317345.0,757.0,642e49d62b7644ad7f9987aa1980e51b
ㅱㅱ,원수,1219986455.0,34.0,사령관,259573480.0,44.0,f636440af24b8e6e095e307046fd738a
안양,원수,1211164137.0,36.0,부사령관,128473578.0,855.0,93e261a22fb8c6651a418d580373708d
zraI,원수,1207734993.0,37.0,특급대장,81009986.0,2727.0,0632880a7c4e164b272fac72b73aef0f
소은,원수,1206940990.0,38.0,부사령관,150458184.0,493.0,e0fd923c800e5441b8cf515f9f8abfe0
꽃길,원수,1203528187.0,39.0,부사령관,170874484.0,284.0,179879ae0cf5c184af64bab0f0749930
조감각,원수,1202222433.0,40.0,사령관,244170235.0,60.0,29cfc86dab1c4680759c313ec902b391
ShelleyCake,원수,1198313003.0,41.0,부사령관,164391468.0,329.0,b4e0181bbb6b7cdc8cabef599b6cbe22
산이,원수,1200253609.0,41.0,부사령관,214825354.0,118.0,b7f9fe7314d5322b7db588ee6319da1f
일루젼토마토,원수,1192941652.0,43.0,부사령관,188605499.0,182.0,e05575c8814953055ebc988160718211
개돌용병,원수,1187695080.0,44.0,특급대장,61421928.0,6342.0,9f038c1ff07cbc6414e976fffbb154ef
곰인형,원수,1189083325.0,44.0,부사령관,180478754.0,231.0,531a427051aef493c2560eff1afe91cf
병아리팔아요,원수,1184075778.0,45.0,특급대장,72067735.0,3772.0,8305224838a1c14f6837270527050c16
타루,원수,1184586587.0,47.0,부사령관,162287683.0,355.0,2ed5e828450f875917887a085c84d918
최윤미,원수,1179375582.0,48.0,부사령관,163618929.0,345.0,8d5612676718a14fade04f2cb91561c0
레전드123,원수,1167051806.0,49.0,부사령관,173284106.0,268.0,648fbbc694e660a33b8cef0cbae3f1d9
한번해,원수,1165821180.0,50.0,부사령관,206665623.0,132.0,12ae316087ba4a9e3ea486120d61efe7
FINE,원수,1149889745.0,53.0,특급대장,101511117.0,1517.0,27717da7b2d71df52896180856ccbea8
히히,원수,1146039353.0,54.0,사령관,232131607.0,84.0,55f3c861f0b35e0633e647c476cb795e
응아,원수,1143412002.0,54.0,특급소장,12192867.0,147072.0,99bf573152209e7f1cdf6db6bedc772f
Shy,원수,1144188926.0,55.0,사령관,268521770.0,34.0,6d5edf92a4ea7f3d18c806c00a3c9593
cherrykiss,원수,1140553569.0,57.0,사령관,258381510.0,46.0,0d9807ab206e5a2172f57ec9f50bea98
솔,원수,1138238982.0,58.0,부사령관,185913890.0,203.0,dc0559231f37697e31549b40fd7de706
반예빈,원수,1134963020.0,59.0,부사령관,135489590.0,725.0,284876168e1a9d0eda99ab4b771b5286
둥이,원수,1125027368.0,60.0,부사령관,161214242.0,361.0,1baf251696168578cce1d408fa8e4f55
랄하~,원수,1123041511.0,61.0,사령관,307505543.0,15.0,834284fa6e7cf65914a7cde283a21b08
色女,원수,1120741627.0,62.0,부사령관,126549849.0,913.0,82235398864c70779300daea913744d3
unknown,원수,1115608106.0,63.0,특급대장,71968489.0,3990.0,52c7326c888b04902d01f399fb912a14
푸요,원수,1113335336.0,65.0,사령관,272431380.0,28.0,cfd88abbcc74eb55941d6723fb95dca8
Κiii,원수,1113491217.0,66.0,부사령관,160376727.0,384.0,38906987f54adc55e11fb32f4ea76cf2
전번,원수,1114655252.0,64.0,사령관,260622567.0,45.0,d7369b912c3b1bbbbef83a1f2cd3b28d
유키브페,원수,1109811642.0,67.0,부사령관,170926345.0,281.0,72ae7ade509d482f7b5aef7450ea073e
칠보장어,원수,1106890051.0,68.0,특급대장,118348922.0,1095.0,4b72c0667ec35b31a29fbcf957fe9570
투썸,원수,1098043337.0,68.0,부사령관,167865590.0,270.0,593d755a6bb13d9838ac833d32f7fce2
Jiyoung,원수,1096770260.0,70.0,사령관,243694114.0,66.0,ab52d88c8fe807829a92e597cb96e841
자두,원수,1091771343.0,71.0,부사령관,198710269.0,147.0,45b1a2043c7c65ed1e199fd1ddb185ba
핏자국,원수,1087459565.0,72.0,특급대장,113781373.0,1152.0,2761c3d84c872da16a42327ef1f77afa
에바몽,원수,1077098392.0,76.0,부사령관,143783827.0,581.0,f63e0a98179008ae19faab242211fa02
평생로젠,원수,1080278584.0,78.0,부사령관,164411164.0,378.0,a985f820f03659e122385ff11646af73
지도,원수,1076609995.0,77.0,사령관,277897958.0,26.0,018eec186511a63ea86738c7799252e0
젤,원수,1075719031.0,79.0,부사령관,150994226.0,481.0,06ac78845d5e6fe1df8cfd564e6c1234
최윤성v,원수,1075556147.0,81.0,총사령관,370976773.0,6.0,d8073e6267b2c16c9a9997e546d9b201
불주,원수,1078379247.0,75.0,총사령관,412725476.0,2.0,f83605e5fb8eafbf8257291088840791
정말,원수,1074858389.0,82.0,부사령관,214012568.0,121.0,67e18db111ba767dba205c9e0f508bac
따뜻하게입고다녀,원수,1074785188.0,82.0,부사령관,194030618.0,167.0,e6ac81dd9c38524bb494689d315e9fd9
스토리텔러,원수,1070295029.0,83.0,부사령관,156245699.0,411.0,46a6b7706dddde2fd761220d91daccdc
Iip,원수,1069695133.0,84.0,부사령관,217598372.0,111.0,f33ac3bc20179d08fd3320f33ebfe242
그사건,원수,1069874076.0,85.0,부사령관,168147437.0,309.0,e017c1019117b828bcbea77f55f506c7
반하나,원수,1064691307.0,87.0,부사령관,151028449.0,470.0,30a3ec8484ddb8426f5a0d1d7cf86584
공인,원수,1063341037.0,68.0,특급대장,23678980.0,43765.0,2733455b1b1c04a6614483e86404d594
영민,원수,1062940295.0,88.0,부사령관,148827171.0,476.0,2e7780aea1fd653770023cc67cb946cf
감각,원수,1061213349.0,90.0,부사령관,157573259.0,410.0,2ce42ac3d20ab0bcb21b72ff6675ecba
시윤츄,원수,1060191221.0,91.0,특급대장,115506926.0,1123.0,a8f3e2f4ad589abf83ac9febe5a36453
쯔양,원수,1058141960.0,92.0,특급대장,38677831.0,22264.0,26c6ef281b80c34f703a378b34568d80
Poni,원수,1054728373.0,94.0,특급대장,111579418.0,1199.0,16650f3a8db2d4f4f06f38fb97b67247
강경민,원수,1053915423.0,95.0,부사령관,129938120.0,818.0,5f5eef029527bcd41e71832d0ef7f570
야누스,원수,1053839094.0,71.0,특급대장,24566402.0,53810.0,123d200947d6d2f5bd5619f4a4bbec68
대화마을,원수,1053675103.0,97.0,부사령관,129500175.0,841.0,1b0c58caa535ce8c3478d1163f624cd7
최은영,원수,1050073984.0,98.0,특급대장,100952239.0,1534.0,ae2b0a6d046e21bc22e91816ef5e44ca
메이비,원수,1047945742.0,99.0,특급대장,90882414.0,2001.0,d6cece07c765e0242e9cadccbb84c6f3
천재,원수,1049747843.0,101.0,부사령관,150290863.0,524.0,69c6272c668d9161e20b246a17c53863
미교,부원수,1044892782.0,101.0,특급대장,79127177.0,3107.0,8970504ec5284edfe946feb968f236de
지존,부원수,1029083903.0,103.0,특급대장,94669391.0,1731.0,b3ce20e4e1b749d2ea7b9c5bd8ea6d3a
lullaby~♥,부원수,1024570820.0,106.0,부사령관,133719285.0,760.0,1d8ba77e386d4d1f490834345f368143
메티,부원수,1021901865.0,105.0,특급대장,47865273.0,10012.0,ea36a0969328927ce4e7ded3976d1fac
거친,부원수,1024678895.0,107.0,부사령관,160834930.0,390.0,ab6b970c0d8478a70c80a944de5e33d4
IIlIllIlIIlI,부원수,1019179155.0,108.0,특공대령 5호봉,9633735.0,187014.0,28ecd94b3460d7b3fe9f9d05e5710427
근우,부원수,1019419316.0,110.0,부사령관,210649210.0,123.0,9f1e4ee0b7189cbf26f61d406a4384f9
73,부원수,1011828333.0,111.0,부사령관,222515918.0,100.0,0d6653ed2159cb510c14af9c4141ec5b
┕┑,부원수,1009044659.0,113.0,특공대령 4호봉,9268314.0,193773.0,ca9f424f0d15f5cacdfe92ae739ea3fa
갓돌쇠,부원수,1010572235.0,112.0,부사령관,176240290.0,257.0,fc44cb28f2fed2c506495ee7d12712aa
욤,부원수,1006139783.0,111.0,특급중장,14838974.0,115870.0,847c6e4a25a0ae9da06542b8b34e01d4
♡반샷,부원수,1005045184.0,116.0,부사령관,199176837.0,147.0,8e1780ebc367c8305e7c667bb7af65a2
IIlllIIIIl,부원수,1008219682.0,114.0,특급대장,94042288.0,1922.0,282635d7a7febf09f6c6b75d2b4e53cf
myway,부원수,1003790541.0,117.0,부사령관,210372962.0,125.0,fbe05878f8cab4157b041b81814c73fd
고도리1번,부원수,1001637250.0,119.0,특급대장,81781575.0,2709.0,4b1e12a61248eea9ea7f78f71da6b86b
가짤루에영??,부원수,1002078548.0,118.0,부사령관,162687309.0,352.0,20e33b6b3e0e957df549b3dd6ebf689d
zetty,부원수,999435903.0,121.0,특급대장,27688814.0,46550.0,9a8e0f12855b23c60c1ebe54564e226b
럿츠,부원수,999300514.0,122.0,부사령관,190494932.0,179.0,1ebc186e9f889fa3974a406aa09fc829
혈라,부원수,996300663.0,126.0,특급대장,93518136.0,1902.0,73fda248ff16eede5471edd2d0cc9359
레니,부원수,996295740.0,120.0,부사령관,186332785.0,173.0,ccd01264eed929b82d4003fcdce85736
약간믿-친연,부원수,1001109478.0,125.0,사령관,302274179.0,17.0,fc68a32950692ff790bd92cb066a64f0
LarK,부원수,995559252.0,126.0,특급대장,85976771.0,2321.0,502b6e40e6cef4db201a588c20f73977
김택진,원수,990628686.0,61.0,특공중령 1호봉,4618034.0,55640.0,805397ecbb640a9e4188a9baf1b2eeb6
좋아,부원수,989330427.0,129.0,특급대장,66754266.0,5190.0,54426b475bfc0c84eba9e490bd0ecae6
로번,부원수,986589595.0,131.0,특급대장,30418468.0,38136.0,28881b22e56d1ebbf792d94f5fab6ed2
현도,부원수,981656613.0,132.0,특급대장,40330849.0,20212.0,b50e93b420473990d23459de55b61203
예슬,부원수,981666502.0,134.0,부사령관,151419548.0,483.0,0f9cfab8569741459e9c2a440df4a74e
ㄷㄷ,부원수,979846177.0,135.0,사령관,229779693.0,90.0,829b554a9d54873ddd2c8d14efe96680
살짝흐림,부원수,977440966.0,105.0,특급대장,66254466.0,1305.0,c66ffea284872e0abf389280359bc617
웅3잉,부원수,973174211.0,137.0,특급대장,45900674.0,16274.0,f790fef8b19ccf53a5b32fafb52ff105
미드,부원수,968850206.0,138.0,특급대장,90828856.0,2007.0,a562d72f5e2a91814cde18aa5a0c9b97
소풍,부원수,980713810.0,142.0,부사령관,147826645.0,727.0,ee09be66fcfd5a10672223d9f542585c
만남,부원수,967210244.0,141.0,부사령관,160996687.0,371.0,a5cd9595e1f9325195c08629431ab9ea
음주냥이,부원수,967812942.0,142.0,부사령관,146114288.0,559.0,79d0d4fffb37ce1d0ddf808c8cb63b60
깽히,부원수,965607081.0,143.0,특급대장,70188351.0,4198.0,3228306efc0137bdce36418c13d941d5
소녀의세계,부원수,965603634.0,144.0,부사령관,190534469.0,172.0,5eda75df3f580125d4c030740706d92e
서든러#000833245,부원수,963548423.0,114.0,특급소장,12550422.0,96066.0,efd30cc1a1301bbfcc00e83592078a2d
S급라플,부원수,963270979.0,148.0,특급대장,29657752.0,40139.0,d2729e3ed99e1d97c04922997c004454
성이님,부원수,962654280.0,149.0,특급대장,53039208.0,9832.0,f74b18622a190cf8775f51425dc76faa
꺄,부원수,959095043.0,149.0,부사령관,140026667.0,620.0,3fac0580bde1babab2d7882d677f9109
전설,부원수,973756411.0,150.0,부사령관,228512832.0,114.0,1179776494b4eb74195cad8b5cc050e1
질,부원수,957697527.0,152.0,사령관,235979624.0,74.0,f07e16a0ce9a959946e7fe8c2043b76c
먹,부원수,957418975.0,153.0,부사령관,133133860.0,773.0,2bf7afe25cb698532546956df11d218d
chuby,부원수,953182013.0,154.0,특급대장,72561819.0,3815.0,2439b139a720b2aa9e46321db1d911e3
약속,부원수,954986307.0,154.0,부사령관,156153185.0,423.0,fb776a5feeb22fb219b0beb05051b0a2
텐시3,부원수,952309395.0,156.0,특급대장,94640220.0,1805.0,946e6a8ae5c8e4d24316d601d65eeb31
정치,부원수,947145579.0,156.0,특공소령 2호봉,3439502.0,357401.0,ba9b226a5c6c8b7218fd953a8e6cf3f9
환각,원수,945682783.0,76.0,특공소령 4호봉,3905968.0,480594.0,5e02207be883f93c9316ac6df946d31e
매화,부원수,947794265.0,160.0,사령관,237405151.0,78.0,d6f659e89208ee013e6aef11c10601d1
포포먼쓰,부원수,945802354.0,158.0,특급대장,121649869.0,1004.0,59fcd3e4826eafeb22b1179c41154b8f
공군,부원수,944790221.0,159.0,부사령관,125571876.0,839.0,1fff781cdee150846edb0af047652fee
과대표,부원수,944594064.0,162.0,특급대장,51760392.0,10564.0,8a4bfd624198c6c3b55bf09d1145298f
보조개,부원수,943926279.0,160.0,특급대장,57126528.0,7754.0,5594bf19111070d9a401dbac94109eb4
yong2.wb,부원수,943131577.0,164.0,부사령관,160100198.0,372.0,b138e96334c3b6c78429957f1a89fcf6
#red*pccafe★,부원수,943091296.0,165.0,부사령관,128442818.0,869.0,210deb06fd9f19e4c7d6efe375be86fa
elice`Jongho,부원수,941192369.0,166.0,부사령관,170651361.0,287.0,ea9dcba8dc3df6ed62c637312c48c9f0
보물,부원수,935571758.0,168.0,특급대장,76121805.0,3379.0,d0c4b0df4a10a9f1c1f0a04ba967bd6c
빛나는브론즈,부원수,935273310.0,169.0,부사령관,209682416.0,128.0,cba5c21892ab6a7949c43e6bca8dc2ef
은우1,부원수,929931934.0,170.0,특급대장,74536530.0,3534.0,b9282b1da17861088b498afa293b4cbd
초코롤,부원수,926857489.0,172.0,사령관,275263000.0,27.0,7424384d13b5aa1e704a0220554dee97
촐랑,부원수,922612193.0,174.0,특급대장,37695677.0,23743.0,fa976579eadf100f90b338fe6820b16e
천송이,부원수,923735921.0,175.0,부사령관,197362228.0,159.0,a518db4eb352ff7e09024feed780d13c
잉잉,부원수,920606175.0,176.0,부사령관,137468753.0,678.0,1213498adefba92baa7138aa0d050f6c
양가,부원수,919808843.0,161.0,특급대장,66888699.0,2346.0,a3d2c63f909d41e560d737e14b321c27
쏘우,부원수,913006239.0,177.0,특급준장,11024311.0,163353.0,8f9819acb514684d86c035b284e10dba
솜뿌,부원수,913604982.0,179.0,부사령관,170341370.0,288.0,6071f4ba0b6ad1dda855fd54d8bf5c35
후배,부원수,912614975.0,180.0,부사령관,170097192.0,291.0,534414ff89625147b46d0c64f00e4c10
코와이네네네ㅔ,부원수,911872418.0,166.0,부사령관,113471421.0,528.0,3fa406b1f01251972b9d546fb6a1ef7c
Legendarys,부원수,911786640.0,181.0,특급준장,11097531.0,164208.0,ba1625893c7b8ebc87465063e425eb57
꼬집긩,부원수,911746990.0,183.0,특급대장,74499731.0,3627.0,88c7f7e8a7f346d0ab66a9dda0e2c546
뽀미,부원수,907751040.0,184.0,특급대장,74221243.0,3608.0,6325bd2d0907dafffebac93f0c269e61
전채현,부원수,906138178.0,185.0,특급중장,17475988.0,100075.0,41d82f5534d2f219e1c420d033128a7b
lIIIIIIlIIlIIl,부원수,904243984.0,186.0,사령관,305194438.0,16.0,baeaec85232b7b59b2b63ef351cd14e3
보영,부원수,904314363.0,187.0,사령관,222222221.0,100.0,8c27d951126ddba12ccf094b4b5fb4f4
현찰,부원수,904953424.0,188.0,부사령관,146330847.0,568.0,8b7819156453522073e2495d5797bae3
형준,부원수,900719888.0,192.0,부사령관,175699236.0,253.0,6bb067c0c60ed2c6af5dec07bac5d9ba
윈터,부원수,902480349.0,190.0,부사령관,164963212.0,347.0,d374c0582818c96c8d7067ca77f4ebfe
아솔이라고,부원수,900727745.0,191.0,부사령관,143484327.0,587.0,840d8fa05aee75879a025c415b3676a4
후연,부원수,898449774.0,194.0,특급대장,71747072.0,4007.0,52f676ce655a9acb1327d8b6bee93d54
韓牛,부원수,896372373.0,196.0,부사령관,216953179.0,113.0,cb031642fb9aa50c876d60b817863622
BOBCHOI,부원수,895665337.0,197.0,특급대장,79296915.0,2947.0,0a00dc2b0546bfcd6798fc4be772e0f9
세금계산서,부원수,895843699.0,197.0,사령관,230595486.0,87.0,9b63f37be284b9e4205dc7a4645cd528
ＭＩＲ,부원수,894407956.0,199.0,특급대장,107073933.0,1306.0,f54e2bf3c577aa3fd50578bb2c1937f9
외나무,부원수,892437884.0,200.0,부사령관,160079332.0,374.0,5447b3b22b84ace082f92dc3a437bc9b
핵키,부원수,892194610.0,201.0,특급대장,72793506.0,3820.0,41272652c2bba3865dfedda24a59462d
casting,부원수,891337086.0,202.0,특급대장,51979767.0,10480.0,b487ccabbc0f02100ecfadffe835167e
로그제재,부원수,890054905.0,191.0,특급대장,54846748.0,7812.0,80a2dc0ea59dcef5b0aad82253ff3e6f
Stra,부원수,887970528.0,205.0,부사령관,161208389.0,359.0,143925a0a08e52bd4b289dc0d3085074
요네,부원수,888144817.0,206.0,특급대장,97764327.0,1663.0,b4310b7df4769789e53d240aeb9dea55
열정묵향,부원수,887513324.0,208.0,부사령관,134055635.0,757.0,c355552a42729bb3aa3cc584ed86e20f
lIIIllIIIlllIIl,부원수,888339899.0,208.0,특급대장,57345431.0,8623.0,facb4f6b8c5a1767bf1cdb41d540a65b
라윤이,부원수,884929328.0,209.0,특급대장,53519156.0,9553.0,b93854f026f31513b2c0848b12bb3c60
학력,부원수,883003579.0,210.0,특급대장,50350097.0,10933.0,16b9d109db50a18337285465fd68780d
탄생,부원수,881181086.0,204.0,특급중장,16750056.0,99869.0,107f952ec161efb1dc760ae6c2c265a0
김수염,부원수,879956994.0,212.0,부사령관,141166296.0,623.0,080fa4a17acb6e0ffc9b400e558d5f7e
소원,부원수,879932384.0,213.0,부사령관,138926097.0,652.0,6acea493211b081c51f4c199d3f3edfb
￥eeezy,부원수,878954477.0,215.0,부사령관,146491608.0,537.0,5f71d06c9977b636adbf845704df861d
모잘라모잘라,부원수,878777798.0,216.0,특급대장,121071491.0,1017.0,9d9ec39dcd7edfbf7d696f941b261cb1
스쿠터,부원수,877343945.0,217.0,특급소장,13398215.0,136465.0,fbf3838823e5d15cf12cc6b7d2e992f5
임민호,부원수,877003195.0,218.0,부사령관,126813706.0,887.0,8b840e410c22ff7473087de302e6e94a
기말,부원수,876595933.0,219.0,부사령관,140922445.0,620.0,9fee5c44ee2fa8d902edd2c9456f8f2d
승훈7,부원수,877495156.0,219.0,부사령관,158585901.0,394.0,0514a90b73e94dcf8c13d85dac3caa15
포차,부원수,876275153.0,222.0,특급대장,71720726.0,4328.0,0c84d3f430b4d23ae22934557b980d00
최항,부원수,873803255.0,224.0,특급대장,99542351.0,1590.0,45afc9eca26756f58065d0a5b93a0312
효빈,부원수,874218276.0,224.0,부사령관,221602903.0,102.0,cad95c4868e351237a0de4cac3e6cc03
미라클복실,부원수,872786453.0,225.0,특급대장,105519827.0,1363.0,29b8e3f898515cc4e787b2ec74d12068
총들어이넘아,부원수,870639946.0,213.0,특급중장,15314085.0,107160.0,6cbc6bc425b56afcb65094f7eed20be0
peach,부원수,869722456.0,227.0,특급대장,103652302.0,1467.0,d9591b826db8d611f4eed014791889c6
쪽지남겨주세요,부원수,867613675.0,154.0,특전하사 1호봉,86004.0,693246.0,f9a482a58290fc0a3f833a95315a2aac
영준,부원수,866081712.0,229.0,부사령관,198474919.0,152.0,a0d13ac7a3d778fe8680c842313f018f
용서,부원수,863200739.0,230.0,부사령관,172741700.0,268.0,ace637a4977e50b44d59ab29042afbd0
체리사탕,부원수,864130141.0,231.0,부사령관,205582318.0,135.0,7b4ccdd1a45d058dee208afb8ae7646f
유승민,부원수,862440548.0,232.0,부사령관,146656427.0,550.0,e1a184b3d7fe960bac87efeb0fc0f5cf
정용화,부원수,860056041.0,228.0,특급대장,92449888.0,1740.0,93b63931984005b6b24d0b213b46f61b
서든러_25770114,부원수,,,특전중사 3호봉,,,d91f14c9f0f5e27fdefd745b5c154a0c
와인,부원수,858141269.0,236.0,부사령관,172395344.0,261.0,c2f3058e2bee05bf17911c847fc827bb
화지,부원수,858741665.0,237.0,부사령관,157228317.0,417.0,3481be46ed14b44101755ea4a326e9cc
빼,부원수,856733167.0,238.0,부사령관,182699968.0,214.0,c849050595d81e8fbe5eb34dade47db7
야미,부원수,855297543.0,237.0,특급대장,47773525.0,12976.0,d735ddb457a0d137c6c46d8153eba39f
IlI1,부원수,855557123.0,239.0,특급대장,119615322.0,1044.0,f36d846979fe2aaaac0de203bc1c111d
65gir1,부원수,855055427.0,237.0,특급대장,98179027.0,1580.0,42623e037e749483cdc4ecc20652003f
ivory,부원수,853669508.0,232.0,특공중령 2호봉,5363013.0,332550.0,d307763fd209492574ea383046a1275e
hyunsungg,부원수,851671989.0,244.0,특급대장,110978691.0,1205.0,0136f10d0f040ceb86007bbb3ef41231
탑건,부원수,853498802.0,243.0,사령관,232702845.0,85.0,d0646bc50cb2f86d8ca25dfb0e851de4
몽이,부원수,847229539.0,245.0,특급대장,29525362.0,39258.0,92ddc79a54a31a4191d2da3105a5f37a
Mr.England,부원수,846227428.0,250.0,특급대장,94729646.0,1807.0,f85891777cd6744f68468ab0574de536
서든러#000884539,부원수,846156924.0,224.0,특급대장,29971858.0,24716.0,655b40d2133c458bdb9930103960c61e
다희,부원수,849236493.0,247.0,부사령관,150009870.0,510.0,4f2aa7cd9dc3c389968b51f17e4d7235
민교,부원수,845991838.0,247.0,특급중장,19161349.0,84938.0,e429485f98c96d823a27a38a592f5feb
ohmygosh,부원수,844407924.0,253.0,특급대장,55795085.0,8545.0,120cc58a11edef06fb75e79e387c2047
래아,부원수,843483284.0,245.0,특공소령 1호봉,3106034.0,356575.0,e4f1a94eb732f69c784e91776c71f5fc
일본,부원수,843026779.0,257.0,부사령관,150410752.0,491.0,bf8be389fa47776e0f61b7faa8d85d0e
잔인한꼬맹,부원수,843233237.0,256.0,부사령관,152166210.0,462.0,8613d37706c65dd87efe3c258c4b249c
sowall,부원수,841397425.0,258.0,부사령관,167571563.0,299.0,6a912fc219accde193dad9ee3e6595cc
찡둥,부원수,840689019.0,259.0,특급중장,18977686.0,89350.0,8dd711c6930202ec3c10fc3a310d1277
먹고갈래,부원수,840376275.0,260.0,특급대장,58219291.0,7505.0,2bef6f4102311b3ecf7ffc9a28c430cd
당긍당긍,부원수,841983876.0,261.0,특급대장,113636651.0,1186.0,5a16d5c007deb76ff4f3bd6bc85fa89a
카르나스,부원수,839312846.0,263.0,부사령관,151921074.0,454.0,3df995f5c9e2595073ab5c9474e19bc9
펜넬,부원수,839084831.0,264.0,부사령관,157376115.0,401.0,26661f4f5ddcb8469a87ceeee34f4ae9
ggaebaki,부원수,837429981.0,265.0,특급대장,33535237.0,30788.0,20d7ef5a5f0c9027a9832e9f73980e53
김연제,부원수,837093882.0,266.0,부사령관,179696938.0,230.0,3b9b8b6c99701e425ada3e0fc72322c1
에임,부원수,835747636.0,267.0,특급대장,113917641.0,1137.0,d733e39cf5503960fb9cd0579d9890ad
토심,부원수,835564466.0,268.0,부사령관,130993609.0,812.0,22084df93879de54941beef010532acf
키라라,부원수,836154535.0,268.0,부사령관,221358431.0,105.0,74f29f7711ab53794b07fe5912d6c12a
Gift,부원수,832831620.0,270.0,부사령관,166789263.0,310.0,4395282272057620eb2458efacbfd9d6
두산,부원수,830905813.0,206.0,특급대장,21665741.0,19561.0,1c7b3bb48bc506576e712675cee0eb3e
요¸아˛정,부원수,830566928.0,272.0,특급대장,40218861.0,20922.0,8b8435e18faf9002798dd6242f6e5d36
콕,부원수,829145766.0,273.0,부사령관,202395819.0,138.0,1b582f36ae431ec43cc2d2dca0bf339e
원포인트보성,부원수,829153667.0,274.0,특급대장,54372486.0,9242.0,5d85bab69f1f6eff7758de6f45da1c3e
시뚱땡,부원수,828821782.0,275.0,특급대장,81968423.0,2657.0,fc1a6eab9f421be155b7b9146335c44e
옥히,부원수,827655947.0,261.0,특공대령 3호봉,8404477.0,190688.0,b380b2a67742eb44a200cb585e74d7f6
랜뽑,부원수,827029961.0,264.0,특급대장,101599580.0,1199.0,02d81b50de0ce438c9c21fd76ad53655
야쿠자클모中,부원수,826950175.0,278.0,부사령관,140476052.0,632.0,f2088cb91ccd358567adeacfd672ef53
트리마제,부원수,824002104.0,279.0,특급대장,47187734.0,13436.0,f9e93a0b2fec7db438bd28f6925a2f70
다래,부원수,824541553.0,279.0,특급대장,115288672.0,1113.0,dea48f896861786eed777dea79e29f98
foxyS2,부원수,823783406.0,283.0,특급대장,28021714.0,45517.0,e351bed0bd52e941c62b4df47399581f
IllllllII,부원수,824220682.0,280.0,특급대장,93982847.0,1846.0,7de1c247f0885a830cac74c8afca4560
newyorker,부원수,823909226.0,283.0,부사령관,156720021.0,413.0,1e0fd0ab10b5c4ffbb14770326588d8d
마성,부원수,823006335.0,284.0,부사령관,135094637.0,715.0,6029cea7766c06729f455389d0641624
스킬,부원수,821071603.0,285.0,부사령관,167771649.0,302.0,a88da456e8efee6b05e559ae3ab9fd5b
나이트,부원수,820474005.0,286.0,사령관,262765507.0,39.0,5a1b09eb3fde9715e9fffb075ea8c0b1
수민,부원수,818639420.0,287.0,사령관,225740860.0,93.0,967f6b9bea9fbcad115ad36953447b64
떵민,부원수,818487273.0,288.0,특급대장,74626766.0,3527.0,9bd7d64578221963e442a931e5d4d89e
늑대,부원수,817758632.0,289.0,특급대장,49685774.0,11796.0,44e182a35389fa081f00b2e82819159a
애링이~♡,부원수,817365105.0,288.0,특급대장,51502746.0,10181.0,e9dac9c57af35bd8cf434e6239a9fc3f
딱딱이아저씨,부원수,819010230.0,291.0,특급대장,105551632.0,1395.0,579146791d26cea6e11c6f7649f957b7
박진수,부원수,816639772.0,292.0,특급대장,78483087.0,3061.0,5915ed69ec8a8c2be7c3f4fbbfdfee40
Larks,부원수,813323734.0,294.0,특급대장,82484608.0,2620.0,dd58a01cd9a23c6bfd068d0258eb4e72
예리,부원수,813571986.0,295.0,사령관,272024614.0,30.0,a69148eef542904110a495c48b4bb35b
낙지레버리지,부원수,810387380.0,259.0,특전하사 3호봉,156392.0,872460.0,47f564778ee893c688a7adc4c303c103
전사,부원수,809494669.0,297.0,부사령관,178164854.0,232.0,fd85308f3987feb460bb34be92c75386
IlioilI,부원수,810284542.0,298.0,부사령관,145147882.0,573.0,a187d175f943f8b6bf1ab0e69a13826f
onelove,부원수,807551704.0,300.0,부사령관,159639878.0,381.0,46ed743c39fea43c228dec42f3a771a6
속상현,부원수,807008538.0,301.0,특급대장,20549730.0,78131.0,91842acf8ddae9170361dd4b91021175
신＼('ω')／나,부원수,805895834.0,302.0,특급대장,19670783.0,86931.0,c5085490bfe6925f4d8d902d3fd996ae
bba,부원수,805442455.0,303.0,특급대장,94731563.0,1803.0,0405878b861ba46a0ecd961ac737963e
야미メ,부원수,804992760.0,300.0,특급대장,47750177.0,13041.0,4bb997a7f1c21ab2c681cb52408b771f
해적,부원수,805915835.0,305.0,사령관,241180584.0,66.0,01e418adbb180c3899de0ae34dd9789f
관통,부원수,804284918.0,306.0,부사령관,141628628.0,615.0,b749cda7cd2f3182664ca89224fb2929
박덕흠,부원수,803813177.0,307.0,특급대장,101615098.0,1493.0,8a586766e35a66b12e61adfe77ee3345
cherryme,부원수,804504028.0,308.0,부사령관,170268871.0,290.0,57d78b214f2d3d3c026215be9528efff
츄,부원수,803291780.0,309.0,부사령관,127569872.0,874.0,8fcceda225ce8b77ecd48ef844b0793f
흥,부원수,802534983.0,312.0,특급대장,23864171.0,60749.0,ec3300d4f9f4f1be32d7e082ebcb6d19
힘??,부원수,802032164.0,311.0,특급대장,93890369.0,1832.0,5a7cf65265ee9966eface4ee8c8fbfa6
singilu,부원수,801866091.0,313.0,특급대장,89142081.0,2107.0,e5719b82d752dcce65256e444a540958
Seirens,부원수,801157574.0,298.0,특급대장,65256745.0,3509.0,284c18d64828530106ef73d63c9bc077
까칠한소라씨♡,부원수,800734311.0,281.0,특공중령 1호봉,4857453.0,252296.0,0f0cf6a689653b28c6d704c777cdd570
디땅,부원수,800585023.0,308.0,특급대장,99192475.0,1482.0,51dd016337e371792658cf53057b9cc5
롱길,부원수,801312227.0,315.0,부사령관,135821495.0,707.0,ab5e7b1c66e61c0371d0fb5f3b78154b
주,부원수,799847790.0,319.0,부사령관,135028165.0,709.0,2d4702d5ab3a7cc1a4001a51ba9404e8
Billiant,부원수,799322608.0,321.0,특급중장,14808086.0,123231.0,38e8c109e706516de047c5902d4e0f70
(レ`⌒′)―)`.'),부원수,798029077.0,321.0,부사령관,159858360.0,385.0,19104fa876bd2ff725f3995f5a478910
Hancock,부원수,792520476.0,324.0,특급대장,109712404.0,1241.0,de627e2940d2ceb5d6fab2a738b9d860
나예,부원수,792193494.0,325.0,특급대장,42598257.0,17749.0,766cb6d70a56870a31b58101bf4747f6
장어,부원수,793242701.0,326.0,특급대장,79523711.0,3041.0,8be5f3f717818b7eba82149d02ea4f7e
동희,부원수,790768557.0,327.0,특급대장,53021978.0,9763.0,6c4df67c8bba255a4e464dc04d941427
우린,부원수,794205114.0,328.0,부사령관,192462513.0,176.0,99d97d9d16a681cd89d1e7c827a27911
이하영,부원수,789843309.0,331.0,부사령관,125644636.0,926.0,ff1fb9a283d02bc12a4059b277cb9cd3
Sword,부원수,788028246.0,326.0,특급대장,77936967.0,2846.0,770d6e0d64e4e40b3c6e06321bdb69ed
김똘비,부원수,787401387.0,332.0,특급대장,70211004.0,4132.0,be40d1d729e5d2a12ab77d236f7ca645
창자,부원수,787605165.0,334.0,부사령관,139394944.0,654.0,bd785e176ee9a3a7a8d837288a42caed
로이,부원수,814872091.0,319.0,특급대장,118488349.0,1434.0,983948af2a5f8cc5762fdaa785a87782
도끼,부원수,788518973.0,335.0,부사령관,222624040.0,106.0,d45038d8ff32f9ed5d7f01294af5d68c
Gard,부원수,785330735.0,336.0,특급대장,41317075.0,18945.0,8557c91e7291dc04631f23efb066b733
이정음,부원수,784848452.0,318.0,특급대장,82367603.0,1948.0,e39b66d3d5b10c1bc98839097223a881
IlIIIlIIllIll,부원수,784630018.0,340.0,특급대장,102495856.0,1473.0,7cd4503eafa357b776a83f1ece8f39cb
스커,부원수,784284586.0,348.0,부사령관,130978367.0,843.0,b6478724e45edc5a3c1a68fc1d246d0d
채금,부원수,782987490.0,331.0,특급대장,37573061.0,21511.0,f6d3c6d822465963c15439aa8f5250b3
JungHo,부원수,783356811.0,343.0,특급대장,110873277.0,1220.0,a88385953efcd6198fe30874dd875fb7
오리,부원수,783178261.0,344.0,총사령관,416246958.0,1.0,f31bdc2e6e5a7b749b4aac527411ffc3
Matteo,부원수,781586382.0,331.0,부사령관,133965269.0,565.0,36c99bc038ba198c2fc0b2ca59a17815
패왕,부원수,781455580.0,326.0,특급대장,78849368.0,2203.0,7a06c09e0dce5bc8ea1ab40d00d12a49
건설,부원수,780833401.0,344.0,특전상사 5호봉,788248.0,685931.0,c2bbf914c13636dfa119709d763910fb
데이나,부원수,782107951.0,345.0,부사령관,207466030.0,129.0,1e65f341d5d1db5e414c9352193aee1d
Ålbert.이프,부원수,781739826.0,349.0,부사령관,190838036.0,173.0,5991780600f8706dc8d603fb28bdf5e2
♡hanna,부원수,779795273.0,315.0,특공대령 3호봉,8674069.0,184334.0,bf552b1d6edb03a8086be13a6907911f
해운,부원수,779792743.0,328.0,특공중령 5호봉,6733066.0,227582.0,3912b69b1ab7f0287e6b2ad9cdde5e40
호두7,부원수,779631780.0,350.0,특급대장,86468837.0,2208.0,4927311908b62f04caa5153ecd5c1d1b
부산잉,부원수,779904217.0,352.0,특급대장,78654480.0,3033.0,18e436caf38fb4823d3ef33e9eff0982
한별-_-,부원수,780787621.0,351.0,특급대장,122012912.0,1013.0,be7f9957de91e2e0233992bbee3c97f0
ⓜⓤⓨⓐⓜⓤⓨⓐ,부원수,780159493.0,350.0,특급대장,115335802.0,1111.0,7571c5e2df7391194cf1ec02bdce1845
이근,부원수,778793730.0,356.0,부사령관,122191058.0,988.0,03b94b4aaed378998f8c6055c996895d
테러,부원수,776475019.0,357.0,부사령관,131465076.0,797.0,3cef12825374dcc0c3499ef15e0cbba6
파덕,부원수,776071870.0,358.0,특급대장,76704904.0,3291.0,c9d298982642462d026007f4f93474f3
케빈,부원수,775749484.0,359.0,부사령관,188262186.0,189.0,97c838b8dadb430fe0cf8409fb6f24d4
찌혜,부원수,774997848.0,360.0,특급대장,99607084.0,1570.0,2ae56582b589550bc1ffbdd5859e4605
정훈희,부원수,775041999.0,361.0,특급대장,112748663.0,1166.0,109a3c427e092d6b0b3844800e2c0e1a
찡현,부원수,775213435.0,362.0,특급대장,52824650.0,10080.0,03fa501341a2fa63848ed2f931d05141
흐앙이,부원수,774477353.0,363.0,부사령관,135992541.0,708.0,604b39adfef0824e2bb1510f17644a08
sense,부원수,773143843.0,365.0,부사령관,166422294.0,312.0,817d474f8c723f028ec53466dbcdcbde
~코카콜라~,부원수,771782924.0,367.0,특급대장,79325801.0,2933.0,e420541c6cac9d6b58f720d801078e01
탈론황제강혁,부원수,770654434.0,368.0,부사령관,163095538.0,350.0,bc358a102f4f4681069b4cf9c8a91c6e
박성한,부원수,769307821.0,369.0,특급대장,53685634.0,9416.0,d4d54ff399e02a884c3a29b8d0f76bf7
거참,부원수,769419178.0,370.0,특급대장,93071033.0,1881.0,25c304ecd1f3bbd17e8bd5daf3f8791a
애기넙치,부원수,768417553.0,371.0,특급대장,84654515.0,2436.0,71bdce0088162edbb6db96ed1d2d0820
냉냉,부원수,767769648.0,372.0,특급대장,68135337.0,4619.0,e6cf6e73d7262f61dca66df7e3ac2305
잔인한소닉,부원수,767225305.0,373.0,특급중장,18346855.0,94723.0,79d56f4f87627e7c3f899ef16a2324b7
Heretenitripes,부원수,766888865.0,375.0,특급대장,61817822.0,6317.0,895d02c1a9dab3a32ba0d65b374e9355
다피치,부원수,766463677.0,375.0,특급대장,30543776.0,37567.0,f10f25fd064f7e23e426cec4af93aab1
케이크,부원수,768967157.0,376.0,사령관,262365179.0,40.0,cd0254b25571248cae1523b5b723c187
레이븐베라,부원수,765099468.0,377.0,특급대장,22008668.0,69221.0,5100560b5127802c827f73f7db6b5299
샤탄,부원수,765853938.0,377.0,부사령관,149556862.0,503.0,cfcdecb3308e7d631634c5b082791071
민경호,부원수,764761200.0,375.0,특급대장,60392417.0,6456.0,607a2be8ce2321f1a38711652dcd6484
쏠라,부원수,764552306.0,380.0,특급대장,101656548.0,1507.0,855523a27f6961ae1bae148ed358e897
BongSunny,부원수,763821487.0,381.0,부사령관,147607179.0,530.0,3929f14f59315fa59ee3404358bd8aad
떡팡,부원수,763443888.0,382.0,사령관,251793676.0,55.0,92bb3f9ffbcd4f1c0a0ec8d60d33f14b
복수,부원수,762267550.0,384.0,특급대장,101769629.0,1498.0,438ed68efaecdc65677febe6b757d194
콥,부원수,762632692.0,385.0,특급대장,67852865.0,4893.0,9be965c7427ca308dc628447433913c8
머랭,부원수,760421712.0,387.0,부사령관,152383765.0,455.0,fa5fb4b9ec24ddd10908ef975f2f0108
ㅊㅇ,부원수,760263745.0,347.0,특전중사 5호봉,478004.0,725036.0,c4f8eef70a3592eee199425c27efe5f1
하고갈래,부원수,760699124.0,388.0,특급대장,59656864.0,7267.0,71abaae01aba3f3afb32d075022665c9
러닝빠름,부원수,760516140.0,389.0,특급대장,98993662.0,1621.0,964f3b777df0d000f66308224379f15f
조각사,부원수,758586715.0,390.0,부사령관,123852883.0,950.0,003d0b600c59e36feaa73cca3994a408
재롱,부원수,757922132.0,368.0,특급대장,44479126.0,10561.0,012e622254f0024d03b6e88db7b62e22
뜽미,부원수,756288719.0,355.0,특급대장,52942798.0,5275.0,91e4969aae0041b5fcf1de8fa5b7b046
정겹,부원수,756304876.0,394.0,특급대장,102826800.0,1449.0,783e3b46481bb0f7dfd6b6557399ff81
Sodore,부원수,758634456.0,392.0,부사령관,166440561.0,327.0,88c7e238d0b187259e62a509337014dd
Soul,부원수,755057237.0,396.0,특급대장,100207123.0,1551.0,9e7f7390f9f0fecaaf9517d0cd52db47
율솜,부원수,753265928.0,397.0,특급대장,63569696.0,5613.0,1e51738d7e451a9790159ccd29f2043d
Santiago,부원수,752682434.0,398.0,부사령관,133268229.0,755.0,21ecc9d162b6976e6874812bd89db38e
느낌メ,부원수,753402834.0,399.0,부사령관,125390189.0,939.0,0d6f8e5a184ac089ce34bf48f3003c38
XRP,부원수,753284699.0,400.0,부사령관,172842935.0,277.0,c86960708b3cfcbfef81b0620a013753
lIIIIIIIlI,부원수,750778142.0,398.0,특급대장,41139416.0,18161.0,98415bb884faa7fc2858cfa84886f0df
rhshl,부원수,750838009.0,402.0,부사령관,142869043.0,594.0,8dfdfbefaee6a09dffe9450d037278e8
유환,부원수,750087682.0,390.0,특급대장,56011465.0,6661.0,32ec9fa271c7a520e296dcd797ab5eeb
명욱,부원수,750932305.0,404.0,특급대장,88017364.0,2228.0,e437dc6081c673df101bfb2ef1265a33
애쉬,부원수,750141284.0,405.0,특급대장,68290986.0,4678.0,59b07f21113db19afff601f1bd24bb4d
은별,부원수,749722138.0,406.0,특급대장,79124877.0,2970.0,38541b3bbc59a53af3339e84e2312dda
자고갈래,부원수,749061296.0,410.0,특급대장,57882192.0,7650.0,e7f3d3cb8427626f3e983665e28c33ff
팽하,부원수,749497619.0,409.0,특급대장,87253348.0,2272.0,c7abe05310ed565ee8c74b417416ea51
도아,부원수,748673186.0,410.0,특급대장,58235797.0,7473.0,8e58ae8e743fdd1be3c4aa49959503bd
강준상,부원수,748657366.0,411.0,부사령관,123053895.0,976.0,dd68a8d4c783ce05fc92057d53af4f9b
Melina,부원수,748319651.0,412.0,특급대장,78725559.0,3017.0,a1f11bafc78171b7d2a216de6150e47b
떡갈비,부원수,747695207.0,411.0,특급대장,108542360.0,1236.0,f920c51fcb7ecc8b120d554b4a5f9923
쥬얼리,부원수,747937269.0,414.0,특급대장,68543696.0,4562.0,7d05df80fdadf9898a261510704664ba
CSI,부원수,751659271.0,407.0,부사령관,135027229.0,769.0,cb48f1c74757213dbe23fc643c1d0be3
시웅,부원수,747083614.0,416.0,특급대장,110322234.0,1221.0,540000743f96e893dc467965c9b95d72
삥밍,부원수,747060865.0,417.0,특급대장,66161483.0,5051.0,f8f98fcb83b87b08b56c4d113a8456ba
아지,부원수,748730342.0,418.0,부사령관,177216773.0,243.0,a78800746a3fdb23e46ea90423516adc
Love，Fear,부원수,746617060.0,419.0,특급소장,13624543.0,134180.0,67ec1445c0b712067c75ff994702b533
포뇨,부원수,746395933.0,420.0,특급대장,111360747.0,1196.0,89078f1bbb3a60bfee94c6e621989379
서든러#000814997,부원수,746325793.0,337.0,특공소령 2호봉,3392024.0,284860.0,0b3c531f07dbcf15100e4b9d0dff5a8e
우리개는물어요!!,부원수,746318090.0,422.0,특급중장,17328405.0,101118.0,3151975af5744631a41901c96ab7e189
봄이님,부원수,747501375.0,423.0,부사령관,150964444.0,511.0,a0a3b0f9e45f8fb84798a40f1290ca6b
♡균이,부원수,745367717.0,424.0,특급대장,100841558.0,1542.0,cab8ee42b8c50ad8f460d5675489caa8
세징야,부원수,744937204.0,425.0,특급대장,62405336.0,6046.0,495695c5186471ba0636d8c3e6278d4d
Ly.모모,부원수,744745497.0,427.0,특급대장,74367871.0,3550.0,1cf448a29585aa7b2a4cd3d389a50af0
럭비,부원수,739652524.0,439.0,부사령관,132850439.0,692.0,42f4fd9548b009767dab36495c8d75b8
방귀대장뿡쁑이,부원수,744115210.0,430.0,특급대장,44928041.0,15856.0,aca1ff1b37b1fe852ea2782c424ef2cc
주기후,부원수,743434389.0,388.0,특급대장,33449786.0,22013.0,5b587064099e9c92d1d2b1b73f92fa8e
llIII,부원수,744055485.0,431.0,부사령관,146630076.0,545.0,b46d3e07cac4798c5bbf7853d794e3da
원포인트천사,부원수,742875334.0,411.0,특공소령 1호봉,3106904.0,366029.0,6013b18cbe747226982a104a6b5fbe0c
lluvia,부원수,743140871.0,433.0,특급대장,89154382.0,2119.0,d23fe1632f3f21fee4c632bf3739c501
kkk`x,부원수,742039726.0,435.0,특급대장,42243591.0,17977.0,68f96715bc9e2320d83eb33d48b3bf1b
마에스트로,부원수,742015475.0,438.0,특급대장,90613566.0,2043.0,dd887e6b3b0469d264797b4b49af34fe
HolyMoly~~,부원수,741573191.0,438.0,특급대장,61755859.0,6389.0,74d5bc3607a6b9b9ba8b06cbbd28222f
한샘,부원수,741616918.0,439.0,부사령관,131395603.0,804.0,adda23744c9d4f133aab21426a1ef9ee
힌,부원수,742809952.0,435.0,부사령관,177359138.0,240.0,a8b730d005d5417fb5905504bf4aef0f
나이프,부원수,738825361.0,442.0,부사령관,166305163.0,311.0,bfe219d139e6cbccb92905d99b8ded8d
신디,부원수,738462188.0,443.0,특급대장,42650540.0,17649.0,4eaa7db077f085c49e230ba22f230837
형릉이,부원수,737651423.0,444.0,특급대장,63970486.0,5734.0,9f2d24ab630bdf5b4dafc148bd13cc39
달민훈,부원수,736821056.0,445.0,특급대장,116881012.0,1080.0,c0c4e6388a7add5e8a171f9fa5890d68
왼삥,부원수,736578340.0,434.0,특급대장,33584563.0,28219.0,10042a44c97f01d174179ea76ed6a6bc
celly,부원수,736975836.0,447.0,특급대장,94057367.0,1843.0,a1346cebd83fcc934ec274a2e91c843a
푸들,부원수,737198238.0,445.0,특급대장,71469913.0,4063.0,e2cf2aa4a908a07bad0c8bb84576eee3
혼입,부원수,735195337.0,445.0,특급대장,51528612.0,10056.0,026267d573f2631b2a77202b0d5c6469
사돈,부원수,734867475.0,448.0,특급대장,82987455.0,2431.0,06ff99b3d2e5ece5f7ec458f6b48c996
초대명인,부원수,735315881.0,451.0,부사령관,192545424.0,162.0,4ed792e406b193ce14bff2281d3387f4
베이스볼,부원수,734550588.0,451.0,특급대장,75565372.0,3332.0,7dd215c992f4029e4cc10b36f5d9d72b
zl존파워,부원수,734552935.0,453.0,부사령관,135913292.0,710.0,dddc62da484a1e417b95c9403236df77
grapeee,부원수,733595641.0,454.0,특급대장,31527017.0,34606.0,502bd6a28f44826f3dace4ac09c60af2
IllllIIlI,부원수,733549816.0,456.0,특급대장,21287592.0,76816.0,f759e275f208c68c55a5915cf79a3559
밀워키벅스,부원수,733363518.0,456.0,부사령관,130668503.0,805.0,3cf7b28b5abdb6688f9de5653f994c69
펭마,부원수,733446146.0,457.0,특급대장,71333931.0,4041.0,6e4a4e8883700d65afe24ca42723613d
냥장피,부원수,733462801.0,458.0,특급대장,76899227.0,3252.0,f763ab73e1b8d8a7fb8be880a341675a
ㅈㅈ,부원수,732780901.0,459.0,부사령관,133933182.0,743.0,527b0076d85741b44114ea5939fe7bd0
바람같은,부원수,732239836.0,395.0,특급중장,15287302.0,86168.0,4ae4a57c9ee04fe5246d36c72b940f8a
제환,부원수,732198622.0,462.0,특급대장,106454979.0,1326.0,f334c37e0c7c6f118143a1d7af3ccc25
바보,부원수,731896665.0,460.0,특급대장,90861738.0,1918.0,ee2e7f2743688fc61381dff85de3f337
야인,부원수,731101875.0,463.0,부사령관,143366008.0,583.0,c511d5f4a0a3f79c723f09bb59edaeab
BIack,부원수,732240189.0,464.0,부사령관,156699223.0,422.0,809157a89d859de8c3d41dbb25856620
지빈,부원수,730443392.0,465.0,특급대장,92667765.0,1910.0,9133015a117b0505796f407562676187
신서연,부원수,730223207.0,463.0,특급대장,86591135.0,2194.0,a8184e34117b44e70acd86dc2a32e192
ㅠoㅠ,부원수,729708663.0,467.0,부사령관,125091477.0,881.0,3ce2315d183df77820031321145de21d
ＫＥＮＴ,부원수,729725877.0,468.0,특급대장,25861666.0,52330.0,cc3530f39937b4c12bfcdd4c98ff365e
missA,부원수,728302223.0,467.0,특급대장,31872576.0,32983.0,cad4fbe22ef3c0a144f136fbbf8d5bbc
Magisk,부원수,727503244.0,471.0,특급대장,88746415.0,2186.0,67eace77bd34ca7bc099b51018007dc1
청류,부원수,726593400.0,472.0,특급대장,38900618.0,22142.0,d0f1c9f9611efdd7713d9d7ca6a2103c
지현우,부원수,726071481.0,475.0,특급대장,92718546.0,1964.0,c34952d9578663821e8477aae2615ea2
palry,부원수,726036261.0,474.0,부사령관,129200561.0,845.0,a60bc18c3f8fc18bf2f2c664e9ce4375
로사,부원수,725305229.0,475.0,특급대장,70417714.0,4202.0,2e0cdcd12b08190b72a0e82bb2074e94
무선,부원수,724365658.0,474.0,특급대장,43268990.0,16117.0,bbc5ff91ec1650286bc07b8351246210
오늘예민한날,부원수,724360928.0,477.0,특급소장,14074753.0,129804.0,dd90338a9aa440cb59fa161c82bc95fc
Lexus,부원수,723933380.0,479.0,부사령관,170008483.0,290.0,396e17a699fb90fd735db12dee9d878d
다로,부원수,723674720.0,473.0,특급대장,79907901.0,2529.0,b82c698299929d817ddf3cec11c9f4ea
봉구,부원수,723674001.0,481.0,특급대장,98284716.0,1611.0,7c22577fe574631a09841def0bf2594d
myrose,부원수,723926494.0,480.0,특급대장,42642103.0,17775.0,0907186c545595489102a1612a8833a4
ruv,부원수,722948786.0,483.0,특급대장,97151332.0,1661.0,7c34db75cf3687c4796b1188029b1105
아재섭섭해~,부원수,723201840.0,484.0,부사령관,138495999.0,655.0,c43a357091d510640782af11cfe390e6
효빵,부원수,723118734.0,485.0,특급대장,59428592.0,7130.0,87fbf16442eb0fc1013e211011e59337
찐상,부원수,722422742.0,287.0,특정중사 4호봉,454106.0,397868.0,4a5d548b87e3ec942a3050327a524e19
슛슛,부원수,721942743.0,482.0,특급대장,32331700.0,31958.0,955d17c31e06ca578cdcd27fbaf4d404
막고,부원수,722688688.0,486.0,부사령관,125880166.0,921.0,f268d422def1300c344d38d5c7dd92c4
렁뚜,부원수,721694101.0,490.0,특급대장,67173751.0,4894.0,56cfeec2f18746698562b416fb147089
SOOP:뀨우♥,부원수,720976986.0,491.0,특급대장,102467309.0,1453.0,379939017e20de784bd7ccfc35516cf0
CindereIIaMan,부원수,720592063.0,340.0,특급중장,17800940.0,17627.0,a9280fd928de269ade81e1add5761d7e
siseulu,부원수,720581372.0,485.0,특급대장,43926586.0,15372.0,3044542e736279f9f8528527a0124d9f
브라,부원수,720689491.0,494.0,부사령관,160751897.0,374.0,1a963170a056f4d0af3902ba540a9f5a
보다,부원수,718336197.0,496.0,사령관,225275039.0,95.0,0b618f91e7189d9e6a2f763ae1e7860c
챔필,부원수,717492180.0,497.0,특급대장,62259672.0,6074.0,0c464b65c0988d247d09d2f94a45890c
운명,부원수,717842886.0,497.0,사령관,278945313.0,25.0,18009d6772a34b26ab65b5c3dff5fdf7
맹이,부원수,717225544.0,499.0,특급대장,29032325.0,41869.0,ce9439ca59ebe33bfa52c53cd02968c1
케챂,부원수,717007125.0,500.0,부사령관,174347712.0,254.0,729bbf6aa98a09b60f974707710b76fd
아레스,부원수,716140638.0,503.0,특급대장,47997314.0,12867.0,2cea2fabb79ee499c0c1751d5aa02de1
복귀.유저,부원수,717097369.0,505.0,특급대장,103102172.0,1483.0,92ca6756f34450f84215c32363044a37
찍찍,부원수,716110713.0,506.0,특급대장,97136222.0,1726.0,e792330af7df69124dbe45a80df29b2d
싸부,부원수,714044667.0,388.0,특공소령 3호봉,3791607.0,274173.0,df5af515e27b615494d6693e56b0ed63
dszg5m80,부원수,714012617.0,485.0,특급대장,53101242.0,7137.0,8ef98852f8218ba377f605e1714cf3b5
코코5,부원수,712656122.0,464.0,특급대장,36987495.0,14503.0,4953b157d3f0a4cb029188c515451771
룽,부원수,714112809.0,509.0,특급대장,61744403.0,6570.0,5205b1df5bdc5777e521fb333df2213e
테디,부원수,712118486.0,511.0,부사령관,153010196.0,443.0,cc8f1c7ddca740b2130d0b75ed5116d4
붠수,부원수,711207582.0,488.0,특임소위 5호봉,1376370.0,526655.0,c549402aaa799801784cb89feaabf3d2
블랙야크13,부원수,712194255.0,513.0,부사령관,131884754.0,800.0,dcd8c06d9286620d37ac7bde2c056704
성빈,부원수,712129250.0,513.0,부사령관,180165841.0,230.0,cb5f1cfe33a48281ad3b2c0284c4ed61
영인핑,부원수,711380298.0,515.0,특급대장,110564712.0,1225.0,501a248233a2f67803af126dbddde632
숨다,부원수,710616551.0,517.0,부사령관,128158852.0,867.0,d86834be8fd750a1de8197706a354655
당근,부원수,710442313.0,517.0,특급대장,104199940.0,1385.0,699f08dd9d661e0adfc2c3d6fbefb01c
ㅎ43ㅎ3443,부원수,711079166.0,516.0,사령관,266461460.0,36.0,08a0f75e671805b8d78b8662e46681c0
룡,부원수,709278128.0,519.0,특급대장,45984475.0,14438.0,a97b902fb4df840c106018b28005c6c1
버스,부원수,708916282.0,512.0,부사령관,148732445.0,410.0,0a84e557e15a9426fe9f3bbffa0ef2b9
ah,중장,115345910.0,101836.0,특급대장,26611167.0,49432.0,1f86bfafdf027296c104b7d985d14e71
러닝제로,부원수,708284828.0,516.0,특급중장,17103916.0,101759.0,f1d419c22f9c81e4f4ab821cd31884d8
가사,부원수,708988650.0,523.0,특급대장,91105342.0,2055.0,cffd6904b3ef10b6e0353fcef1750689
하니'^',부원수,708638596.0,525.0,특급대장,119330667.0,1059.0,08d4d1fa0dcc4a7dddfb57728bfeb2ae
IIIIllIlllIl,부원수,707453820.0,525.0,특급대장,31500204.0,35540.0,9916598ae81bbbad03cb91129b06d217
필터,부원수,707921945.0,526.0,부사령관,125425738.0,931.0,6aa748988f666571d9af07c17941cd25
Ol슬,부원수,705924326.0,524.0,특급대장,102148179.0,1416.0,b4775c8c1dd198d8a35b471a6d22f13d
힝힝,부원수,706984520.0,515.0,특공소령 5호봉,4126034.0,322552.0,d1d1fb6bb1f68bf8f4948a355b5ffaa9
˙_˙,부원수,707287942.0,528.0,부사령관,169530370.0,297.0,161197812850b4480adda8e1e5c22750
상사,부원수,706124628.0,530.0,특급대장,95109024.0,1780.0,62c861aa5601c86000d135dcf7c1862f
퀘샤매화♡,부원수,705928166.0,531.0,특급대장,20139514.0,80572.0,36c46d331d65cce5429e27aa4944c5ee
동영배,부원수,705679947.0,532.0,특급중장,15053044.0,119338.0,2cb4fc63b93d15eebc07245eca4e8c81
용아,부원수,705460679.0,533.0,부사령관,126907139.0,891.0,93ff1b46406cf53dd8d596f65947a120
redrain,부원수,704761329.0,527.0,특급중장,19192437.0,84331.0,6bef44f445384fb289ad44abc92a1f1a
욱이,부원수,703717779.0,535.0,특급대장,62157498.0,6096.0,8e0e5a88ae6189345ff50ee07fe90b8f
강동희,부원수,704270264.0,536.0,부사령관,163720028.0,343.0,a798cc38ba7b3f6d01659ab9ba803deb
술팽,부원수,703213094.0,537.0,특급대장,90127006.0,2049.0,a7b83e25e1ceb0b44c036bad7be1abae
포챠펭,부원수,705000002.0,538.0,부사령관,127403341.0,912.0,ae9d6c9016f2af4d632113487414ef56
펀맨,부원수,702512097.0,534.0,부사령관,120181188.0,963.0,c1bdf79dbe9e3a64f437f0ffa917d5a1
쫑쫑7,부원수,703309196.0,540.0,특급대장,120376461.0,1040.0,22780fd8fb59381e0600fb375ae87767
김애봉,부원수,702363442.0,543.0,특급대장,83755817.0,2581.0,48889886f501c39df6bed8b8989f1d26
모기슨냐,부원수,703091915.0,542.0,특급대장,104078943.0,1421.0,4236821c928469ae19441ace071dbbbe
향안,부원수,702207188.0,527.0,특공중령 5호봉,6525416.0,240949.0,44bb2d0de3d2979a8af871f8734b091c
펭킹,부원수,703835620.0,544.0,특급대장,80760584.0,2946.0,ebbdb29332dd1412c0e0fe007ec9ada5
민승규,부원수,703459614.0,545.0,특급대장,106854565.0,1353.0,770d7f9d5847e2d8ecedd0f043108ad6
종혁,부원수,701486668.0,546.0,특급대장,47878557.0,13046.0,c27d1893afdebbde336433b9b1b46638
짭구,부원수,702239200.0,551.0,부사령관,124957427.0,965.0,cea4a7c89a31eb7858193e4ff075fd9e
삼백원♥,부원수,700448573.0,549.0,특급대장,33580532.0,30988.0,89854a41147b30e24291ff44e007823b
욥,부원수,700421369.0,549.0,부사령관,177903229.0,234.0,9236cae9ed7baa27ffa325e9db967f68
배유빈,부원수,699238580.0,552.0,특급대장,75920990.0,3363.0,7b7da41a193dcd80f799beb559c1fbad
화약통,부원수,699119604.0,553.0,특급대장,73022961.0,3815.0,181a42151308c7acd449d72395ec4dab
섹끈,부원수,699617769.0,552.0,특급대장,101912886.0,1550.0,c02fe29e9d4252356b1afcdd6cfc7af3
래쉬,부원수,697877658.0,539.0,특급대장,88204273.0,1856.0,d66a27fa856062aad4832b967246180f
@@@@@@@@@@@@@@@@,부원수,697245602.0,517.0,특급대장,55480157.0,5300.0,94090c9f956327d34ec48689b133234c
스피커,부원수,697311295.0,555.0,특급대장,108786481.0,1254.0,52ff4f416bdbe30d7f88364e11ebbaee
달모,부원수,696973247.0,557.0,부사령관,148196917.0,519.0,64317f36e65e68577286e09bfbab022b
˛(｀¸.˛´)¸,부원수,695916274.0,561.0,특급대장,110636749.0,1220.0,c840493a42e0e9a57b6d82ccee9c8af4
빈,부원수,696108472.0,559.0,특급대장,92937766.0,1944.0,c31ff64f873a966d228a110d3280de3b
개미,부원수,695196487.0,560.0,특급대장,56317472.0,8267.0,15cf22393280cc9c3650ad74bdd92b59
아이꽁,부원수,695555986.0,564.0,부사령관,133287491.0,776.0,61d574ac8c25243e5d4b840f4ea982e9
탁동경,부원수,694879228.0,562.0,특급대장,58173484.0,7465.0,7dfb0592d0e22dad80c64662ee1fc059
승열,부원수,694682456.0,543.0,특급대장,57051574.0,6556.0,25f7fb7e5362200a33bc5d1d56cc95cf
onetop,부원수,695566650.0,564.0,특급대장,62248380.0,6344.0,052fe11aaad542264f5d569ef90ecc0e
의별,부원수,693712203.0,565.0,특급대장,72159611.0,3760.0,902ca6c817f436a3b76329976af98638
이긴게언제지,부원수,704802099.0,567.0,특급대장,28489330.0,100854.0,4026da40f0a74220556f3e1c4b2f5035
taein.lpz,부원수,693566910.0,568.0,특급대장,40020522.0,20566.0,2aa255cd2049dfc4a2e9f7e5b3177ab0
사위,부원수,693296599.0,569.0,특급대장,22076063.0,68902.0,2f8f42ef66aad8c17f96dee12590b3eb
깡미,부원수,694278981.0,570.0,특급대장,86729565.0,2340.0,3b7e10dc8b96497c6f7e240d08e683cd
인간문아재,부원수,694340328.0,572.0,특급대장,96366613.0,1762.0,2003571051f8469837c21fcae33ed70c
로이스☆,부원수,693568444.0,572.0,특급대장,113555955.0,1164.0,e9334b3e3c6bc36a4f5e816925c3a5f6
아영,부원수,692979041.0,573.0,특급대장,62512070.0,6077.0,90aacee187255d1f880229e3d84afc97
이셔리,부원수,692396800.0,554.0,특급대장,38479839.0,19512.0,0f2fa2066c86d878c3806b31c341ba1a
후훗:D,부원수,697841446.0,577.0,특급대장,112208746.0,1317.0,174594ae32565532a673316987e3912d
핑연지,부원수,692101170.0,577.0,특급대장,56334539.0,8359.0,d4d4e66658a6d69bd6aceea5ec4dae8f
대통령이재.명,부원수,690784623.0,582.0,특급대장,22562548.0,66562.0,7624a2ab8c2440cce7e47331b255eb27
젤귀,부원수,691318785.0,581.0,특급대장,98012868.0,1652.0,629692c9ced0f80d1edb22bd672dde44
바세린,부원수,692323912.0,581.0,부사령관,167074202.0,319.0,5d59d0042f95012392c460b41178e47b
나무,부원수,689797879.0,581.0,특급대장,28471080.0,43224.0,22723031d7abf482be8f1796c1fed155
이진,부원수,688728596.0,588.0,특급준장,10848840.0,168523.0,ec9a069ad9c0083071c7b5ef77555af0
IOPE,부원수,691079575.0,587.0,부사령관,151965096.0,487.0,18b82460acd3c585ea08a0aedeb2e859
별양,부원수,688087426.0,587.0,특급대장,47153543.0,13457.0,2243a0edb31661f2d3eeeb26807e5858
서재,부원수,690152462.0,589.0,부사령관,157654441.0,416.0,3259f682b743c43eadd002cc59d319e1
§오윤희§,부원수,687430847.0,590.0,특급대장,105126395.0,1366.0,42e4d5ed3d8c26f525f3882d81d91c36
소녀,부원수,687046445.0,591.0,부사령관,127278181.0,878.0,33823c8b89e147c673f7f43ed7b938db
돌핀,부원수,686858537.0,592.0,특급대장,108078174.0,1267.0,91f6fadf7d829159b66f71ec086dcb1b
잘건데어딜만져,부원수,686768446.0,593.0,특급대장,34023980.0,30133.0,26c7604e2110c9df8eb225884ae6eeeb
박민정,부원수,686692273.0,594.0,특급대장,76556985.0,3288.0,224a28a725adb83ef3476cf0c2e60a8b
루몽2,부원수,685838502.0,593.0,특공중령 4호봉,6111816.0,259198.0,49d8fbbd3300cac8f2b7882b630ef12c
쵸비,부원수,686149184.0,597.0,특급대장,60491039.0,6671.0,a3f727f36af962e37125cecb8b15d3f7
퓨즈티,부원수,686537079.0,599.0,특급대장,78815203.0,3121.0,32c57f3592f8d23a5c36c3f4f8a426ba
꼬순내,부원수,685343465.0,601.0,특급대장,75680707.0,3389.0,189715c17b7127128b68cfef6d58ed25
이잉,부원수,685844556.0,601.0,특급대장,83837699.0,2549.0,dee4b36723de263384d12d674f26816e
여름,부원수,684505069.0,558.0,특급준장,11853802.0,133766.0,2bbd26f17484b842f81ecd3cca9a569e
성서,부원수,684458302.0,568.0,특공중령 1호봉,4847034.0,290169.0,d003b66f2ebc1ede22ed2aa71ccf9561
은지,부원수,685176948.0,602.0,사령관,280059752.0,24.0,353a0da4d2a5391b2adcb92047a44b8a
Tteokbokkiman,부원수,683194803.0,605.0,특급대장,80300441.0,2728.0,65c870e0e3af830f888d3dd360e0b84c
엘깜,부원수,683661629.0,606.0,특급대장,111295370.0,1210.0,428d779d03183ed234ec99c9b55224e3
dandy,부원수,682960248.0,608.0,특급대장,90019257.0,2060.0,49f468466f91dc59a234cfddcb133636
서든러_25813761,부원수,,,특급대장,,,db68d553f372ed4e463c9e70db24a5af
조병현,부원수,681313999.0,560.0,특공중령 4호봉,5825015.0,231541.0,fea84497bacb22821f3802de6976dcf5
둠스,부원수,680976618.0,611.0,특급대장,45552236.0,14913.0,1072209b94f7238f673b9e2ab24673b7
ㅈㅎㅋㅋ,부원수,680937782.0,613.0,부사령관,170812097.0,282.0,eb71034d115ad4cf7cfe0a29ae5943fc
뭄뭉,부원수,680005231.0,611.0,특급준장,11143702.0,162554.0,2728682f9f4fee06a87d9c956efbc803
비버,부원수,679965738.0,615.0,사령관,235309491.0,75.0,4a4a84b697bde5553aa923ae9d13fe84
미뭉,부원수,679034950.0,617.0,특급대장,61392102.0,6383.0,b4b2a731adb78dc528689edddf9fdaa0
고슴,부원수,678678885.0,618.0,특급중장,16753693.0,104459.0,84357c0241e6736903e4e422aa3a08d9
립,부원수,678438283.0,619.0,특급대장,63865722.0,5715.0,f3ceb1dd00fb8402047598792ad1f8ae
서든러#000851961,부원수,678009496.0,621.0,부사령관,142458553.0,596.0,dbb344cef056b5dc5c8c3313a416284f
뱀,부원수,677356962.0,621.0,부사령관,188235262.0,178.0,fa6c9626709c389c9bfb3ce357cacdc8
xeta,부원수,677270696.0,623.0,특급대장,88808070.0,2119.0,9e551ce788f54fb43fbdf88551f83434
순별,부원수,676870179.0,624.0,특급대장,51919563.0,10235.0,a4efc1d7c6a4e4d3cfd02ba364326180
Yelp,부원수,679320386.0,616.0,사령관,242270775.0,64.0,5ef03db5557aed94826792a515809b6a
코스모스,부원수,676766641.0,626.0,특급대장,66952191.0,4910.0,edd1adea6cd980f8b4db0ab376634bbf
우주별,부원수,676199425.0,611.0,특급준장,11830922.0,145358.0,ec315b6080878b5b395f7ef83a4a1137
조끼`sy,부원수,676002358.0,628.0,특급대장,113298318.0,1139.0,9a72823fcda0dcd310edacbe70c9b3a7
손수정,부원수,676198438.0,629.0,특급대장,83681916.0,2540.0,4c70141f1afa1b15f57d31776c92d081
핸섬,부원수,675560008.0,617.0,특급대장,37896386.0,20579.0,4ae726138aaf035bb1003aa4a4aad770
수민z,부원수,675514594.0,632.0,특급대장,38914380.0,22105.0,e2eb47d5f66b072b1577a41df888bdcd
이혁이,부원수,674808004.0,631.0,특급대장,82461945.0,2583.0,7b3d8c4ccd7b7fd805dfd4025dac9011
채아ˇ,부원수,675037710.0,633.0,특급대장,37477329.0,24607.0,db4c8d1a10c670a71db558bac80cefe3
레이,부원수,675659561.0,634.0,부사령관,136464715.0,702.0,aacf07455d3db27a0710a9708660e2b1
열정귀요미,부원수,674049211.0,634.0,부사령관,150210962.0,435.0,d83289d0b1377ab89e77851d623afa6c
dahae,부원수,673795519.0,618.0,특급대장,50816207.0,8716.0,a659d4dbccdde252737f47ace9ec6a80
럽젤,부원수,673787510.0,565.0,특급준장,10375581.0,135997.0,e08d243f31102b6c2a11b95c73adc75b
라이프,부원수,673430202.0,639.0,부사령관,166555314.0,307.0,a6d6d9d1c5aa55cc4480999d59727c59
판매가,부원수,674815554.0,635.0,부사령관,140824684.0,634.0,9efb03e5670aa6ea770a4711c550ecea
이새은,부원수,673320002.0,641.0,특급대장,78580779.0,3016.0,d97ea64f5a3db50f3a158328edf935f4
터프덩어리,부원수,673199404.0,642.0,특급대장,58018606.0,7518.0,233f05bdfae2a84501b24ef4190e9a22
춘식0l,부원수,674385249.0,643.0,특급대장,93954780.0,1905.0,0860fd93bc89f27f85fdbb0b16a5e5e7
Lovely,부원수,674226200.0,644.0,부사령관,154769170.0,436.0,072528911ea01b8aecda399a3c01d6b3
잔인한실각,부원수,673478498.0,646.0,특급대장,71584518.0,4104.0,ea2566150af0cea235f705d65534e728
뽀글e,부원수,672881765.0,646.0,특급대장,63605922.0,5681.0,cce4bd09f2f002733be7805a290e0467
로망,부원수,672950280.0,648.0,특급대장,115298535.0,1120.0,4a5c51f0ac7e87353e32480e3b7e3978
血痕,부원수,673513421.0,648.0,특급대장,96905126.0,1717.0,d9b901750bb7ab4677d572dd4fa4b42a
샥,부원수,672562948.0,649.0,특급대장,67618101.0,4763.0,a0550867b2f608ea37f0d90d347cc49c
모끼채,부원수,672342854.0,650.0,특급대장,60060173.0,6796.0,85babaf867ee2182e9f4b478b56e644a
조성,부원수,671126720.0,653.0,특급대장,61825569.0,6282.0,16d4000a05692bd60ca8526d748c125a
제코,부원수,670952824.0,653.0,부사령관,149420004.0,489.0,b873fa0320ea3a7f1c0ffd63c41e4be1
에보찢은서연,부원수,670552843.0,654.0,특급대장,52144621.0,10224.0,b1d603cca3a06d4243c4c3885c72eef5
업비트,부원수,670283834.0,653.0,특공대령 4호봉,9104690.0,194250.0,2d4c89ea7c33148bc2b35a1a80c8c935
동안,부원수,669818380.0,658.0,특급대장,37515053.0,24084.0,d05e65891057cd6d6284fe55c77a5b10
양,부원수,669258727.0,655.0,특급대장,72765084.0,3663.0,34e0803733bcaaec5301ac21e33519c4
미현,부원수,670876862.0,654.0,부사령관,182461783.0,216.0,8afe554b304027f85fc6fd9adc0b3d90
krad,부원수,669102954.0,619.0,사령관,255801000.0,19.0,691d6e3cd21f9658b5bfa9a7034e1239
IllllII☆,부원수,671009557.0,656.0,부사령관,156795958.0,419.0,ed9394aa1593c5fbc16f81e49ff9a18a
팥들었슈™,부원수,668907936.0,661.0,특급대장,85398088.0,2373.0,ff553d41736f8cd4ac40adcea1e066ed
서태준,부원수,668876546.0,662.0,특급대장,60450158.0,6652.0,58cec55e83fa831f7d6a6a816242b667
롬,부원수,668219162.0,663.0,부사령관,156035041.0,409.0,fc8b04c1aa6718449cadf5d1389c586b
튼,부원수,668417887.0,664.0,부사령관,132817053.0,762.0,b38225ca78766077c1b59531d6fd3af2
헉,부원수,668096272.0,665.0,특급대장,59794717.0,6942.0,048da2db33a1b56e12487f5c47a7f1fd
제닉,부원수,667689136.0,652.0,특공중령 5호봉,6860547.0,239103.0,c8a1a4f33d25f81eadb2ce0b9a8fc8ad
송,부원수,667676388.0,667.0,특급대장,21387308.0,73124.0,04460007eebc9875691785b39010be7f
김로기,부원수,667475769.0,669.0,특급대장,67802837.0,4736.0,fee4da8dfda5ea8382ed70af8a0daddc
윤사뿐,부원수,667280615.0,653.0,특공중령 5호봉,6828697.0,234978.0,2f49ce22e0c90b2cc7dfe9785bd3f3bb
unIove,부원수,666785751.0,645.0,특공대령 3호봉,8397183.0,195345.0,bc9bd30de535c8c7f2cd74081448d1d5
미관,부원수,666751391.0,681.0,특급대장,110917078.0,1212.0,94af27aa83c61cb6057d962d80a26ec2
서든러#000948671,부원수,666671976.0,672.0,특급대장,32706440.0,32484.0,0352c6a768014a8e822fc3a2ac585319
무인,부원수,667707545.0,673.0,부사령관,130055285.0,840.0,ff5f71ebcc76a0023e80876aee9ed180
닭강정,부원수,666312943.0,674.0,특급대장,48386397.0,12594.0,25a88ba1f53491b509c175ebe6af0c19
호잉,부원수,666123720.0,679.0,부사령관,163116430.0,328.0,e84846846074d3bbeb45a0baa10dc463
뚠땡이,부원수,666069882.0,679.0,특급대장,49970325.0,11696.0,4dda57dbe645890347feb57dc86dc4e6
Strawberry+,부원수,665816190.0,676.0,특급대장,29350249.0,40482.0,947a2b9f2b14c33d52b93331a348db13
호스트,부원수,667495517.0,674.0,부사령관,198479986.0,155.0,dd7604c9123d076e9d1fc7617bf16838
찰나,부원수,666478463.0,680.0,부사령관,127658094.0,889.0,f4d3629a13a469c9cc50d3b48e6e579f
블랙카이트,부원수,664953127.0,683.0,특급대장,32123144.0,34018.0,46aff34bc820e464f7abee5fa89e30df
수창,부원수,666393298.0,684.0,특급대장,86930188.0,2384.0,61d3ef633109b47d4e8fe1762ea440ac
엠빠,부원수,666321178.0,683.0,특급대장,89880819.0,2128.0,6258b1f20213096112679f2257f52cbb
렬이,부원수,666240430.0,682.0,특급대장,57327926.0,8201.0,b5df85dcb741d84670dc2ca6360b1b44
진일,부원수,664815775.0,685.0,특급대장,28934724.0,42622.0,6d13f7344d5aee653d4f623344c801ec
원포,부원수,663975225.0,684.0,특급대장,78403637.0,2982.0,278ba95b2addabb9edcc277def8a96be
chronic,부원수,663925793.0,687.0,특급대장,66956114.0,4911.0,ce1a5c6fe0216202f940be27daf5a1cf
Dark,부원수,662566450.0,645.0,특급중장,19345672.0,73870.0,25ff9051570c40213ef3e6452f4134f9
구링,부원수,662453503.0,684.0,특급대장,87112183.0,2111.0,3f98539e614873797102e754873b881b
라푼젤라이,부원수,661067688.0,690.0,특급대장,43565536.0,16571.0,f490ba66535ff10f1c2d87a0c7c3d9cb
뒤뚱,부원수,661347438.0,691.0,특급대장,79060570.0,3004.0,4253443af73006999fdee1a0bee00f2d
우도리,부원수,661074478.0,692.0,특급대장,65707190.0,5431.0,07b7a8900f1bf2754fbdfebc0ee88c5c
츄엥,부원수,662561813.0,694.0,부사령관,127885117.0,915.0,b9b659592387b4720333f1232376ab43
아린,부원수,660148917.0,694.0,부사령관,122270837.0,994.0,73ff95ff65289cdefab1d2fd698df089
찬슨,부원수,659571862.0,695.0,특급대장,107100841.0,1296.0,2935eedaca3f5d6453fd894e08be838e
게임,부원수,659244136.0,699.0,특급대장,102079167.0,1485.0,94ae30ffbed3f35fb0bfb579643e573b
flare,부원수,659880613.0,697.0,부사령관,175038520.0,256.0,d6cf12119bcd66714c95922f560ae8dc
슉년,부원수,659600182.0,698.0,부사령관,141464639.0,624.0,48bec16f5cc92d9a112748fe35175b53
토팅,부원수,660986649.0,699.0,부사령관,147117876.0,556.0,7005a72ff3cebf6121de204b4ddf42af
엔드,부원수,659723466.0,700.0,부사령관,174250420.0,264.0,b1c090d0493f9e708e4796f05c2738f8
레이즈,부원수,658634148.0,676.0,특급대장,25808415.0,47710.0,f37d765295f9ebb1611fcbb19962327f
333112,부원수,658678773.0,702.0,특급대장,33176550.0,31904.0,0ca2a4083631691d9d35f6737a322ffd
새콤이,부원수,658326753.0,699.0,특급대장,33679062.0,30868.0,5e9587056cd610d14facddd0d83ee712
퀡퉯췗풻휇뤫웳뭷,부원수,658318206.0,704.0,특급대장,38292119.0,24023.0,81d427e54d953e876dc844269d61f060
하릿,부원수,657596064.0,448.0,특급대장,72562740.0,10749.0,f694d0a11957bc99731e13907764f5e2
하영이,부원수,657359544.0,707.0,부사령관,143697750.0,575.0,562fdd34b4014e932cf7998b412425e3
sxsx,부원수,656777477.0,748.0,특급대장,41942475.0,27820.0,d0a41382c7748a6d96f7505a6686f053
cute,부원수,656255322.0,711.0,특급대장,57008566.0,7989.0,9ad5409135350024094186327d717d26
SC2..윤성훈,부원수,656084704.0,712.0,특급대장,108129598.0,1276.0,a2aa414694cc9a3198d5d6183609ded8
울산☆,부원수,656893102.0,712.0,특급대장,46298540.0,15050.0,c35525f08ec5c2af9e1ab4d9233e02de
초대신비,부원수,655489879.0,711.0,특급대장,34295343.0,30581.0,88512eae6b2b9af0c1c53303ad00812c
下,부원수,655446037.0,714.0,특급대장,58592764.0,7322.0,5f9e8b0578c0650dcfb1386023b14c8d
아랑설이,부원수,656348002.0,718.0,특급대장,69557831.0,4535.0,81e2652b7a0bb9151b2cd5db442229fa
나때릴거야?,부원수,655167755.0,688.0,부사령관,130338108.0,568.0,e84af445c033ae2b4c68cff984e3e951
채히,부원수,655092664.0,721.0,특급대장,70609489.0,4171.0,26d301c6fc02d9a22c2ab6269c399a97
공주는숏만봥,부원수,657186610.0,722.0,부사령관,172669770.0,286.0,dd05440e0b1e6605a136d187812e7318
용건,부원수,656326287.0,716.0,부사령관,176674975.0,248.0,061e4c00117da1d0bc28ac3d3a583959
¶┩,부원수,654789734.0,722.0,특급대장,63006217.0,5889.0,394a4b8701baef2a4e023613fb309b96
로키♡,부원수,654756169.0,723.0,특급대장,111905414.0,1182.0,60cab1d8cc4a48184ad854a3fd878a2a
본주,부원수,,,부사령관,,,90d0fa0eef2ecd494de03b3288fa7e0e
KARINA·,부원수,654722709.0,725.0,특급대장,82301825.0,2677.0,957e39aaf2d8667291b2852287add228
ChoiYeNa,부원수,654183838.0,726.0,특급준장,11488609.0,159499.0,54f98e074e8b2230fc9db61965d93176
잔정,부원수,654371793.0,727.0,특급대장,87012342.0,2254.0,ef335cbb91a04867d33af5039cf98e97
shirley,부원수,653986868.0,728.0,특급대장,77904723.0,3091.0,609978bf310642b749cf0b011879e2e9
hosino,부원수,654409727.0,729.0,부사령관,155565899.0,421.0,ee7db77dc862a88e06ff86728bd9737c
키자루,부원수,653695362.0,711.0,특급대장,68204382.0,4145.0,f90470ae8e245f7ddd1bc9eb5ce8d7dc
YeIIow,부원수,654315072.0,731.0,부사령관,131051381.0,811.0,080a2ecb557c6b24992a9f62b3ca8446
김솔라,부원수,653475634.0,707.0,특급준장,10781514.0,163426.0,1833098c36962cfe60d9f85a0745708d
쮜,부원수,654792481.0,733.0,부사령관,165647873.0,324.0,a88af2be65e0ba8b2b601a6c7c28f6fa
투덜,부원수,653198473.0,545.0,특급소장,12988505.0,47237.0,ff6fb5fa190b6b408a46be54c37f2627
Leave:),부원수,653125576.0,727.0,특공소령 5호봉,4145974.0,332483.0,063536b196ffc04e1d2beabec0dfe894
SC1..안현수,부원수,652527686.0,736.0,특급대장,69154733.0,4400.0,7da3d43e89e91fccfa92694041daf1f9
하젤,부원수,652359709.0,728.0,특급대장,78084421.0,2947.0,eaba7b4fce4e637d3c7f1e72e52ead01
가상,부원수,652574387.0,738.0,특급대장,78074601.0,3112.0,0eeb1a96a02e120cb5660652d6accbdd
Fe,부원수,658765384.0,739.0,부사령관,162429379.0,415.0,ec6b0f70f474323660bc4e816c83ce83
감자제곱미터,부원수,651919971.0,742.0,특급대장,54178096.0,9287.0,fbf2bb19f450161678db557e07f267a9
spanker,부원수,651978378.0,741.0,부사령관,160881866.0,364.0,ff0a3be194396e139d9aaf35f2a53c48
껀듑,부원수,651238829.0,743.0,특급대장,65096183.0,5299.0,99ac226ac4e9885d7ded14e477ebe5df
루링,부원수,650827931.0,744.0,부사령관,152890001.0,445.0,2354d5cd6e5c01b2a197525aef874b14
법블꼰대,부원수,651011495.0,745.0,특급대장,113304339.0,1156.0,6c979b69b0201030c178c6cada8ad70c
씅언ㄴ,부원수,651125534.0,746.0,부사령관,151682992.0,463.0,d2881d87c396594f3b415ab7bc484b23
max。,부원수,650771587.0,747.0,부사령관,142286536.0,597.0,0664fb9951acb88f50431dd59ca84f6f
Lazersniper,부원수,650323171.0,715.0,특급대장,32812769.0,27923.0,109b9d64b1953906391fe111ce7fdece
아로안,부원수,651804153.0,743.0,부사령관,134808914.0,737.0,bd652cdc1d4de03de68670ca62719b51
뻔개,부원수,650238784.0,755.0,특급대장,73176546.0,3770.0,9a6053c3e3bb782c3cbce6124d8c5af4
카레,부원수,650972679.0,752.0,특급대장,42262461.0,18742.0,0ae58240e392aedf81a66bc7928a20c6
[a]..新費,부원수,650494935.0,753.0,특급대장,103524371.0,1428.0,0dd339d73862de3ab11ed39680c7dfc2
meoldy,부원수,650342191.0,754.0,부사령관,134859095.0,728.0,047614dc5507d8d986d6fc4a4e533745
♡하울,부원수,649812291.0,755.0,특급대장,53964577.0,9308.0,aa2bdc208e4200f5e47e658a45ebb6ba
SMOKYDOUBLEBLUE.,부원수,649680513.0,756.0,특급대장,65450393.0,5213.0,0c9a6e4fdf320ffc3e8cb7fda7e4ce59
응ㅇㄱㄹ,부원수,648903819.0,757.0,특급대장,43826035.0,16336.0,eb30b64a5db903a10222cd94e6af6644
주디,부원수,648855176.0,601.0,특정중사 4호봉,439016.0,733286.0,de54a241e3c3fa4544ec473032c471ae
형종,부원수,648496765.0,759.0,특급대장,49174849.0,12115.0,d53de16b99922c976294d61a5631b390
music,부원수,648696470.0,760.0,특급대장,61017769.0,6544.0,c73a22b6f14334fa6ab295360002c2fd
푸딩,부원수,648100942.0,764.0,특급대장,47034208.0,13469.0,dd831c84c5923403c493428fbe972528
아쥐씨,부원수,648361416.0,763.0,특급대장,91409425.0,1987.0,8a75e746de5b443a2819a666741a2810
묘비,부원수,648076476.0,764.0,특급대장,30781956.0,37018.0,da784611a27e752ac2bb69eaecd52097
승욱,부원수,652015710.0,740.0,특급대장,47068005.0,13658.0,04d1fd5419e6e82352ccd480ece65748
김크레이지,부원수,649111653.0,766.0,부사령관,175870041.0,253.0,742bab1bd01f243b4e537ef6c7eddaaf
다르,부원수,647415325.0,767.0,특급대장,118593583.0,1048.0,998ec5ccca58432bd6f7fae53ccd7282
백수인생.,부원수,647767315.0,768.0,특급대장,78026567.0,3133.0,5b806171408c0c03d3c5ea33b9452c2e
cakey,부원수,647373712.0,769.0,특급대장,104165762.0,1390.0,ab957544c77edf2180c2683690d03529
내사람,부원수,648730151.0,770.0,사령관,260614609.0,43.0,3b111174728458ca728f88919f735be2
미린,부원수,648352023.0,771.0,부사령관,139490752.0,660.0,4b98e9279df9cbfa3cd3e4f7d471c1ab
멘토마녀,부원수,648023249.0,769.0,부사령관,139256108.0,647.0,c900fddb6efadc9a6fe1adb5ccdc6bd7
starho,부원수,647266091.0,773.0,특급대장,81718818.0,2732.0,813e99aa1a6bb869047346cf7e716c33
착함,부원수,646717407.0,774.0,특급대장,37030069.0,24751.0,5d408131705530dc8d65542f49156355
반하니,부원수,648858893.0,764.0,사령관,231354524.0,86.0,11aece3ae32c91a5d48da4f02005a108
원포임원준,부원수,646247020.0,776.0,특급대장,60881742.0,6501.0,464b7daceba55f87b802acf5e77d7c7f
바지,부원수,645969509.0,777.0,특급대장,55666525.0,8501.0,6b6e604df13b0199a3ac751d07f92405
좀비,부원수,645896862.0,778.0,특급대장,64441148.0,5477.0,be25881a2468c9d111b5e3698ccb1bcc
☆∑광박사∑☆,부원수,646405789.0,779.0,특급대장,79211724.0,3004.0,874b67358c3c0007007f356ad01e60a8
baobao,부원수,645494234.0,783.0,특급대장,55347407.0,8730.0,4360cf85c54fc6702245ba2fe96eb290
창욱,부원수,646637168.0,782.0,부사령관,211947503.0,121.0,bf7d5222ef429a9b6818ff988c1be03d
무온,부원수,644284670.0,783.0,특급대장,113019884.0,1158.0,bf652982b913038e6a9dd6f88aedb24b
poko,부원수,644583266.0,785.0,특급대장,46675292.0,14299.0,e9817aa012d45bf5471ea800b898d425
IIlllIlIII♡,부원수,644002327.0,788.0,특급대장,43957808.0,16378.0,cab1af0b6ac9a716069bbaf8870c73c3
띵어.cL,부원수,643805787.0,785.0,특급대장,42914365.0,17073.0,458dce09541d8b4dd645bc4bbccc22ad
주사,부원수,644027007.0,789.0,특급대장,99716972.0,1588.0,0bc879293cac66c60e75d4de22a1db52
망고,부원수,648533882.0,782.0,총사령관,374959481.0,5.0,8a899769658d5e33111bc30818ecbda0
히죽이,부원수,643569153.0,792.0,특급대장,57009429.0,7994.0,9067d56638c1546f52ece1404db99c35
다크,부원수,646160883.0,792.0,사령관,329660963.0,11.0,0edf8db49fdf58df2e3936c64e639d4c
체리,부원수,642778529.0,790.0,특급대장,97251765.0,1641.0,aa515d5d04402bd2b4eac3fba339f74f
tomie,부원수,642679379.0,626.0,특급대장,54202534.0,1596.0,1e6527c60406b80bfe7efccf8e4a99ba
hoipoi,부원수,642699217.0,795.0,특급대장,67315346.0,4780.0,297f0ef018b8754e1434ec62740c9070
caIi2paris,부원수,642629279.0,785.0,특급중장,16827762.0,102199.0,bc10c4aa858abaacce48310f2a007eb4
범죄,부원수,644755685.0,791.0,부사령관,131793331.0,812.0,5ed87a8d004353c82153666292cbef9b
하정원,부원수,642332309.0,1328.0,특급대장,108189804.0,31358.0,2c82f5dadcdbd97052375e17fbfab8e3
혁,부원수,642284753.0,799.0,특공소령 1호봉,3106034.0,381360.0,86f0cccfaf8edfd27f2ae6bf40549d63
에보연습,부원수,642890726.0,800.0,특급대장,65812682.0,5287.0,fe1db468c66d4a2f236ec02e34576895
항해실,부원수,642168980.0,803.0,부사령관,151012636.0,468.0,c69b1ec7532c5c4d495f037fee34001f
핫핫,부원수,646661585.0,797.0,부사령관,134434023.0,818.0,f4b52fa433911e56c82a1c9aae7f9273
eyap,부원수,642340460.0,804.0,부사령관,149458023.0,506.0,321678412158fc4f9c7f4b334129243a
미진,부원수,643446034.0,796.0,특급대장,114593849.0,1144.0,9ab732a986fb6f3d79010c349c79306b
초커,부원수,641672234.0,782.0,특급대장,28236040.0,40679.0,290a0881c96db9a29b8dc36da1d02466
한숨,부원수,641620926.0,806.0,부사령관,157092910.0,394.0,1fdcd39af6d1e05c095d252aa6b4195e
배신,부원수,645208055.0,793.0,사령관,252375498.0,56.0,cc21eb3edce8e8e00eb9f10ea7f3c193
술잘사주는아저씨,부원수,640887464.0,809.0,특급소장,13510512.0,135047.0,13ff47a0fa9431b003787acd37e59fc6
업템포,부원수,640777886.0,810.0,특급대장,63929188.0,5595.0,302cf3d52b39a070bbf935f877ed4971
미터,부원수,641352971.0,811.0,특급대장,53321901.0,9907.0,14e3eb4e46c747050094146c71491125
알려하지마라,부원수,640690837.0,659.0,특전하사 1호봉,112234.0,936442.0,1e54053c4dce0398db146f79f3f47ace
07.29ST삐얔e,부원수,640578633.0,814.0,특급대장,72519864.0,3791.0,bfb205e04580253c93e529d330032b36
물총7,부원수,640535169.0,800.0,특급대장,62038326.0,5802.0,34c790657d152676e77f3316e7275983
으읏,부원수,640764045.0,815.0,부사령관,143470513.0,584.0,85f2eb8083a04e3c86cd4fdfd5b8d954
송지효,부원수,639816273.0,618.0,특공중령 4호봉,5876359.0,171702.0,225f7e878dcb9e69ba93dca8f612504c
sy♡,부원수,639991165.0,817.0,특급대장,40235389.0,20534.0,a918ac309520c1f6781708a6e68bb130
공대요시,부원수,640691356.0,806.0,특급대장,29268395.0,42522.0,9034bda6cda258f467572040a15445f9
Oneː하주,부원수,640380212.0,820.0,특급대장,69116014.0,4632.0,42bd97e135f5beb27e8db1b7b0d0ca66
서든러_25682573,부원수,,,특급대장,,,b75bcd48b8f95f858171c3ec00286349
아레나,부원수,638649887.0,824.0,특급대장,112413999.0,1178.0,be2a967ffaf8501027b4fdceebe8c232
귀여운무빙,부원수,638803960.0,823.0,특급대장,62221396.0,6146.0,2c739264096a813f3d670ff0bd326a3e
따옴,부원수,638480146.0,781.0,특공대령 2호봉,7879527.0,202555.0,448d59cb382c4100f083d393680f2ee5
아이유,부원수,638346279.0,813.0,특전중사 1호봉,286004.0,883535.0,7a4be4cd67e5ac38a4b67784d41f99d2
nuII,부원수,638287484.0,793.0,특급대장,25740604.0,46965.0,c02c1e967e4ef17e2229afdc4507c1db
아포스민츠,부원수,638225922.0,827.0,특급대장,68823079.0,4469.0,75933946369cfffce26709dda131a1ce
범규,부원수,637725241.0,828.0,특급대장,32942934.0,31970.0,4bc70905956ded382326fe37d33a1f2f
사대강,부원수,637498913.0,756.0,특급대장,95761544.0,1152.0,f0195e57d8b8ec2146f882fc71cda4c1
갱규,부원수,638531012.0,831.0,부사령관,128371031.0,877.0,b56f0d2691245f2571cf3b9f1db8f115
푸린서아,부원수,638739232.0,835.0,특급대장,94225218.0,1914.0,05a18cd649ee37f1af1483b77be9636a
윤거니사형,부원수,637637060.0,833.0,특급대장,89326105.0,2111.0,d3957ebda91a02b6a293b0bdf9351d1a
gayeong,부원수,636893901.0,834.0,특급소장,13281955.0,137038.0,dcf10cd5b38307f0be40e5ec8b0552bd
계절,부원수,636777259.0,818.0,특급대장,110844294.0,1087.0,aac436fe720a847cdfb4d6b6acaca36d
록이,부원수,636783199.0,836.0,특급대장,80029425.0,2857.0,74cefc43c05dabb71cbabd7c108fc27f
마가렛˙,부원수,638506683.0,831.0,특급대장,104073422.0,1428.0,07de6556a78d8a90a248686b1e8050d5
뿡딴개,부원수,638250200.0,838.0,특급대장,102998898.0,1502.0,ebfa759b4e5684fefe8ad4b1cf2afd9f
위트,부원수,635877305.0,841.0,특공중령 2호봉,5357209.0,278227.0,08eda9546e5f1fb347c1c1baf9995fe0
레이븐똥,부원수,635769405.0,843.0,특급대장,23607350.0,63792.0,5d9824a4a3caf71975b4582e5c15172c
삼녀,부원수,636575721.0,843.0,특급대장,66306792.0,5235.0,c582896d49ae12fa1bcb1fdeef3fc79e
SJ,부원수,635326495.0,840.0,특급대장,68623418.0,4335.0,32c72276a29b4c933693cbc2a95c25a4
마약·,부원수,,,특공소령 1호봉,,,a4b7bec52f5633ad0e6f8837fdeb5a97
생식,부원수,635023022.0,846.0,특급대장,61388041.0,6314.0,93be843504a5f52ccb3b206f3382b7a0
욕,부원수,634926982.0,843.0,특급중장,18485544.0,90753.0,02f7b46afbb4a512444950abcaa82fc5
지아나,부원수,634444378.0,850.0,특급대장,61603897.0,6174.0,a1c86f2664ef0e1154e6c91c68355118
상세,부원수,634417796.0,825.0,특급대장,94181511.0,1507.0,cb9dc495f934fc020a64f5d679079983
♡동준,부원수,634359380.0,600.0,특임소위 1호봉,875906.0,410931.0,1ab75b4f4b2e6b652dc5a52ca36c42f1
엠1창,부원수,636804498.0,844.0,부사령관,124654306.0,977.0,679f72357e5307d22d88d03955075519
김바닥,부원수,633757788.0,853.0,특급중장,18250890.0,93777.0,bf0e9f16bd742d6ff1c140c450752f53
핵키티,부원수,633808231.0,854.0,특급대장,85299785.0,2380.0,d7a4b30fe2bf5aee4d4fe5d227453151
솔킬,부원수,633459671.0,859.0,부사령관,180569610.0,217.0,165f9d75f76689ecf5a6e5380749af64
speed,부원수,633107923.0,856.0,특급대장,63104501.0,5799.0,97db329778c3ac87524c8c52c3a9e78a
지균,부원수,632818072.0,857.0,특급대장,51224471.0,10769.0,2b74d979470e71bff7d4b189ee4788c8
반장,부원수,632615747.0,861.0,특급대장,52307246.0,10233.0,9ca9c9cef7e51b9c477b9a59f92df81f
lRIS,부원수,632462569.0,862.0,특급대장,118708294.0,1062.0,1a7f2212c416e739e262975fc9771b32
이서스나이퍼,부원수,632681045.0,859.0,특급대장,52882924.0,9936.0,2367552c16d60ef3c469e83c1a12f865
Mapleland·,부원수,631821526.0,865.0,특급대장,26446200.0,49988.0,8b18c4e0a836f13f380e07895554bfda
원수깡패,부원수,632956182.0,863.0,부사령관,157607516.0,401.0,e850740bb69a6a7ad75c27fba5ebcf1e
두아이아빠,부원수,632180260.0,864.0,부사령관,140662142.0,635.0,e8eac1a3b5a5a59a602ddc4d1e14bd9d
가성,부원수,630606408.0,858.0,특급대장,79097902.0,2883.0,0f4b38c4a1c403e99090af70b584f4db
반성,부원수,632693530.0,866.0,특급대장,95535561.0,1856.0,c502d3fd5758722587e8cd9e198e330f
re'Dalma,부원수,630423141.0,656.0,특공소령 3호봉,3808873.0,258521.0,cbcea67075a87428c839e15efc2d9e30
제너갓펭귄♡,부원수,630009363.0,869.0,특급대장,50086905.0,11520.0,e46d4a5de0af0d4bdcb1feded8a6db8c
윰'-',부원수,630045872.0,870.0,특급대장,43496052.0,16686.0,06aa26986feabc7a6fb3a47842f62505
LovelyBear,부원수,629371874.0,874.0,특급대장,75227149.0,3405.0,3f0ac62f6ad7d5694c320da8d2fc7538
IIIllllIlIlIll,부원수,629203631.0,695.0,특급대장,37422912.0,5631.0,0e76d3d63aab916b051ec98c09b33d24
llllIIN,부원수,628430075.0,878.0,부사령관,140593785.0,633.0,5798c06fe07f4617c7fa9d7742972654
종친,부원수,627485643.0,786.0,특공중령 3호봉,5678060.0,227662.0,ee7e103078c7a3b1c9ffff46368dc8fd
♡롱리,부원수,627508029.0,881.0,특급대장,31049941.0,36527.0,9ec56da7ab9d01350ee28cfa9ee404f1
찬자,부원수,627806758.0,880.0,부사령관,138480250.0,665.0,aa3de16816bef2bc2685d5c9b269128c
각성,부원수,627697614.0,879.0,특급대장,88818562.0,2128.0,387472745545c752f7933119441c39e2
러브민,부원수,626600758.0,883.0,특급대장,43325726.0,16861.0,ee2e50222837cd55102dd375873d1364
돈,부원수,626470332.0,884.0,특급대장,101016512.0,1514.0,2aba1ddc5b1637c56e73fff004b850a8
혈세,부원수,626294027.0,885.0,특급대장,45854865.0,14615.0,273fc7cacbb72e25dddc8703a37c4f68
iPhone,부원수,626007424.0,886.0,특급대장,55409112.0,8700.0,997f1bbcf0d794553dd5cd3e8ba2f31a
진짤루가짤루에요,부원수,625800684.0,891.0,특급대장,82878803.0,2652.0,a4ae38c88df1ff2017f150330339a39d
원포클마,부원수,625982418.0,888.0,특급대장,60664120.0,6672.0,b011e8a735e4bbf067688287a4f5d689
류승범,부원수,625555924.0,884.0,특급대장,48708440.0,11809.0,15adce07e64a4eb8f4a84c4b04b264ef
산,부원수,625273722.0,891.0,부사령관,156894751.0,408.0,238ab45e41be1a196441840ec914cb57
BBangya.ly,부원수,624690282.0,892.0,특급대장,49971595.0,11581.0,99fdd03cfedd4e2d1e2a275c5f0ea50f
탐탐:D,부원수,624568679.0,894.0,특급대장,65025487.0,5332.0,e4f6adb7bd718c5aba0e700080581b13
라이트,부원수,624108390.0,900.0,사령관,228189447.0,87.0,988dd6365ec78a8c0d870110a69e8654
0.1t앙증걸,부원수,624750544.0,896.0,특급대장,115729853.0,1111.0,02061ef94e66b0b019e9feaf0476adc4
총쏘는방법잊음,부원수,623966830.0,899.0,특급대장,34411900.0,29296.0,be005cfda14380a5ab1f0e965bdbcb61
Nandari,부원수,627484794.0,896.0,사령관,258850491.0,50.0,1dcd6b5f45db490fbf8321ceb43352fc
rodsfromgod,부원수,623558556.0,900.0,특급대장,35721884.0,26786.0,10706f53ff802d275825ee36c15c7554
서든러_25682744,부원수,,,,,,59c2c01525734e37da87d6f6653295b1
♡시연,부원수,623349607.0,905.0,특급중장,16696100.0,105286.0,6f646e98f6cbe679aacbfe14733691ca
입속,부원수,624815285.0,898.0,부사령관,139666525.0,657.0,e6c831cafc641abaf4336f8b28a58142
계정ㅃㅃ합니다,부원수,623350022.0,905.0,부사령관,141885388.0,608.0,1ef648ff7e16c517cec9b71110978e27
보비,부원수,622548876.0,907.0,특급대장,60879135.0,6539.0,9cd47aec7dfdd7f51ed31f1520caf251
meyuu,부원수,622632525.0,906.0,특급대장,81450966.0,2754.0,07bf9dd59261298e26f3e5b169a778dd
그림죠,부원수,622191755.0,900.0,특공중령 5호봉,6319629.0,249708.0,3448d8af4b56d5748ba5104f54c330ef
승환,부원수,621848953.0,909.0,특급대장,42725599.0,17431.0,223dc4b251c64a10660866406caa8daf
준이,부원수,621815730.0,908.0,특급대장,47889223.0,12811.0,d3315dfb5018f3acb0fc9932d90266c3
훈♡,부원수,621448926.0,911.0,특급대장,98885408.0,1597.0,58f18738ea6585757975e8f70991bbbd
IIlllIlllIlII,부원수,621404584.0,913.0,특급대장,35065428.0,28367.0,34114a81e834c9467e9c9bd5ffbbfee2
사탄、,부원수,620803396.0,913.0,특급대장,63691427.0,5598.0,337a7817d589999370235ce3bfd4cb44
시단,부원수,623836426.0,908.0,부사령관,152473475.0,480.0,09dc7f714499c12dbf439ac7725247b4
원투쑉쑉,부원수,620944187.0,915.0,특공소령 5호봉,4293467.0,327815.0,741b229d713260f2539035b1fdeeeef3
랩,부원수,620524979.0,916.0,부사령관,130699963.0,813.0,4dc9515741bcc25dac7398682090c42d
핵,부원수,620248231.0,918.0,특급대장,35452545.0,27436.0,bc0c6b33bb6dec1f7544163c79f9166d
Loyal,부원수,619841887.0,869.0,특공중령 4호봉,6157991.0,237542.0,63a891307be8815c201667d80d639a56
제린힝,부원수,619646146.0,920.0,특급대장,59165374.0,7007.0,c55e90223e61741aff2c9ce6076ff126
John_Wick。,부원수,619972344.0,922.0,특급대장,72791758.0,3848.0,b53fea4650f6aaa0dce64c16ea2f7f66
IIllIlll,부원수,620586770.0,919.0,특급대장,111741690.0,1205.0,610f234b3542806e2b0c6e5674aa5a68
waterbomb☆,부원수,620308034.0,921.0,특급대장,110244190.0,1234.0,4bd46191f5c81da3a8178827bb144913
이순아,부원수,618292261.0,913.0,특급대장,22062148.0,64640.0,e1647cc09499823f4b0fafd6323bb2c3
플란다르,부원수,618155092.0,930.0,특급대장,94020773.0,1827.0,34384d6b88c86036563b9f2f395903e2
영근,부원수,618017519.0,922.0,특급대장,57766677.0,7059.0,61638c71abdeafdf22d5d03e78d0eb90
끝,부원수,618247628.0,931.0,특급대장,67768264.0,4761.0,fb60214fffa137c2fbb198141346ab52
"Ck""쭈니",부원수,617875217.0,934.0,특급대장,86768976.0,2216.0,2201e38168ca744bc2de0b894831b828
wagurikaoruko,부원수,617352585.0,934.0,특급대장,87906199.0,2167.0,3c475d36a9a7687ef34150e8194bc33d
