ouid,user_name,call_count
03173eb9c9f1e4cdccf43fcfe617178f,유나봉,1
0854f1a22fd4596075e88dec39bca1e8,민감도적응중,1
08bec865bef17f12a2d05db32369fce4,화물연대인천지부,1
08c8eba8fa1a624c517ff38df3a3f850,단꿀,1
0a2210d37da5a1344f0276bb5d48a487,사랑.Dc,1
0a55c4782e89839cfa041f0d1abb2be0,저걱3조장,1
0b1f8e379cf811804779a0e1f6e8f8fd,ㅆ놈,1
0b67a307b61a50ccbc3d5d090cae8bca,대머리행주,1
0c5a1218104f7c3b2d78665791fe1e9f,승찬,1
0cce678bc25898253bfee38133272908,흐안차은우,1
0de9a6b547900943b8104a35f405afd4,와진짜개별로,1
0e274fe1baa56b9155f0a55aad213917,후함함이,1
0f6e6830f5706c12d2b33eb810012ab7,조금세,1
0f9cfab8569741459e9c2a440df4a74e,예슬,1
117057443fbc476ea61d48deb65e5137,머루하지,1
1179776494b4eb74195cad8b5cc050e1,전설,1
11d51f3421d38b897b960c95c9ed5752,에보1위얀느,1
11dbade1d9c124c1aca49451b832963e,뽀로로롤,1
1213498adefba92baa7138aa0d050f6c,잉잉,1
123d200947d6d2f5bd5619f4a4bbec68,야누스,1
12ae316087ba4a9e3ea486120d61efe7,한번해,1
13ff47a0fa9431b003787acd37e59fc6,술잘사주는아저씨,1
14d45398bd3f23d847f972449231422e,아포스뜨리,1
1571e509f520faf18b20ef73172c11a3,쌈밥,1
165f9d75f76689ecf5a6e5380749af64,솔킬,1
16d9a720a3d705f1738486ab4097f576,총알받이♪,1
17b182cdf1b2c829257123d7ac0b5682,생수아저씨,1
1c06a58ac51b58b5563dd818cc26498f,예천,1
1d8ba77e386d4d1f490834345f368143,lullaby~♥,1
1f63fe9cbce69b152190560094d150d7,미소뀨,1
20304871a3c96b8eca9d5b928a6e381f,성북구성북동,1
20903f3b49a76dd790cc77e0ff1f4838,bentori,1
210984de2108052c56460367959c1210,BE폭력간디,1
22200bcfaa4966eb75257f902465dba0,레닝이,1
266a9b9c9e7c69e6080821029c55c655,데들리,1
273fc7cacbb72e25dddc8703a37c4f68,혈세,1
2761c3d84c872da16a42327ef1f77afa,핏자국,1
2a6576891a021934791ea320db289446,플레이잼잼,1
2aa502f33eb4f84daa8a4ed01a31baf3,이주헌,1
2c82f5dadcdbd97052375e17fbfab8e3,하정원,1
2d1d69e183aee83ac02dde0f27fb6289,유삼,1
2e7780aea1fd653770023cc67cb946cf,영민,1
2ed5e828450f875917887a085c84d918,타루,1
3025e10bc7f0aae9d4dbc279039ff1eb,뜽민이♥,1
302cf3d52b39a070bbf935f877ed4971,업템포,1
3228306efc0137bdce36418c13d941d5,깽히,1
32f6691437f72707dd698b09b40f1f62,천사순수,1
35b229fb46269c2965ec58dee7de38d0,RING-GU,1
37eab884b86c8efac2ff66552ea3bd59,뱅구르기,1
37f44adb38d6bb71e5e3199a4682ba80,캐나다메이플,1
3990dce59b5244fa6eaa035ba2960300,임상아,1
3bb52313493028eecdcbc5a78430a4be,lilitu,1
3c11d8ac469c4920462bd6a25c78938c,º마차이짬뽕º,1
3dbe3b82287936e3898769ca2126770b,랜딩,1
3f8ca2426fdf9cbb063c9bb140ba9b5b,:.Gr◇◈▽Ε''..,1
40d875e3edd9423ceca3375680c818e3,윤겔라,1
41272652c2bba3865dfedda24a59462d,핵키,1
42bd97e135f5beb27e8db1b7b0d0ca66,Oneː하주,1
42fa79a62099740e4c2433e787968a8a,유뭉이,1
442b747fea71fb77ed4eec5d06f6f4db,삼백,1
4490ae07fa3fb050dbe8130b9047d4b1,주빈,1
47a243a2e2bf472bbbacc0621cd56fb2,깽나미,1
48b31892dbb9a4adda92664330950dad,BeagIe,1
4b1e12a61248eea9ea7f78f71da6b86b,고도리1번,1
4b72c0667ec35b31a29fbcf957fe9570,칠보장어,1
4c9133d519e07cffd2f827cf6fbebbf3,yopIait,1
4f30fd3f3ad5377cafa512581887e35d,lIIlIllIlllIIIl,1
53d0ea8cf6be625a366cb4f5b06b9e84,ㅁㄴㅇㄹㄹ,1
543ac81594c3c3d72919496d72ca1d67,역삼동그깽,1
550d969e6363409ada3ae13acdc56d37,포도유유,1
55f3c861f0b35e0633e647c476cb795e,히히,1
56373baebea183e2d74c348e1b73f486,가은핑핑이,1
57021ffbb75d43c477d3460165b995ac,Jodia,1
58013d1e38ee01b7ea7c7a82e2c670b8,학땁.,1
584caa814c3ae29730ee587c1c488468,카이조,1
5978fb27b594f01ba759c597e335fb9b,03놈임,1
59b9eaecf4377a2384b3987fdb7d4c2c,완스,1
5b18a5705756fd230c990f3e7ca8c217,조건,1
5f7a1176c2cc39a0c8f488bed01bb0ed,웅다미,1
6038faa2c41390682129bae5d8f4e077,킥,1
61d58a6903de55a854e989f18a18bdbe,방갑숴,1
6258b1f20213096112679f2257f52cbb,엠빠,1
625bb6e1a0585365d72c596163908f0f,cosala,1
62c39116e2033421aac7f9599d3946f6,포도우유아빠,1
677d51742e1dada6e861693aa689e264,신치,1
67e18db111ba767dba205c9e0f508bac,정말,1
698a03d4983e659205ee1f8178fac016,아포스산드라,1
69bf6e6adfa2afffae289daf6408615f,서든러,1
69c6272c668d9161e20b246a17c53863,천재,1
6ad2cf24335d62344e66b2eaac4d79c0,예민보스해니,1
6b58a10dcf02cfa9796bac0e507bf1af,250601♡시작,1
6c2c5e38cc8f106603b4e4cb2aeac95f,냉탄,1
6c38253f292e661e9ddc2289d47ad698,아니도링,1
6f406b4039d131e3d82f0af616a15a8c,YUNSEUL,1
6f78378839496d595b036e5f19d5ddca,상처에소금을,1
7136275fd7f023f5a13e7dd7ac5017cf,고말순,1
738b43089f453f9646d11e3171c10827,crazy,1
73dd89ad31d4d527e00fba3f15d961b4,살짝홀릭,1
7451b25b92d24fc3db38bae4fe77683b,마루'^',1
75933946369cfffce26709dda131a1ce,아포스민츠,1
76bf28d51b70e092fd90e2784f0dfc01,1엄준식,1
77e004bf3660b2c3a6c8e27bb7bf35a9,KiHyun,1
7a2c12f4fa28540a07a973e15d4934c2,효성,1
7f1d190939f258403719bd514aaad61f,예민보스,1
80463c9bd840ff36d7c5f4a951e7a951,M249Master,1
8112c43aff02744679e33fd7ec27e839,양기헌,1
82235398864c70779300daea913744d3,色女,1
829b554a9d54873ddd2c8d14efe96680,ㄷㄷ,1
848610409fca751dd841669b84ec618c,은아가,1
855dba7cc4fe9721cf1eb207f2d84b57,긱스,1
85f2eb8083a04e3c86cd4fdfd5b8d954,으읏,1
8617a221608d888a744b86c87fc8808b,박상키,1
8ae866f46a54f0ed7555e6a971ab7074,hayoung,1
8c1095539f6d142ad7e7fb2de3f8fb1e,isabel♡,1
8df863c9042f1afa0a706a4a4d7391ee,M16[1],1
8e7148aa239786401efc713ef41cf6f3,뿌냠이,1
8ebc35f0827a413dbd2b873211f54c91,우떼,1
8f573bdfc797ed7886fc01397590ad96,Faker,1
902c45e9431a4519d55000bd83aa5236,진재훈,1
91180483862996dde99b2a5438bd5701,정또지,1
91ff4276d0d8a45071bb26b2f1844d5f,빠툐,1
93582cf3457da495152d48d72e605aed,후후하하히히,1
93b63931984005b6b24d0b213b46f61b,정용화,1
967f6b9bea9fbcad115ad36953447b64,수민,1
98c38f2b1879fed8b033ce65ce8c74fa,J1hoon♡,1
9b63f37be284b9e4205dc7a4645cd528,세금계산서,1
9d3d4387e298992f9d15892e30c7312d,몸믜,1
9da3e36e0f2c2fa2b4e0f2d16d241994,강보람,1
9e8397ef62f0a4eb23de7390a59cd22c,오또시ㅋ,1
9efb03e5670aa6ea770a4711c550ecea,만취남^^;,1
9fd5e74c9628a819d43f79da83edf883,나현아잘하자,1
a082ca117c5a933dd29f1f3a0da4d778,너무귀여움,1
a31088c74e83b4e9caf1d5c6f5c43b29,화물연대부산지부,1
a3aaf880570992123f3e5172ce442421,민덩이달려,1
a4f43d15a7e1a7f1bd5bb0ea0c952618,에스,1
a54f8ad19624aa73e004f008c8dcd8af,가평미술관.,1
a68532b62e7751bb85d4225f3bf7d125,윤민영내장지방11,1
aa0782accf5186d9cd3a1de9a40b0b4c,회민,1
aa791cdcdfbf25612d5b820e661346e7,lIlllIlIlIlllI,1
ab6b970c0d8478a70c80a944de5e33d4,거친,1
acbba270503bdb7d803e172b705cb54b,어재,1
acfb661838611107c7d4012d04ca7ad6,이뚠딴,1
aeac059e1f737c7fc5f4a7be45f0419a,배팅,1
b0c252977d678c39771127e2032b7e6f,하밥이,1
b0c8267f8dd2ea7ebf4d425932ca0063,제트업,1
b1706b789b17a5f4ca55bdb1d5d17608,마루는기여워,1
b1f6a595437ca6ae1ee15063997b0d7e,위티,1
b2780127191b2d4ced965d9fbec421ef,문백이ub,1
b4310b7df4769789e53d240aeb9dea55,요네,1
b446380cfd150a429c749bff32768857,버블리유,1
b4c2abe3807fc8751303f3f17d2a88cd,ßd.선일,1
b765a257694a3fa8be33aec58a4536fd,Melissa♡,1
b841023e0143c2f03bd8969646dad34c,황숏,1
b8bbc27a978428cf21e5ca9b1bfba954,오늘의날,1
b988161dddcc1a4e71efe51e6125e177,고구마지단,1
bad6263beecc238b14bac430e2846b9b,시~놈~발~,1
bbacb44c07f61a1ed455b2f3efbc5f36,멋웅,1
bc0a86cc5d24182a2e09a2d29644e205,사자,1
bdc8e4560f295a1628c98e3c2baaf391,Xeiya,1
bf7d5222ef429a9b6818ff988c1be03d,창욱,1
bff12cd032806061788be06549800cc5,Οl나경,1
bff8f23fe124c0d2da47415bbc88c7a6,최민소,1
c4bc342a5a2f0483184c270a68af0ebe,흡성대법,1
c5146a11566093c1ef7da5595bcfc937,byedaybye,1
c53c721f5dcd0d6de86f3acbbd84f6d7,30대무빙,1
c5efa747bf80fba3dd9367ce41e53d2a,갱스터,1
c66ffea284872e0abf389280359bc617,살짝흐림,1
c7c58a0fb30819f4aff0dc6006aacc14,코코볼,1
ca787b6ae21f3191546d950c32fb048c,이도철입니다,1
cb312372f0249f6c512860088fdd9467,2.14솔향18ST,1
cd4996e4cf0dcd18114951e96b930d96,도룡잉,1
cdd847cc75013b2928fbbd395cb6d4f2,RING_GU,1
cf4bbac44aab20975490893136769bde,체하나,1
d08524e649a02e0f21af2e84c91f56d8,RedWhip,1
d0c4b0df4a10a9f1c1f0a04ba967bd6c,보물,1
d3551c1bbba3f70a45d7ce8df5d0f141,【NickName】,1
d37cbc6523f741cb22e02109dd1492e4,살짝테크,1
d5b25f3ba2389c4f1ab774cc226d604c,김휜둥,1
d696d768b1c2cb45093241cddbe83aec,깜방,1
d6e7a0eb2eb2a05e8c854d5356f56efb,SeulYUNA,1
d7ebc3fe346518afa3b9d3f2b97df7f4,흑인이싸면깜찍~,1
db53df8611f00aa8a559a6b089556210,ceIebrity♡,1
dee377ee4cec763d6580e46977d4e207,구남동상남자,1
e017c1019117b828bcbea77f55f506c7,그사건,1
e05adb3ca6c0603d32e4222cab152bd8,박사장시종,1
e091a6b9b7b60ad7975fded94170416e,가은잉♡,1
e23319d2d0ef3b37f9180596cc2dee99,녹화,1
e37787ec7852bec4b1195579174f4c60,진짜귀여움,1
e4ebf042ab62517ecf8b78a752e33a72,여심폭격기최인후,1
e6ac81dd9c38524bb494689d315e9fd9,따뜻하게입고다녀,1
e7c02ba45c9df3ad72ec99fb31579568,트럼프,1
e9a0fa6e7d85df8829786ddbafbe3175,최석진,1
eaa80c969196a74a79cd9e8ffd857e6b,여고생보직구멍,1
ebafd0590a9e2287939222098f2809f8,봄겨울가을,1
ebf508fcc1372aef41db8d701f19690f,BENZ♣,1
ec3300d4f9f4f1be32d7e082ebcb6d19,흥,1
ecac79a7b7776c6384f4f3cbc3fac7e6,떕떞이,1
edbc59f86e5d5d1453c7bd01466d3a38,정밍,1
edd55b0c63bb9d905985b5097f0f735f,서준티비,1
ee92c89467170a78e911cb74a64dbbbc,BUKKAKE,1
eeed00be67031bd2015089995237ae6c,황장군이야,1
ef01003ddbb2c6a507449054371bac2a,오또깡,1
f0ba53e78512cb84583307130254355b,으악기,1
f35a949c919f6154a0bfd43fe0794778,허혜미,1
f37cccb41f6a3256cb5ad065141061b1,llllIlllllIIIllI,1
f74b18622a190cf8775f51425dc76faa,성이님,1
f790fef8b19ccf53a5b32fafb52ff105,웅3잉,1
f7bb0b5152f162b1a6ce5ffe5e1b6da8,매우서운,1
fb52c5c1a8a726831827db6be3df35ff,[애옹],1
fbe05878f8cab4157b041b81814c73fd,myway,1
