recent_win_rate,recent_kill_death_rate,recent_assault_rate,recent_sniper_rate,recent_special_rate,ouid
83.333328,56.310677,59.523808,60.0,76.470589,9b2852e25a85deebc5ce4173b1ccc1e6
90.0,66.5,71.0,77.333336,67.666664,18e17412f97995c818b669bf4052a753
100.0,56.0,51.333332,67.333336,55.333332,1dde487186c06c2f54e65484219d1d09
48.333332,49.833332,50.333332,60.0,49.333332,bc0a86cc5d24182a2e09a2d29644e205
,,,,,5d84519cf2b0e9c3d69ec23a4a859e12
91.666672,61.5,61.333336,60.714287,59.666668,332522192aed72ca90aaa95d90e1b08d
50.0,52.333332,48.591549,64.333336,57.666668,273812858150a28424d56f440a5b1499
91.666672,58.0,57.333332,77.666664,66.333336,7fab3087eda49357ee067c51b8f8b3eb
100.0,65.666672,64.0,78.333336,64.666664,fb59b9ebe43ffd9d6b8b5aa9e33b97b3
53.333336,56.0,53.666668,74.0,51.333332,b54f2c11425549c9a0309f8f8876dfd1
46.666668,59.166664,56.0,71.0,62.333332,5b73ce7ccce4e2aa1966c49c83780b47
95.0,62.166668,61.333336,79.333336,58.333332,580ef4be741c2746e671fdf05205e546
0.0,60.000004,0.0,75.0,0.0,63bbb405e661019a480b7c0648e84590
98.333336,58.499996,72.0,100.0,55.333332,502bf3d1c519055efd7b4e7313ccefbe
65.0,54.833336,50.666664,70.0,46.938774,f093eae67469de7498e7b3bd3de80713
100.0,71.666664,75.0,85.333336,74.333336,c48ec5e498103c87505a145734df2f4d
100.0,54.666668,50.666668,51.333332,48.0,ca080f89fd0f8978f867f2799572d1a6
90.0,60.166668,58.666664,71.0,58.0,be8178231c717712201d9191605362ab
53.333336,55.5,57.0,66.0,53.333332,e570c51ad87baaab53dce767c701c3d3
51.666664,34.833332,34.0,60.0,41.666668,5ae9a0aba72b7bdbfff9cf7b1ab12079
87.5,56.333332,52.333332,0.0,52.0,2203c145161ac614f582061d62c5748e
100.0,66.333336,67.666664,73.666664,61.666668,5108872b4333bb22a48517638cd4fbed
33.333332,65.789474,0.0,69.444443,0.0,5deaa01e89f395a90815102bd8137fb7
60.000004,58.0,61.666668,74.666664,50.666668,e26863167555673a1b52bff349a9893d
53.333336,54.212456,44.444447,63.967613,68.181816,b93f28b48b7637450e70fab96a4498da
50.0,55.166668,48.666668,75.0,46.666668,a1c13bf09c5566436919baefd49038e8
91.666672,51.666664,40.666668,46.0,48.333332,0ed71d04383bd12216b14b614d4a41f2
50.0,58.666664,57.0,70.0,51.0,1fa1b70d5b3de816520ba1a99e485191
65.0,55.5,55.333336,64.0,57.599998,096a3023fe20810eca6aee054c84f357
41.666664,48.166664,53.731346,48.360657,46.0,e8105bc04e4a48451d1ef5b73bf7cb02
71.666664,52.666664,52.999996,64.666664,36.666668,642e49d62b7644ad7f9987aa1980e51b
48.333332,56.5,65.333336,54.333332,55.666668,f636440af24b8e6e095e307046fd738a
55.0,49.833332,48.0,61.333332,55.0,93e261a22fb8c6651a418d580373708d
43.333332,57.5,64.0,68.0,55.714287,0632880a7c4e164b272fac72b73aef0f
100.0,70.166664,64.0,81.333336,70.0,e0fd923c800e5441b8cf515f9f8abfe0
58.333332,62.166668,68.0,100.0,67.666664,179879ae0cf5c184af64bab0f0749930
50.0,51.333332,48.666668,57.0,50.0,29cfc86dab1c4680759c313ec902b391
100.0,64.833328,67.333336,82.333336,76.0,b4e0181bbb6b7cdc8cabef599b6cbe22
60.869564,58.736061,60.176991,69.696968,50.0,b7f9fe7314d5322b7db588ee6319da1f
58.333332,57.0,54.237289,68.666664,58.558559,e05575c8814953055ebc988160718211
48.333332,57.5,59.666668,68.666664,60.666668,9f038c1ff07cbc6414e976fffbb154ef
48.333332,56.333332,56.0,69.666664,51.219513,531a427051aef493c2560eff1afe91cf
78.333336,57.833332,56.333332,66.333336,64.0,8305224838a1c14f6837270527050c16
100.0,78.0,82.333336,96.0,59.0,2ed5e828450f875917887a085c84d918
50.0,56.166668,56.0,67.0,51.0,8d5612676718a14fade04f2cb91561c0
100.0,85.333336,75.0,99.666664,73.666664,648fbbc694e660a33b8cef0cbae3f1d9
51.666664,53.500004,55.333332,64.983162,50.0,12ae316087ba4a9e3ea486120d61efe7
100.0,61.666668,64.666664,71.333336,57.666668,27717da7b2d71df52896180856ccbea8
60.000004,54.000004,0.0,61.333332,50.0,55f3c861f0b35e0633e647c476cb795e
96.666664,61.5,65.333328,74.666664,67.0,99bf573152209e7f1cdf6db6bedc772f
100.0,76.333336,88.666664,83.666664,90.666664,6d5edf92a4ea7f3d18c806c00a3c9593
100.0,75.666664,86.0,96.333336,80.0,0d9807ab206e5a2172f57ec9f50bea98
100.0,64.833328,68.666664,72.666664,74.333336,dc0559231f37697e31549b40fd7de706
50.0,49.833332,50.495052,56.666668,43.548386,284876168e1a9d0eda99ab4b771b5286
55.0,60.5,60.666668,77.666664,63.333332,1baf251696168578cce1d408fa8e4f55
91.666672,76.166664,76.642334,0.0,62.626263,834284fa6e7cf65914a7cde283a21b08
35.0,40.833332,40.333332,36.666668,38.666668,82235398864c70779300daea913744d3
51.666668,57.0,58.333332,68.0,58.333332,52c7326c888b04902d01f399fb912a14
50.0,55.0,52.999996,67.0,57.333332,cfd88abbcc74eb55941d6723fb95dca8
100.0,56.0,33.333332,42.424244,52.666668,38906987f54adc55e11fb32f4ea76cf2
93.333336,72.333336,69.0,89.666664,70.0,d7369b912c3b1bbbbef83a1f2cd3b28d
48.333332,44.166668,45.333336,54.333332,36.666668,72ae7ade509d482f7b5aef7450ea073e
50.0,54.166668,32.0,33.333332,51.666668,4b72c0667ec35b31a29fbcf957fe9570
0.0,80.0,0.0,100.0,0.0,593d755a6bb13d9838ac833d32f7fce2
78.333336,61.333332,65.0,72.666664,60.666668,ab52d88c8fe807829a92e597cb96e841
45.0,56.0,56.333332,57.333332,50.333332,45b1a2043c7c65ed1e199fd1ddb185ba
100.0,74.5,28.571428,81.0,53.846153,2761c3d84c872da16a42327ef1f77afa
50.0,58.0,61.333332,69.666664,58.333332,f63e0a98179008ae19faab242211fa02
40.0,58.666664,56.333332,63.666668,49.0,a985f820f03659e122385ff11646af73
100.0,72.166672,75.0,93.0,91.0,018eec186511a63ea86738c7799252e0
80.0,68.666664,0.0,86.666664,49.666668,06ac78845d5e6fe1df8cfd564e6c1234
96.666664,59.666668,51.333332,67.666664,66.0,d8073e6267b2c16c9a9997e546d9b201
81.666664,54.666668,56.333332,60.666668,58.666668,f83605e5fb8eafbf8257291088840791
60.000004,56.92308,60.952385,66.666664,0.0,67e18db111ba767dba205c9e0f508bac
51.666668,60.333332,59.0,81.333336,65.333336,e6ac81dd9c38524bb494689d315e9fd9
53.333336,58.166664,52.666664,69.666664,54.0,46a6b7706dddde2fd761220d91daccdc
98.333336,61.333336,52.333332,72.666664,60.0,f33ac3bc20179d08fd3320f33ebfe242
60.000004,55.166668,54.666668,69.666664,52.0,e017c1019117b828bcbea77f55f506c7
46.666668,51.0,53.333336,60.666668,51.333332,30a3ec8484ddb8426f5a0d1d7cf86584
100.0,56.333332,54.333336,0.0,51.0,2733455b1b1c04a6614483e86404d594
93.333336,58.833332,52.0,68.0,60.173161,2e7780aea1fd653770023cc67cb946cf
95.0,56.666668,55.666668,65.0,58.823528,2ce42ac3d20ab0bcb21b72ff6675ecba
10.0,46.833332,40.333332,54.333332,47.747749,a8f3e2f4ad589abf83ac9febe5a36453
95.0,64.0,66.0,75.0,65.333336,26c6ef281b80c34f703a378b34568d80
100.0,76.0,75.333336,86.333336,70.666664,16650f3a8db2d4f4f06f38fb97b67247
41.463413,56.611568,0.0,66.451614,66.666664,5f5eef029527bcd41e71832d0ef7f570
60.000004,61.0,55.666668,75.666664,52.666668,123d200947d6d2f5bd5619f4a4bbec68
78.333336,54.333336,48.333332,67.333336,56.333332,1b0c58caa535ce8c3478d1163f624cd7
50.0,49.166668,48.333332,59.333332,44.333332,ae2b0a6d046e21bc22e91816ef5e44ca
50.0,58.0,60.666668,67.685593,60.204082,d6cece07c765e0242e9cadccbb84c6f3
55.0,60.666668,55.0,74.0,57.333332,69c6272c668d9161e20b246a17c53863
48.333332,55.0,55.333336,64.0,55.333332,8970504ec5284edfe946feb968f236de
100.0,80.666664,73.0,85.666664,71.0,b3ce20e4e1b749d2ea7b9c5bd8ea6d3a
78.333336,62.0,63.0,82.333336,65.333336,1d8ba77e386d4d1f490834345f368143
58.333332,50.333332,53.333332,55.633804,51.0,ea36a0969328927ce4e7ded3976d1fac
76.666664,61.333336,62.333332,0.0,67.14286,ab6b970c0d8478a70c80a944de5e33d4
50.0,46.166668,47.666664,54.333332,52.0,28ecd94b3460d7b3fe9f9d05e5710427
100.0,70.0,71.666664,0.0,0.0,9f1e4ee0b7189cbf26f61d406a4384f9
100.0,83.5,84.666672,99.666664,78.0,0d6653ed2159cb510c14af9c4141ec5b
68.333336,55.0,54.000004,65.666664,53.666668,ca9f424f0d15f5cacdfe92ae739ea3fa
48.333332,47.833332,47.413792,50.0,48.666668,fc44cb28f2fed2c506495ee7d12712aa
36.666668,51.0,52.0,55.666668,54.333332,847c6e4a25a0ae9da06542b8b34e01d4
0.0,57.777779,0.0,78.571426,0.0,8e1780ebc367c8305e7c667bb7af65a2
95.0,57.166668,57.666668,65.333336,55.666668,282635d7a7febf09f6c6b75d2b4e53cf
48.333332,55.5,59.666668,64.333336,55.0,fbe05878f8cab4157b041b81814c73fd
48.333332,49.5,51.666664,67.0,49.666668,4b1e12a61248eea9ea7f78f71da6b86b
41.666664,48.0,42.253521,58.333332,42.0,20e33b6b3e0e957df549b3dd6ebf689d
100.0,61.5,62.666668,80.0,63.333332,9a8e0f12855b23c60c1ebe54564e226b
98.333336,56.5,59.558823,61.333332,55.333332,1ebc186e9f889fa3974a406aa09fc829
76.666664,57.666664,53.666668,66.0,64.666664,73fda248ff16eede5471edd2d0cc9359
68.333336,58.999996,60.000004,74.0,55.0,ccd01264eed929b82d4003fcdce85736
51.666668,56.833332,57.0,64.0,55.333332,fc68a32950692ff790bd92cb066a64f0
48.333332,58.333332,58.0,68.0,50.0,502b6e40e6cef4db201a588c20f73977
,,,,,805397ecbb640a9e4188a9baf1b2eeb6
96.666664,62.5,69.0,76.333336,62.0,54426b475bfc0c84eba9e490bd0ecae6
68.333336,58.166664,58.666664,69.666664,55.333332,28881b22e56d1ebbf792d94f5fab6ed2
95.0,83.5,80.333336,81.666664,79.0,b50e93b420473990d23459de55b61203
88.333336,62.833332,65.666672,75.0,64.0,0f9cfab8569741459e9c2a440df4a74e
78.333336,48.833336,46.666668,66.0,49.0,829b554a9d54873ddd2c8d14efe96680
55.0,57.333332,59.0,67.666664,60.0,c66ffea284872e0abf389280359bc617
95.0,56.833332,52.666664,67.333336,58.333332,f790fef8b19ccf53a5b32fafb52ff105
100.0,70.333328,79.0,79.333336,79.0,a562d72f5e2a91814cde18aa5a0c9b97
88.333336,49.666668,47.333332,57.0,54.666668,ee09be66fcfd5a10672223d9f542585c
51.666664,49.0,56.25,57.0,44.285713,a5cd9595e1f9325195c08629431ab9ea
40.0,40.333332,36.666668,56.0,36.0,79d0d4fffb37ce1d0ddf808c8cb63b60
46.666668,61.166668,61.333336,77.0,60.0,3228306efc0137bdce36418c13d941d5
48.333332,57.5,48.0,74.666664,59.666668,5eda75df3f580125d4c030740706d92e
43.333332,51.5,45.614037,0.0,51.666668,efd30cc1a1301bbfcc00e83592078a2d
100.0,94.0,92.666664,0.0,100.0,d2729e3ed99e1d97c04922997c004454
100.0,65.666672,66.666672,79.333336,55.333332,f74b18622a190cf8775f51425dc76faa
68.421051,64.80687,75.862068,66.26506,53.125,3fac0580bde1babab2d7882d677f9109
90.0,59.666668,58.666668,72.0,60.333332,1179776494b4eb74195cad8b5cc050e1
50.0,50.833332,43.333332,25.0,54.333332,f07e16a0ce9a959946e7fe8c2043b76c
45.0,51.333332,50.333332,63.0,51.333332,2bf7afe25cb698532546956df11d218d
80.0,58.999996,60.333332,67.333336,58.666668,2439b139a720b2aa9e46321db1d911e3
98.333336,65.333336,66.0,70.666664,70.0,fb776a5feeb22fb219b0beb05051b0a2
51.666664,60.166668,59.666668,72.0,55.0,946e6a8ae5c8e4d24316d601d65eeb31
100.0,75.0,0.0,100.0,0.0,ba9b226a5c6c8b7218fd953a8e6cf3f9
,,,,,5e02207be883f93c9316ac6df946d31e
61.111111,59.808613,50.0,72.868217,63.47826,d6f659e89208ee013e6aef11c10601d1
100.0,58.499996,59.333332,62.333332,59.0,59fcd3e4826eafeb22b1179c41154b8f
56.666668,62.0,100.0,75.333336,58.666668,1fff781cdee150846edb0af047652fee
60.000004,61.0,52.666664,60.0,56.666668,8a4bfd624198c6c3b55bf09d1145298f
38.333332,47.166668,38.0,55.333332,54.0,5594bf19111070d9a401dbac94109eb4
51.666664,58.0,62.0,67.666664,59.333332,b138e96334c3b6c78429957f1a89fcf6
41.666664,41.666664,37.666668,50.0,55.172413,210deb06fd9f19e4c7d6efe375be86fa
95.0,69.5,73.0,83.333336,68.0,ea9dcba8dc3df6ed62c637312c48c9f0
100.0,100.0,0.0,100.0,0.0,d0c4b0df4a10a9f1c1f0a04ba967bd6c
90.0,60.666668,46.333332,60.666668,56.0,cba5c21892ab6a7949c43e6bca8dc2ef
51.666664,49.833332,47.333332,63.333332,44.333332,b9282b1da17861088b498afa293b4cbd
100.0,58.999996,50.666668,72.666664,51.333332,7424384d13b5aa1e704a0220554dee97
50.0,56.166668,57.333332,70.666664,48.0,fa976579eadf100f90b338fe6820b16e
76.666664,64.166664,65.333336,80.0,60.0,a518db4eb352ff7e09024feed780d13c
100.0,63.5,69.333336,77.0,66.333336,1213498adefba92baa7138aa0d050f6c
43.333332,52.999996,49.666668,68.333336,53.356892,a3d2c63f909d41e560d737e14b321c27
45.0,44.666664,42.333332,52.666668,45.333332,8f9819acb514684d86c035b284e10dba
64.102562,57.915054,57.0,0.0,0.0,6071f4ba0b6ad1dda855fd54d8bf5c35
81.666664,64.166664,59.0,76.333336,61.0,534414ff89625147b46d0c64f00e4c10
83.333328,50.0,51.666664,66.0,64.333336,3fa406b1f01251972b9d546fb6a1ef7c
63.333332,54.5,57.666664,66.333336,65.333336,ba1625893c7b8ebc87465063e425eb57
100.0,49.5,55.555557,64.919357,43.0,88c7f7e8a7f346d0ab66a9dda0e2c546
50.0,51.0,55.0,65.758759,50.333332,6325bd2d0907dafffebac93f0c269e61
48.333332,50.666664,63.0,73.0,48.0,41d82f5534d2f219e1c420d033128a7b
90.0,56.666668,61.333332,62.0,57.0,baeaec85232b7b59b2b63ef351cd14e3
64.864861,57.620819,40.740742,69.230766,58.86076,8c27d951126ddba12ccf094b4b5fb4f4
55.0,52.499996,49.333336,58.666668,47.333332,8b7819156453522073e2495d5797bae3
65.0,59.166664,59.333332,64.317177,62.0,6bb067c0c60ed2c6af5dec07bac5d9ba
48.333332,49.666668,50.588234,56.410255,48.666668,d374c0582818c96c8d7067ca77f4ebfe
45.0,41.333332,39.0,18.333334,25.666666,840d8fa05aee75879a025c415b3676a4
45.0,54.5,61.333336,72.0,49.333332,52f676ce655a9acb1327d8b6bee93d54
51.666664,61.5,57.0,72.0,62.436546,cb031642fb9aa50c876d60b817863622
53.333336,50.833332,54.666668,49.659863,38.202248,0a00dc2b0546bfcd6798fc4be772e0f9
83.333336,70.333336,68.666664,83.666664,49.333332,9b63f37be284b9e4205dc7a4645cd528
55.0,63.166664,60.666668,76.0,59.666668,f54e2bf3c577aa3fd50578bb2c1937f9
51.666664,56.166668,58.999996,50.333332,55.666668,5447b3b22b84ace082f92dc3a437bc9b
43.333332,55.223881,56.395348,76.0,57.894737,41272652c2bba3865dfedda24a59462d
46.666668,46.333332,49.586777,58.666668,47.058823,b487ccabbc0f02100ecfadffe835167e
90.0,69.666664,0.0,77.666664,0.0,80a2dc0ea59dcef5b0aad82253ff3e6f
100.0,55.166668,56.333332,100.0,100.0,143925a0a08e52bd4b289dc0d3085074
90.0,54.333336,61.0,67.0,59.0,b4310b7df4769789e53d240aeb9dea55
50.0,44.166668,39.333336,54.666668,35.0,c355552a42729bb3aa3cc584ed86e20f
90.0,41.5,35.0,50.0,32.666668,facb4f6b8c5a1767bf1cdb41d540a65b
55.0,58.833332,56.666668,68.0,66.0,b93854f026f31513b2c0848b12bb3c60
55.0,60.833336,56.333332,73.666664,61.333332,16b9d109db50a18337285465fd68780d
50.0,58.666664,52.0,69.666664,53.333332,107f952ec161efb1dc760ae6c2c265a0
51.666664,55.0,58.0,68.333336,49.666668,080fa4a17acb6e0ffc9b400e558d5f7e
86.666664,52.666668,53.666668,68.666664,55.0,6acea493211b081c51f4c199d3f3edfb
58.333332,58.999996,55.0,74.666664,62.666668,5f71d06c9977b636adbf845704df861d
58.333332,52.999996,43.666668,53.051643,44.666668,9d9ec39dcd7edfbf7d696f941b261cb1
51.666664,57.0,57.666664,38.46154,49.666668,fbf3838823e5d15cf12cc6b7d2e992f5
100.0,56.0,68.0,68.333336,55.0,8b840e410c22ff7473087de302e6e94a
51.666664,43.833332,54.098362,52.888889,44.360901,9fee5c44ee2fa8d902edd2c9456f8f2d
53.333336,58.499996,36.363636,71.0,50.0,0514a90b73e94dcf8c13d85dac3caa15
96.666664,66.833336,66.333336,73.0,66.333336,0c84d3f430b4d23ae22934557b980d00
43.333332,51.666664,52.999996,66.0,44.333332,45afc9eca26756f58065d0a5b93a0312
88.333336,58.999996,57.0,96.333336,60.666668,cad95c4868e351237a0de4cac3e6cc03
96.666664,58.0,64.333336,68.333336,62.0,29b8e3f898515cc4e787b2ec74d12068
48.27586,51.598175,50.877197,64.705879,33.333332,6cbc6bc425b56afcb65094f7eed20be0
100.0,87.833336,82.822083,99.666664,82.333336,d9591b826db8d611f4eed014791889c6
,,,,,f9a482a58290fc0a3f833a95315a2aac
38.333332,50.5,55.333336,71.0,53.666668,a0d13ac7a3d778fe8680c842313f018f
58.333332,46.5,42.051281,61.403507,51.333332,ace637a4977e50b44d59ab29042afbd0
57.575756,56.333332,58.666664,66.820274,59.82143,7b4ccdd1a45d058dee208afb8ae7646f
51.666664,55.166668,56.666668,56.0,53.666668,e1a184b3d7fe960bac87efeb0fc0f5cf
55.0,60.166668,57.333332,75.0,61.333332,93b63931984005b6b24d0b213b46f61b
,,,,,d91f14c9f0f5e27fdefd745b5c154a0c
81.666664,60.833332,55.333332,72.666664,58.490566,c2f3058e2bee05bf17911c847fc827bb
55.0,52.14724,31.818182,65.384613,56.0,3481be46ed14b44101755ea4a326e9cc
100.0,100.0,0.0,100.0,0.0,c849050595d81e8fbe5eb34dade47db7
70.0,55.700325,0.0,63.08725,63.291138,d735ddb457a0d137c6c46d8153eba39f
50.0,54.5,55.666668,64.666664,53.666668,f36d846979fe2aaaac0de203bc1c111d
78.333336,64.666664,66.333336,79.0,69.0,42623e037e749483cdc4ecc20652003f
56.666668,51.166664,46.666668,60.185184,54.666668,d307763fd209492574ea383046a1275e
68.333336,57.333332,59.390862,72.0,57.0,0136f10d0f040ceb86007bbb3ef41231
86.666664,54.666668,62.0,78.0,62.0,d0646bc50cb2f86d8ca25dfb0e851de4
63.333332,62.0,67.0,100.0,60.0,92ddc79a54a31a4191d2da3105a5f37a
46.666668,46.666668,45.0,32.666668,48.333332,f85891777cd6744f68468ab0574de536
46.666668,60.5,58.0,84.666664,65.0,655b40d2133c458bdb9930103960c61e
71.428574,58.333332,59.259258,60.0,65.277779,4f2aa7cd9dc3c389968b51f17e4d7235
0.0,0.0,0.0,0.0,0.0,e429485f98c96d823a27a38a592f5feb
50.0,59.500004,60.000004,73.666664,62.333332,120cc58a11edef06fb75e79e387c2047
,,,,,e4f1a94eb732f69c784e91776c71f5fc
63.333332,58.833332,57.333332,73.666664,55.333332,bf8be389fa47776e0f61b7faa8d85d0e
46.666668,48.5,50.0,59.0,55.0,8613d37706c65dd87efe3c258c4b249c
53.333336,55.5,52.999996,72.333336,50.0,6a912fc219accde193dad9ee3e6595cc
98.333336,64.166664,51.0,75.666664,48.0,8dd711c6930202ec3c10fc3a310d1277
66.666672,52.166664,49.0,0.0,54.195805,2bef6f4102311b3ecf7ffc9a28c430cd
45.0,57.166664,50.0,0.0,55.0,5a16d5c007deb76ff4f3bd6bc85fa89a
100.0,60.666668,59.666668,71.0,57.142857,3df995f5c9e2595073ab5c9474e19bc9
63.333332,56.333332,58.666664,52.777779,52.0,26661f4f5ddcb8469a87ceeee34f4ae9
23.333334,49.0,45.882355,61.0,49.0,20d7ef5a5f0c9027a9832e9f73980e53
55.0,59.500004,56.333332,70.333336,59.666668,3b9b8b6c99701e425ada3e0fc72322c1
100.0,77.160492,0.0,85.666664,0.0,d733e39cf5503960fb9cd0579d9890ad
100.0,56.0,59.666668,60.333332,66.333336,22084df93879de54941beef010532acf
100.0,70.5,69.0,80.0,65.333336,74f29f7711ab53794b07fe5912d6c12a
30.000002,47.666664,46.0,53.666668,52.333332,4395282272057620eb2458efacbfd9d6
50.0,51.666664,49.704144,60.666668,51.666668,1c7b3bb48bc506576e712675cee0eb3e
45.098038,54.391891,56.451614,0.0,58.46154,8b8435e18faf9002798dd6242f6e5d36
58.333332,59.166664,58.666668,72.333336,61.0,1b582f36ae431ec43cc2d2dca0bf339e
50.0,57.333332,66.333336,76.0,57.666668,5d85bab69f1f6eff7758de6f45da1c3e
48.333332,58.333332,60.333336,70.666664,58.333332,fc1a6eab9f421be155b7b9146335c44e
55.0,55.666668,50.666664,73.666664,47.333332,b380b2a67742eb44a200cb585e74d7f6
55.0,59.166664,60.666668,66.666664,56.666668,02d81b50de0ce438c9c21fd76ad53655
43.333332,53.374229,52.739727,67.346939,53.284672,f2088cb91ccd358567adeacfd672ef53
76.0,64.730293,57.142857,64.912277,71.21212,f9e93a0b2fec7db438bd28f6925a2f70
60.000004,58.833332,60.666668,68.333336,62.666668,dea48f896861786eed777dea79e29f98
86.666664,59.666668,57.0,74.0,60.0,e351bed0bd52e941c62b4df47399581f
45.0,54.666668,48.0,67.666664,45.0,7de1c247f0885a830cac74c8afca4560
48.333332,53.833336,55.333336,62.333332,44.0,1e0fd0ab10b5c4ffbb14770326588d8d
100.0,57.333332,57.666664,70.0,58.0,6029cea7766c06729f455389d0641624
98.333336,63.166668,66.666664,75.333336,64.333336,a88da456e8efee6b05e559ae3ab9fd5b
100.0,74.0,93.0,94.0,94.333336,5a1b09eb3fde9715e9fffb075ea8c0b1
51.666664,55.0,47.333332,65.0,54.166668,967f6b9bea9fbcad115ad36953447b64
36.734695,47.355164,47.916668,67.073174,80.0,9bd7d64578221963e442a931e5d4d89e
100.0,70.333328,71.666664,84.666664,68.0,44e182a35389fa081f00b2e82819159a
95.0,77.333328,75.847458,84.666664,66.336632,e9dac9c57af35bd8cf434e6239a9fc3f
100.0,69.166664,67.0,83.333336,51.666668,579146791d26cea6e11c6f7649f957b7
50.0,53.833336,53.333336,62.666668,50.666668,5915ed69ec8a8c2be7c3f4fbbfdfee40
100.0,72.5,70.0,89.333336,80.0,dd58a01cd9a23c6bfd068d0258eb4e72
98.333336,61.833336,64.333336,79.0,52.333332,a69148eef542904110a495c48b4bb35b
62.962959,47.166668,47.666664,67.333336,34.666668,47f564778ee893c688a7adc4c303c103
96.666664,74.333336,74.333336,85.0,74.333336,fd85308f3987feb460bb34be92c75386
36.666668,58.999996,66.333336,67.666664,60.666668,a187d175f943f8b6bf1ab0e69a13826f
91.666672,63.166664,65.666672,74.333336,66.333336,46ed743c39fea43c228dec42f3a771a6
55.0,60.666668,57.666664,80.0,58.666668,91842acf8ddae9170361dd4b91021175
100.0,66.0,65.666672,83.0,67.666664,c5085490bfe6925f4d8d902d3fd996ae
48.333332,56.166668,55.666668,79.0,57.0,0405878b861ba46a0ecd961ac737963e
45.0,58.499996,50.666668,68.333336,55.333332,4bb997a7f1c21ab2c681cb52408b771f
46.666668,57.666664,54.71698,70.333336,46.42857,01e418adbb180c3899de0ae34dd9789f
43.333332,51.666664,52.666664,63.666668,51.546391,b749cda7cd2f3182664ca89224fb2929
85.294113,49.666668,48.666668,59.782608,44.333332,8a586766e35a66b12e61adfe77ee3345
65.0,56.333332,52.333332,98.666664,60.666668,57d78b214f2d3d3c026215be9528efff
46.666668,49.5,50.333332,56.0,52.333332,8fcceda225ce8b77ecd48ef844b0793f
100.0,61.666668,62.0,69.333336,54.0,ec3300d4f9f4f1be32d7e082ebcb6d19
45.0,55.666668,53.0,60.333332,54.0,5a7cf65265ee9966eface4ee8c8fbfa6
81.666664,61.333336,55.333336,73.0,59.666668,e5719b82d752dcce65256e444a540958
46.666668,52.333332,49.0,49.019608,51.666668,284c18d64828530106ef73d63c9bc077
48.333332,47.666668,43.0,39.666668,45.333332,0f0cf6a689653b28c6d704c777cdd570
66.666672,56.75676,0.0,67.5,69.230766,51dd016337e371792658cf53057b9cc5
45.0,45.166664,35.666668,70.0,40.0,ab5e7b1c66e61c0371d0fb5f3b78154b
81.666664,62.0,72.666664,80.333336,60.333332,2d4702d5ab3a7cc1a4001a51ba9404e8
51.666664,58.0,59.333332,64.333336,49.0,38e8c109e706516de047c5902d4e0f70
63.333332,51.333332,56.0,59.333332,55.333332,19104fa876bd2ff725f3995f5a478910
100.0,81.333336,0.0,99.666664,0.0,de627e2940d2ceb5d6fab2a738b9d860
50.0,56.5,49.090908,64.333336,51.666668,766cb6d70a56870a31b58101bf4747f6
100.0,66.5,0.0,73.333336,61.53846,8be5f3f717818b7eba82149d02ea4f7e
40.0,56.166668,54.000004,73.666664,48.0,6c4df67c8bba255a4e464dc04d941427
54.761906,51.256283,55.555557,58.666668,0.0,99d97d9d16a681cd89d1e7c827a27911
100.0,67.833336,59.333332,88.333336,0.0,ff1fb9a283d02bc12a4059b277cb9cd3
85.0,62.5,65.0,75.333336,65.0,770d6e0d64e4e40b3c6e06321bdb69ed
46.666668,58.0,57.666664,71.333336,56.666668,be40d1d729e5d2a12ab77d236f7ca645
100.0,57.666664,49.0,70.666664,60.666668,bd785e176ee9a3a7a8d837288a42caed
46.666668,63.5,54.333332,73.0,58.0,983948af2a5f8cc5762fdaa785a87782
51.666664,43.333332,45.0,56.0,43.84058,d45038d8ff32f9ed5d7f01294af5d68c
73.333336,61.166668,56.0,72.666664,62.333332,8557c91e7291dc04631f23efb066b733
61.666668,63.166664,61.333336,77.0,68.333336,e39b66d3d5b10c1bc98839097223a881
100.0,63.333332,55.333332,61.53846,62.666668,7cd4503eafa357b776a83f1ece8f39cb
63.333332,63.5,64.333328,83.0,63.666668,b6478724e45edc5a3c1a68fc1d246d0d
83.333336,58.833332,46.666668,73.0,100.0,f6d3c6d822465963c15439aa8f5250b3
61.666668,61.666668,62.333332,68.0,54.0,a88385953efcd6198fe30874dd875fb7
55.0,54.833336,54.666668,64.0,59.0,f31bdc2e6e5a7b749b4aac527411ffc3
56.666668,61.166668,64.0,72.0,61.0,36c99bc038ba198c2fc0b2ca59a17815
88.333336,56.166668,55.0,64.0,57.666668,7a06c09e0dce5bc8ea1ab40d00d12a49
61.666668,57.333332,57.333332,71.0,64.0,c2bbf914c13636dfa119709d763910fb
60.0,51.166668,61.643837,0.0,48.333332,1e65f341d5d1db5e414c9352193aee1d
53.333336,50.833332,38.333332,42.666668,50.0,5991780600f8706dc8d603fb28bdf5e2
100.0,60.833336,60.000004,70.333336,61.78344,bf552b1d6edb03a8086be13a6907911f
50.0,51.333332,47.333332,60.0,54.666668,3912b69b1ab7f0287e6b2ad9cdde5e40
48.333332,54.166668,51.666668,68.333336,48.666668,4927311908b62f04caa5153ecd5c1d1b
30.769232,54.545456,53.012051,57.142857,69.230766,18e436caf38fb4823d3ef33e9eff0982
48.333332,52.999996,54.666668,60.563381,64.516129,be7f9957de91e2e0233992bbee3c97f0
30.000002,49.0,50.333332,0.0,50.0,7571c5e2df7391194cf1ec02bdce1845
53.333336,55.333336,48.666668,59.333332,49.666668,03b94b4aaed378998f8c6055c996895d
50.0,63.333332,64.666664,76.333336,62.333332,3cef12825374dcc0c3499ef15e0cbba6
53.333336,60.833336,56.666668,68.333336,54.0,c9d298982642462d026007f4f93474f3
70.0,57.5,54.000004,68.333336,59.0,97c838b8dadb430fe0cf8409fb6f24d4
50.0,47.5,39.666668,53.666668,46.0,2ae56582b589550bc1ffbdd5859e4605
50.0,54.333336,54.333336,59.666668,57.333332,109a3c427e092d6b0b3844800e2c0e1a
50.0,56.969696,0.0,0.0,52.447552,03fa501341a2fa63848ed2f931d05141
91.666672,63.5,0.0,76.666664,0.0,604b39adfef0824e2bb1510f17644a08
93.333336,54.833332,54.333332,67.0,56.0,817d474f8c723f028ec53466dbcdcbde
51.666664,42.666668,41.666664,54.0,50.0,e420541c6cac9d6b58f720d801078e01
48.333332,54.5,52.0,61.0,50.0,bc358a102f4f4681069b4cf9c8a91c6e
60.000004,63.0,62.333332,78.666664,60.57143,d4d54ff399e02a884c3a29b8d0f76bf7
70.0,55.0,52.0,66.0,54.666668,25c304ecd1f3bbd17e8bd5daf3f8791a
86.666664,47.333332,47.666664,59.333332,56.666668,71bdce0088162edbb6db96ed1d2d0820
82.978729,62.0,56.390976,73.0,62.637363,e6cf6e73d7262f61dca66df7e3ac2305
58.333332,57.333332,56.0,55.333332,59.0,79d56f4f87627e7c3f899ef16a2324b7
100.0,66.666672,69.333336,90.0,65.666664,895d02c1a9dab3a32ba0d65b374e9355
88.333336,64.5,66.333336,85.0,70.666664,f10f25fd064f7e23e426cec4af93aab1
96.666664,67.0,67.272728,87.962959,65.666664,cd0254b25571248cae1523b5b723c187
52.083332,53.830231,0.0,62.666668,40.0,5100560b5127802c827f73f7db6b5299
58.333332,64.0,67.333336,75.333336,65.666664,cfcdecb3308e7d631634c5b082791071
78.333336,72.5,83.666664,86.0,82.666664,607a2be8ce2321f1a38711652dcd6484
45.0,49.666668,52.0,52.0,55.555557,855523a27f6961ae1bae148ed358e897
85.0,55.5,51.333332,67.333336,44.666668,3929f14f59315fa59ee3404358bd8aad
100.0,61.833336,66.0,75.333336,63.666668,92bb3f9ffbcd4f1c0a0ec8d60d33f14b
58.333332,56.333332,65.0,67.666664,54.333332,438ed68efaecdc65677febe6b757d194
56.666668,49.833332,50.666664,66.666664,46.333332,9be965c7427ca308dc628447433913c8
100.0,79.166672,75.0,88.0,75.333336,fa5fb4b9ec24ddd10908ef975f2f0108
,,,,,c4f8eef70a3592eee199425c27efe5f1
51.666664,52.0,52.999996,50.0,49.056602,71abaae01aba3f3afb32d075022665c9
53.333336,56.166668,54.666668,0.0,0.0,964f3b777df0d000f66308224379f15f
81.25,61.139893,58.024693,76.315788,66.666664,003d0b600c59e36feaa73cca3994a408
100.0,72.166672,74.333336,87.0,70.748299,012e622254f0024d03b6e88db7b62e22
90.0,55.833332,61.666668,67.0,60.666668,91e4969aae0041b5fcf1de8fa5b7b046
51.666664,55.5,55.666668,63.0,52.333332,783e3b46481bb0f7dfd6b6557399ff81
100.0,73.666672,69.333336,82.666664,71.666664,88c7e238d0b187259e62a509337014dd
83.333328,57.833332,54.71698,64.0,67.391304,9e7f7390f9f0fecaaf9517d0cd52db47
48.333332,52.499996,52.666664,53.846153,56.666668,1e51738d7e451a9790159ccd29f2043d
98.333336,58.833332,61.333332,74.333336,61.0,21ecc9d162b6976e6874812bd89db38e
5.0,61.166668,63.666664,71.666664,59.0,0d6f8e5a184ac089ce34bf48f3003c38
55.0,53.166668,52.666668,50.0,52.666668,c86960708b3cfcbfef81b0620a013753
100.0,80.555557,0.0,88.46154,0.0,98415bb884faa7fc2858cfa84886f0df
100.0,76.833328,0.0,88.666664,0.0,8dfdfbefaee6a09dffe9450d037278e8
56.666668,58.833332,56.0,71.0,46.333332,32ec9fa271c7a520e296dcd797ab5eeb
45.0,56.0,57.666664,63.333332,54.333332,e437dc6081c673df101bfb2ef1265a33
51.666664,59.666668,62.666668,67.666664,62.030075,59b07f21113db19afff601f1bd24bb4d
61.666668,61.666668,60.333336,77.0,68.333336,38541b3bbc59a53af3339e84e2312dda
55.0,54.000004,51.636364,100.0,54.356846,e7f3d3cb8427626f3e983665e28c33ff
51.666664,47.5,44.0,50.0,48.666668,c7abe05310ed565ee8c74b417416ea51
50.0,64.406784,0.0,78.125,0.0,8e58ae8e743fdd1be3c4aa49959503bd
91.428574,62.989323,0.0,74.666664,70.0,dd68a8d4c783ce05fc92057d53af4f9b
92.68293,72.232643,77.41935,85.606064,0.0,a1f11bafc78171b7d2a216de6150e47b
46.666668,52.166664,54.666668,44.333332,50.0,f920c51fcb7ecc8b120d554b4a5f9923
100.0,56.333332,56.666668,64.0,50.666668,7d05df80fdadf9898a261510704664ba
46.666668,73.666672,77.666664,87.333336,71.666664,cb48f1c74757213dbe23fc643c1d0be3
53.333336,57.666664,56.666668,73.333336,61.333332,540000743f96e893dc467965c9b95d72
50.980396,57.377045,51.851852,0.0,62.804878,f8f98fcb83b87b08b56c4d113a8456ba
56.666668,55.166668,59.740257,63.666668,53.488373,a78800746a3fdb23e46ea90423516adc
51.666664,59.500004,60.666668,76.666664,58.666668,67ec1445c0b712067c75ff994702b533
48.484848,56.896549,57.377048,66.32653,44.897961,89078f1bbb3a60bfee94c6e621989379
60.000004,51.333332,43.666668,60.333332,54.0,0b3c531f07dbcf15100e4b9d0dff5a8e
0.0,52.666664,47.333332,65.666664,45.666668,3151975af5744631a41901c96ab7e189
54.000004,52.354568,39.130436,61.452515,56.0,a0a3b0f9e45f8fb84798a40f1290ca6b
33.333336,49.5,44.333332,53.666668,51.666668,cab8ee42b8c50ad8f460d5675489caa8
46.666668,60.333336,60.333336,83.333336,62.0,495695c5186471ba0636d8c3e6278d4d
69.444443,52.833332,58.18182,62.0,100.0,1cf448a29585aa7b2a4cd3d389a50af0
61.666668,42.166664,34.0,52.666668,33.666668,42f4fd9548b009767dab36495c8d75b8
67.391304,60.000004,0.0,69.0,0.0,aca1ff1b37b1fe852ea2782c424ef2cc
18.333334,50.666664,56.333332,61.333332,33.333332,5b587064099e9c92d1d2b1b73f92fa8e
50.0,61.666668,61.333332,73.0,60.333332,b46d3e07cac4798c5bbf7853d794e3da
,,,,,6013b18cbe747226982a104a6b5fbe0c
75.0,58.666664,61.832062,72.0,50.0,d23fe1632f3f21fee4c632bf3739c501
51.666664,55.5,56.666668,69.0,59.0,68f96715bc9e2320d83eb33d48b3bf1b
80.0,60.833336,57.666664,74.333336,56.25,dd887e6b3b0469d264797b4b49af34fe
100.0,61.844486,68.518517,72.727272,57.0,74d5bc3607a6b9b9ba8b06cbbd28222f
50.0,62.666668,55.333332,71.0,57.0,adda23744c9d4f133aab21426a1ef9ee
50.0,51.48148,50.746269,64.743591,42.553192,a8b730d005d5417fb5905504bf4aef0f
56.666668,59.833336,66.666672,74.666664,59.0,bfe219d139e6cbccb92905d99b8ded8d
51.666664,54.333336,53.333336,64.0,52.666668,4eaa7db077f085c49e230ba22f230837
45.0,51.0,50.0,65.0,56.25,9f2d24ab630bdf5b4dafc148bd13cc39
81.666664,52.833332,41.0,60.666668,49.626865,c0c4e6388a7add5e8a171f9fa5890d68
78.333336,55.333336,63.666664,63.0,64.0,10042a44c97f01d174179ea76ed6a6bc
86.666664,58.833332,61.0,69.666664,64.0,a1346cebd83fcc934ec274a2e91c843a
86.666664,61.5,66.666664,74.0,65.333336,e2cf2aa4a908a07bad0c8bb84576eee3
53.333336,51.333332,52.333332,55.0,56.666668,026267d573f2631b2a77202b0d5c6469
98.333336,61.166668,57.666664,65.333336,68.156425,06ff99b3d2e5ece5f7ec458f6b48c996
58.333332,53.169014,58.60215,55.555557,50.0,4ed792e406b193ce14bff2281d3387f4
78.571426,57.07317,58.959538,0.0,0.0,7dd215c992f4029e4cc10b36f5d9d72b
46.666668,47.333332,41.509434,59.333332,42.333332,dddc62da484a1e417b95c9403236df77
86.666664,61.166668,63.666664,72.413795,100.0,502bd6a28f44826f3dace4ac09c60af2
61.666668,57.166664,65.333328,66.666664,60.666668,f759e275f208c68c55a5915cf79a3559
56.666668,54.166668,49.333336,0.0,59.333332,3cf7b28b5abdb6688f9de5653f994c69
91.666672,56.5,54.666668,64.0,50.666668,6e4a4e8883700d65afe24ca42723613d
100.0,51.166664,49.666668,88.888885,0.0,f763ab73e1b8d8a7fb8be880a341675a
82.352943,56.914894,0.0,64.846413,0.0,527b0076d85741b44114ea5939fe7bd0
90.0,49.166668,44.0,51.666668,36.666668,4ae4a57c9ee04fe5246d36c72b940f8a
70.0,62.333332,61.666668,77.0,65.0,f334c37e0c7c6f118143a1d7af3ccc25
100.0,69.166664,63.333332,63.666668,56.551723,ee2e7f2743688fc61381dff85de3f337
98.333336,61.5,64.0,0.0,55.333332,c511d5f4a0a3f79c723f09bb59edaeab
56.666668,60.666668,57.894737,75.333336,51.333332,809157a89d859de8c3d41dbb25856620
70.0,52.166664,53.9823,66.0,52.272728,9133015a117b0505796f407562676187
46.666668,44.5,42.0,63.709679,49.666668,a8184e34117b44e70acd86dc2a32e192
85.0,61.333336,54.333336,80.666664,54.333332,3ce2315d183df77820031321145de21d
21.666666,50.333332,70.0,57.333332,45.666668,cc3530f39937b4c12bfcdd4c98ff365e
100.0,57.671959,59.7561,0.0,0.0,cad4fbe22ef3c0a144f136fbbf8d5bbc
98.333336,68.666664,67.666664,79.333336,69.0,67eace77bd34ca7bc099b51018007dc1
93.333336,58.0,57.333332,62.333332,44.666668,d0f1c9f9611efdd7713d9d7ca6a2103c
46.666668,56.0,50.666664,70.0,55.555557,c34952d9578663821e8477aae2615ea2
61.666668,62.5,66.666672,80.333336,66.333336,a60bc18c3f8fc18bf2f2c664e9ce4375
46.666668,48.166664,40.333332,61.0,49.333332,2e0cdcd12b08190b72a0e82bb2074e94
66.666672,60.689659,0.0,68.367348,0.0,bbc5ff91ec1650286bc07b8351246210
50.0,54.666668,59.333332,58.0,49.0,dd90338a9aa440cb59fa161c82bc95fc
46.666668,70.333336,68.333336,83.333336,69.666664,396e17a699fb90fd735db12dee9d878d
60.0,63.5,63.0,75.0,63.0,b82c698299929d817ddf3cec11c9f4ea
43.333332,50.333332,50.0,58.333332,51.333332,7c22577fe574631a09841def0bf2594d
40.0,47.5,44.0,60.333332,47.0,0907186c545595489102a1612a8833a4
50.0,57.833332,60.000004,0.0,64.666664,7c34db75cf3687c4796b1188029b1105
73.333336,61.666668,65.333336,78.0,62.333332,c43a357091d510640782af11cfe390e6
48.333332,52.499996,54.666668,76.666664,52.0,87fbf16442eb0fc1013e211011e59337
,,,,,4a5d548b87e3ec942a3050327a524e19
61.666668,55.166668,58.666668,64.666664,47.058823,955d17c31e06ca578cdcd27fbaf4d404
48.333332,56.333332,50.666668,66.666664,53.0,f268d422def1300c344d38d5c7dd92c4
0.0,75.0,100.0,0.0,0.0,56cfeec2f18746698562b416fb147089
48.333332,55.333336,58.333332,63.0,47.333332,379939017e20de784bd7ccfc35516cf0
73.333336,52.666664,48.333332,75.0,51.666668,a9280fd928de269ade81e1add5761d7e
68.333336,60.166668,58.333332,63.0,68.75,3044542e736279f9f8528527a0124d9f
85.0,55.166668,58.999996,55.0,53.666668,1a963170a056f4d0af3902ba540a9f5a
65.0,64.5,63.666664,75.0,60.666668,0b618f91e7189d9e6a2f763ae1e7860c
100.0,55.0,55.333332,66.0,50.0,0c464b65c0988d247d09d2f94a45890c
100.0,81.0,75.666664,92.333336,76.333336,18009d6772a34b26ab65b5c3dff5fdf7
0.0,64.516129,60.000004,75.0,72.727272,ce9439ca59ebe33bfa52c53cd02968c1
43.333332,52.0,43.666668,61.333332,49.666668,729bbf6aa98a09b60f974707710b76fd
90.0,56.166668,55.333336,73.666664,60.333332,2cea2fabb79ee499c0c1751d5aa02de1
71.666664,64.666664,69.666664,87.666664,58.333332,92ca6756f34450f84215c32363044a37
95.0,61.333336,61.0,66.333336,53.125,e792330af7df69124dbe45a80df29b2d
44.827587,56.089741,56.87204,0.0,0.0,df5af515e27b615494d6693e56b0ed63
100.0,65.166664,62.5,73.666664,65.217392,8ef98852f8218ba377f605e1714cf3b5
56.666668,54.666668,54.666668,52.333332,58.333332,4953b157d3f0a4cb029188c515451771
58.333332,55.5,59.666668,54.0,53.666668,5205b1df5bdc5777e521fb333df2213e
98.333336,66.833336,65.0,81.333336,72.0,cc8f1c7ddca740b2130d0b75ed5116d4
95.0,62.166668,57.333332,68.666664,60.0,c549402aaa799801784cb89feaabf3d2
48.333332,49.833332,48.333332,37.254902,43.434345,dcd8c06d9286620d37ac7bde2c056704
100.0,71.0,67.0,85.333336,60.333332,cb5f1cfe33a48281ad3b2c0284c4ed61
55.0,54.666668,0.0,66.333336,62.83186,501a248233a2f67803af126dbddde632
41.666664,52.833332,52.333332,55.0,50.666668,d86834be8fd750a1de8197706a354655
48.333332,56.0,57.803467,62.323944,57.0,699f08dd9d661e0adfc2c3d6fbefb01c
100.0,64.5,57.333332,73.666664,67.666664,08a0f75e671805b8d78b8662e46681c0
65.0,61.0,60.000004,76.333336,51.333332,a97b902fb4df840c106018b28005c6c1
93.333336,70.5,56.666668,92.0,58.333332,0a84e557e15a9426fe9f3bbffa0ef2b9
90.0,69.863014,0.0,0.0,75.438599,1f86bfafdf027296c104b7d985d14e71
56.666668,50.333332,50.333332,63.0,50.847458,f1d419c22f9c81e4f4ab821cd31884d8
55.0,63.5,68.0,77.333336,68.0,cffd6904b3ef10b6e0353fcef1750689
55.0,58.833332,59.333332,65.666664,66.666664,08d4d1fa0dcc4a7dddfb57728bfeb2ae
53.333336,57.5,56.53846,72.333336,0.0,9916598ae81bbbad03cb91129b06d217
100.0,62.666668,61.0,72.666664,59.0,6aa748988f666571d9af07c17941cd25
100.0,49.833332,50.666664,0.0,50.333332,b4775c8c1dd198d8a35b471a6d22f13d
,,,,,d1d1fb6bb1f68bf8f4948a355b5ffaa9
48.333332,61.666668,63.0,68.333336,59.666668,161197812850b4480adda8e1e5c22750
51.851852,56.73077,0.0,54.444443,65.217392,62c861aa5601c86000d135dcf7c1862f
53.333336,51.666664,56.0,78.0,56.0,36c46d331d65cce5429e27aa4944c5ee
50.0,55.0,55.666668,65.656563,55.438595,2cb4fc63b93d15eebc07245eca4e8c81
48.333332,45.5,46.333332,50.400002,50.0,93ff1b46406cf53dd8d596f65947a120
85.0,60.000004,62.333332,70.333336,61.0,6bef44f445384fb289ad44abc92a1f1a
60.000004,63.166664,71.0,0.0,59.0,8e0e5a88ae6189345ff50ee07fe90b8f
50.0,61.666668,50.333332,70.333336,58.666668,a798cc38ba7b3f6d01659ab9ba803deb
0.0,64.321609,0.0,77.519379,0.0,a7b83e25e1ceb0b44c036bad7be1abae
51.666664,53.500004,62.666668,53.0,57.666668,ae9d6c9016f2af4d632113487414ef56
55.0,59.166664,59.333332,72.666664,54.333332,c1bdf79dbe9e3a64f437f0ffa917d5a1
46.666668,53.500004,51.333332,69.333336,0.0,22780fd8fb59381e0600fb375ae87767
85.0,52.307693,57.14286,59.0,25.0,48889886f501c39df6bed8b8989f1d26
100.0,62.333332,48.484848,77.0,57.471264,4236821c928469ae19441ace071dbbbe
95.0,58.833332,56.666668,64.333336,61.666668,44bb2d0de3d2979a8af871f8734b091c
46.666668,45.333336,41.333332,55.666668,47.666668,ebbdb29332dd1412c0e0fe007ec9ada5
86.666664,62.0,60.333332,75.666664,64.333336,770d7f9d5847e2d8ecedd0f043108ad6
53.333336,55.666668,54.000004,68.0,58.510639,c27d1893afdebbde336433b9b1b46638
56.666668,58.166664,57.333332,69.333336,53.666668,cea4a7c89a31eb7858193e4ff075fd9e
48.333332,49.333336,47.333332,54.0,44.0,89854a41147b30e24291ff44e007823b
50.0,52.0,52.999996,63.666668,48.333332,9236cae9ed7baa27ffa325e9db967f68
95.0,47.833332,43.666668,49.333332,42.333332,7b7da41a193dcd80f799beb559c1fbad
90.0,58.333332,58.666664,53.0,56.333332,181a42151308c7acd449d72395ec4dab
45.0,54.000004,49.666668,64.0,51.333332,c02fe29e9d4252356b1afcdd6cfc7af3
53.333336,47.666664,45.0,64.333336,47.333332,d66a27fa856062aad4832b967246180f
26.666668,47.666664,53.333332,67.0,44.666668,94090c9f956327d34ec48689b133234c
40.0,43.166668,39.0,56.0,51.0,52ff4f416bdbe30d7f88364e11ebbaee
51.666664,50.666664,53.459122,66.666664,50.333332,64317f36e65e68577286e09bfbab022b
41.666664,47.833332,42.0,50.666668,44.333332,c840493a42e0e9a57b6d82ccee9c8af4
50.0,51.5,49.666668,63.666668,53.666668,c31ff64f873a966d228a110d3280de3b
48.333332,60.833336,57.666664,72.0,58.0,15cf22393280cc9c3650ad74bdd92b59
50.0,30.000002,73.0,86.666664,76.0,61d574ac8c25243e5d4b840f4ea982e9
60.000004,63.166664,66.0,79.0,58.666668,7dfb0592d0e22dad80c64662ee1fc059
55.0,57.333332,58.0,68.666664,55.0,25f7fb7e5362200a33bc5d1d56cc95cf
51.666664,68.5,65.666672,87.0,73.666664,052fe11aaad542264f5d569ef90ecc0e
50.0,54.666668,52.666668,60.666668,53.333332,902ca6c817f436a3b76329976af98638
66.666672,54.166668,51.0,68.333336,53.666668,4026da40f0a74220556f3e1c4b2f5035
46.666668,56.666668,55.0,63.666668,57.333332,2aa255cd2049dfc4a2e9f7e5b3177ab0
51.666664,45.0,44.0,66.0,51.0,2f8f42ef66aad8c17f96dee12590b3eb
93.333336,61.833336,59.666668,83.333336,50.333332,3b7e10dc8b96497c6f7e240d08e683cd
40.0,44.833332,42.0,71.532845,49.666668,2003571051f8469837c21fcae33ed70c
61.666668,61.666668,63.0,80.333336,61.0,e9334b3e3c6bc36a4f5e816925c3a5f6
100.0,58.999996,0.0,72.666664,0.0,90aacee187255d1f880229e3d84afc97
46.666668,48.694031,57.575756,59.803921,45.180721,0f2fa2066c86d878c3806b31c341ba1a
98.333336,69.333336,71.666664,83.333336,69.666664,174594ae32565532a673316987e3912d
48.333332,51.333332,60.483871,59.666668,50.333332,d4d4e66658a6d69bd6aceea5ec4dae8f
51.666664,41.833332,37.333332,51.0,42.666668,7624a2ab8c2440cce7e47331b255eb27
88.333336,64.333328,72.0,76.666664,71.666664,629692c9ced0f80d1edb22bd672dde44
56.666668,43.333332,44.0,48.333332,48.333332,5d59d0042f95012392c460b41178e47b
59.574467,60.666668,57.200005,74.333336,0.0,22723031d7abf482be8f1796c1fed155
60.0,52.166668,51.0,63.333332,48.0,ec9a069ad9c0083071c7b5ef77555af0
71.666664,61.5,58.974361,69.333336,100.0,18b82460acd3c585ea08a0aedeb2e859
53.333336,45.0,43.0,57.666668,36.333332,2243a0edb31661f2d3eeeb26807e5858
50.0,49.666668,46.333332,64.0,46.0,3259f682b743c43eadd002cc59d319e1
0.0,36.0,35.666664,69.333336,37.333332,42e4d5ed3d8c26f525f3882d81d91c36
100.0,60.000004,60.666668,73.333336,54.666668,33823c8b89e147c673f7f43ed7b938db
96.666664,62.0,60.000004,73.666664,58.0,91f6fadf7d829159b66f71ec086dcb1b
100.0,71.333328,78.333336,87.0,60.333332,26c7604e2110c9df8eb225884ae6eeeb
55.882351,55.5,0.0,65.333336,0.0,224a28a725adb83ef3476cf0c2e60a8b
100.0,58.0,57.333332,67.333336,57.666668,49d8fbbd3300cac8f2b7882b630ef12c
53.333332,46.333332,45.666668,66.0,40.666668,a3f727f36af962e37125cecb8b15d3f7
56.0,51.179249,50.666664,0.0,0.0,32c57f3592f8d23a5c36c3f4f8a426ba
91.666672,62.333332,63.666664,72.333336,60.666668,189715c17b7127128b68cfef6d58ed25
81.666664,51.333332,49.0,67.333336,55.666668,dee4b36723de263384d12d674f26816e
86.666664,54.5,54.000004,67.0,60.0,2bbd26f17484b842f81ecd3cca9a569e
88.888885,62.091503,0.0,67.5,0.0,d003b66f2ebc1ede22ed2aa71ccf9561
80.0,64.833328,66.0,79.666664,61.666668,353a0da4d2a5391b2adcb92047a44b8a
55.0,63.833332,63.0,76.0,60.333332,65c870e0e3af830f888d3dd360e0b84c
98.333336,58.833332,58.999996,70.792076,61.0,428d779d03183ed234ec99c9b55224e3
46.666668,58.666664,60.666668,76.666664,55.333332,49f468466f91dc59a234cfddcb133636
,,,,,db68d553f372ed4e463c9e70db24a5af
100.0,58.833332,59.333332,70.666664,62.448978,fea84497bacb22821f3802de6976dcf5
35.0,60.166668,58.0,73.333336,66.666664,1072209b94f7238f673b9e2ab24673b7
53.333336,59.333332,64.0,70.0,66.0,eb71034d115ad4cf7cfe0a29ae5943fc
46.666668,60.666668,58.666668,73.0,61.333332,2728682f9f4fee06a87d9c956efbc803
64.285713,50.595238,58.0,58.57143,66.666664,4a4a84b697bde5553aa923ae9d13fe84
45.0,44.333332,43.666668,55.333332,40.909092,b4b2a731adb78dc528689edddf9fdaa0
85.0,67.333336,64.333336,79.0,65.333336,84357c0241e6736903e4e422aa3a08d9
63.333332,56.166668,53.333336,65.467628,59.333332,f3ceb1dd00fb8402047598792ad1f8ae
85.0,68.333336,64.333336,77.666664,51.666668,dbb344cef056b5dc5c8c3313a416284f
52.941177,53.421051,50.684933,57.575756,58.620689,fa6c9626709c389c9bfb3ce357cacdc8
88.333336,55.666668,58.333332,63.666668,58.0,9e551ce788f54fb43fbdf88551f83434
46.666668,41.666664,37.333332,57.333332,40.0,a4efc1d7c6a4e4d3cfd02ba364326180
100.0,70.666664,69.333336,91.0,70.0,5ef03db5557aed94826792a515809b6a
51.666664,57.833332,55.666668,69.333336,50.0,edd1adea6cd980f8b4db0ab376634bbf
51.666664,59.333332,54.333336,71.333336,59.666668,ec315b6080878b5b395f7ef83a4a1137
100.0,49.5,49.333336,66.666664,56.470589,9a72823fcda0dcd310edacbe70c9b3a7
100.0,71.666664,66.0,86.333336,74.0,4c70141f1afa1b15f57d31776c92d081
48.333332,37.833332,39.666668,45.333332,43.0,4ae726138aaf035bb1003aa4a4aad770
80.0,57.166664,48.333332,67.333336,50.442478,e2eb47d5f66b072b1577a41df888bdcd
70.0,55.833332,58.999996,64.0,55.248619,7b3d8c4ccd7b7fd805dfd4025dac9011
50.0,52.499996,49.666668,62.666668,56.666668,db4c8d1a10c670a71db558bac80cefe3
48.333332,41.166668,32.333332,57.0,37.333332,aacf07455d3db27a0710a9708660e2b1
100.0,73.333336,0.0,100.0,69.811317,d83289d0b1377ab89e77851d623afa6c
0.0,0.0,0.0,0.0,0.0,a659d4dbccdde252737f47ace9ec6a80
,,,,,e08d243f31102b6c2a11b95c73adc75b
53.333332,64.833328,47.36842,74.666664,90.0,a6d6d9d1c5aa55cc4480999d59727c59
51.666664,50.833332,1.333333,62.0,48.666668,9efb03e5670aa6ea770a4711c550ecea
96.666664,65.666672,68.666664,79.0,61.666668,d97ea64f5a3db50f3a158328edf935f4
91.666672,55.5,49.0,56.097561,33.333332,233f05bdfae2a84501b24ef4190e9a22
50.0,56.333332,54.0,68.0,57.0,0860fd93bc89f27f85fdbb0b16a5e5e7
100.0,76.666664,0.0,0.0,79.333336,072528911ea01b8aecda399a3c01d6b3
50.0,61.5,57.666664,68.666664,54.676258,ea2566150af0cea235f705d65534e728
71.666664,54.000004,52.0,63.666668,58.0,cce4bd09f2f002733be7805a290e0467
50.0,58.0,59.333332,68.666664,55.0,4a5c51f0ac7e87353e32480e3b7e3978
35.0,47.0,50.0,64.666664,47.666668,d9b901750bb7ab4677d572dd4fa4b42a
56.666668,50.0,47.333332,33.666668,48.333332,a0550867b2f608ea37f0d90d347cc49c
55.0,47.166668,48.666668,57.333332,48.333332,85babaf867ee2182e9f4b478b56e644a
61.666668,55.333332,55.333332,72.0,51.0,16d4000a05692bd60ca8526d748c125a
75.0,61.29707,59.666668,0.0,100.0,b873fa0320ea3a7f1c0ffd63c41e4be1
46.666668,48.333332,46.0,65.333336,49.0,b1d603cca3a06d4243c4c3885c72eef5
46.666668,58.333332,61.333332,70.666664,61.333332,2d4c89ea7c33148bc2b35a1a80c8c935
30.000002,45.166664,49.666668,51.0,45.333332,d05e65891057cd6d6284fe55c77a5b10
58.333332,59.833336,60.666668,72.666664,70.333336,34e0803733bcaaec5301ac21e33519c4
64.864861,51.335312,0.0,0.0,51.333332,8afe554b304027f85fc6fd9adc0b3d90
90.0,59.333332,60.000004,100.0,100.0,691d6e3cd21f9658b5bfa9a7034e1239
98.333336,61.0,64.333328,72.0,67.666664,ed9394aa1593c5fbc16f81e49ff9a18a
45.0,33.333336,34.666668,35.0,39.666668,ff553d41736f8cd4ac40adcea1e066ed
63.333332,62.5,64.333328,74.0,60.666668,58cec55e83fa831f7d6a6a816242b667
71.666664,49.5,48.333332,60.0,51.0,fc8b04c1aa6718449cadf5d1389c586b
56.666668,53.666668,54.333332,67.333336,49.0,b38225ca78766077c1b59531d6fd3af2
50.0,61.5,75.0,70.0,63.636364,048da2db33a1b56e12487f5c47a7f1fd
68.333336,65.166664,63.333332,71.666664,56.0,c8a1a4f33d25f81eadb2ce0b9a8fc8ad
98.333336,55.0,49.0,70.333336,51.0,04460007eebc9875691785b39010be7f
84.615387,64.245811,0.0,74.45652,54.71698,fee4da8dfda5ea8382ed70af8a0daddc
85.18519,56.333332,52.499996,57.142857,62.0,2f49ce22e0c90b2cc7dfe9785bd3f3bb
53.333336,51.833332,51.333332,52.0,53.666668,bc9bd30de535c8c7f2cd74081448d1d5
48.333332,57.0,55.666668,64.666664,55.333332,94af27aa83c61cb6057d962d80a26ec2
48.333332,56.166668,60.000004,68.0,56.333332,0352c6a768014a8e822fc3a2ac585319
46.666668,49.833332,52.999996,58.333332,47.666668,ff5f71ebcc76a0023e80876aee9ed180
48.333332,63.666664,58.666668,70.666664,59.666668,25a88ba1f53491b509c175ebe6af0c19
50.0,46.333332,42.666668,74.333336,48.0,e84846846074d3bbeb45a0baa10dc463
100.0,74.333336,0.0,81.666664,0.0,4dda57dbe645890347feb57dc86dc4e6
51.666668,63.5,66.0,69.666664,68.0,947a2b9f2b14c33d52b93331a348db13
76.666664,62.166668,65.0,73.666664,62.666668,dd7604c9123d076e9d1fc7617bf16838
48.333332,49.5,50.333332,63.0,48.666668,f4d3629a13a469c9cc50d3b48e6e579f
78.333336,58.166668,51.0,69.333336,72.380951,46aff34bc820e464f7abee5fa89e30df
56.666668,61.166668,58.0,71.333336,100.0,61d3ef633109b47d4e8fe1762ea440ac
50.0,52.499996,48.0,62.333332,51.0,6258b1f20213096112679f2257f52cbb
66.666672,54.210526,38.46154,63.725491,36.363636,b5df85dcb741d84670dc2ca6360b1b44
100.0,62.333332,60.666668,75.666664,53.333332,6d13f7344d5aee653d4f623344c801ec
100.0,63.333332,61.333332,84.0,66.333336,278ba95b2addabb9edcc277def8a96be
95.0,51.833332,52.577316,61.0,66.666664,ce1a5c6fe0216202f940be27daf5a1cf
86.666664,58.333332,54.666668,65.333336,50.0,25ff9051570c40213ef3e6452f4134f9
50.0,57.833332,49.0,68.333336,56.333332,3f98539e614873797102e754873b881b
51.666664,51.833332,46.666668,60.666668,48.333332,f490ba66535ff10f1c2d87a0c7c3d9cb
100.0,71.5,77.666664,77.666664,72.0,4253443af73006999fdee1a0bee00f2d
58.333332,44.333332,50.0,51.666668,61.03896,07b7a8900f1bf2754fbdfebc0ee88c5c
50.0,49.666668,46.666668,61.0,49.666668,b9b659592387b4720333f1232376ab43
100.0,59.090908,0.0,61.111111,0.0,73ff95ff65289cdefab1d2fd698df089
75.0,52.968037,50.0,63.636364,0.0,2935eedaca3f5d6453fd894e08be838e
53.333332,49.166668,50.333332,54.333332,50.666668,94ae30ffbed3f35fb0bfb579643e573b
95.0,62.666668,61.333336,81.0,58.666668,d6cf12119bcd66714c95922f560ae8dc
73.333336,55.833332,60.0,0.0,57.333332,48bec16f5cc92d9a112748fe35175b53
55.0,57.833332,62.0,66.666664,57.471264,7005a72ff3cebf6121de204b4ddf42af
65.0,65.0,72.333336,84.666664,72.0,b1c090d0493f9e708e4796f05c2738f8
73.333336,52.166664,49.666668,60.0,100.0,f37d765295f9ebb1611fcbb19962327f
100.0,59.0,53.666668,70.666664,58.666668,0ca2a4083631691d9d35f6737a322ffd
98.333336,43.166668,34.333332,80.0,39.0,5e9587056cd610d14facddd0d83ee712
65.0,55.0,57.0,74.666664,55.0,81d427e54d953e876dc844269d61f060
,,,,,f694d0a11957bc99731e13907764f5e2
95.0,59.666668,60.333336,76.0,60.666668,562fdd34b4014e932cf7998b412425e3
100.0,60.000004,63.0,73.0,59.0,d0a41382c7748a6d96f7505a6686f053
0.0,63.286716,59.701492,75.757576,0.0,9ad5409135350024094186327d717d26
75.0,70.129868,66.666672,82.716049,50.0,a2aa414694cc9a3198d5d6183609ded8
98.333336,62.333332,63.666668,73.0,71.0,c35525f08ec5c2af9e1ab4d9233e02de
75.0,56.122444,59.493671,66.666664,56.410255,88512eae6b2b9af0c1c53303ad00812c
50.0,57.333332,64.333336,75.666664,53.0,5f9e8b0578c0650dcfb1386023b14c8d
77.777779,56.5,0.0,70.333336,0.0,81e2652b7a0bb9151b2cd5db442229fa
83.333328,54.000004,58.333332,63.0,49.333332,e84af445c033ae2b4c68cff984e3e951
50.0,54.000004,51.785713,63.666668,54.705883,26d301c6fc02d9a22c2ab6269c399a97
76.666664,59.833336,0.0,70.0,0.0,dd05440e0b1e6605a136d187812e7318
100.0,57.833332,51.0,68.666664,53.0,061e4c00117da1d0bc28ac3d3a583959
46.666668,42.5,44.333332,44.594593,40.666668,394a4b8701baef2a4e023613fb309b96
50.0,57.666664,56.0,63.333332,58.666668,60cab1d8cc4a48184ad854a3fd878a2a
,,,,,90d0fa0eef2ecd494de03b3288fa7e0e
43.333332,42.333336,39.666668,77.777779,100.0,957e39aaf2d8667291b2852287add228
43.333332,48.5,44.333332,61.0,46.666668,54f98e074e8b2230fc9db61965d93176
48.333332,55.833332,49.116608,68.666664,51.0,ef335cbb91a04867d33af5039cf98e97
50.0,62.333332,62.333332,72.0,56.333332,609978bf310642b749cf0b011879e2e9
100.0,64.166664,62.0,78.333336,63.666668,ee7db77dc862a88e06ff86728bd9737c
98.333336,61.166668,46.0,64.666664,58.666668,f90470ae8e245f7ddd1bc9eb5ce8d7dc
71.666664,62.833332,66.333336,80.333336,62.666668,080a2ecb557c6b24992a9f62b3ca8446
50.0,52.499996,52.666664,60.0,51.666668,1833098c36962cfe60d9f85a0745708d
100.0,58.0,58.999996,0.0,64.976959,a88af2be65e0ba8b2b601a6c7c28f6fa
98.333336,61.666668,57.0,73.666664,55.333332,ff6fb5fa190b6b408a46be54c37f2627
53.333336,66.666672,50.0,77.666664,50.0,063536b196ffc04e1d2beabec0dfe894
70.0,48.5,48.0,54.666668,55.333332,7da3d43e89e91fccfa92694041daf1f9
65.0,53.333336,54.666668,0.0,59.748428,eaba7b4fce4e637d3c7f1e72e52ead01
48.333332,54.166668,58.666664,83.666664,54.333332,0eeb1a96a02e120cb5660652d6accbdd
95.0,65.0,72.666664,77.0,0.0,ec6b0f70f474323660bc4e816c83ce83
0.0,38.251366,39.263802,0.0,0.0,fbf2bb19f450161678db557e07f267a9
60.000004,57.44186,71.428574,66.315788,53.333332,ff0a3be194396e139d9aaf35f2a53c48
51.923077,53.166668,47.236179,100.0,54.333332,99ac226ac4e9885d7ded14e477ebe5df
11.666667,45.333336,42.333336,59.333332,51.546391,2354d5cd6e5c01b2a197525aef874b14
40.0,45.0,40.0,49.333332,46.333332,6c979b69b0201030c178c6cada8ad70c
51.666664,55.0,62.666668,64.333336,61.389961,d2881d87c396594f3b415ab7bc484b23
48.333332,42.333336,39.333336,49.666668,35.0,0664fb9951acb88f50431dd59ca84f6f
100.0,78.666664,0.0,88.666664,0.0,109b9d64b1953906391fe111ce7fdece
60.000004,57.0,61.666668,60.666668,54.333332,bd652cdc1d4de03de68670ca62719b51
100.0,56.833332,60.666668,66.0,48.333332,9a6053c3e3bb782c3cbce6124d8c5af4
33.333336,41.666664,39.0,52.0,40.666668,0ae58240e392aedf81a66bc7928a20c6
50.0,63.5,48.0,62.0,49.333332,0dd339d73862de3ab11ed39680c7dfc2
95.0,59.166664,59.333332,0.0,0.0,047614dc5507d8d986d6fc4a4e533745
77.551018,58.921932,56.0,100.0,0.0,aa2bdc208e4200f5e47e658a45ebb6ba
30.000002,49.5,48.333332,48.666668,44.333332,0c9a6e4fdf320ffc3e8cb7fda7e4ce59
40.0,47.166668,47.0,56.0,44.333332,eb30b64a5db903a10222cd94e6af6644
0.0,0.0,0.0,0.0,0.0,de54a241e3c3fa4544ec473032c471ae
85.0,60.333336,58.333332,75.333336,0.0,d53de16b99922c976294d61a5631b390
100.0,66.833336,64.666664,76.0,68.333336,c73a22b6f14334fa6ab295360002c2fd
41.666664,56.5,56.0,63.666668,50.333332,dd831c84c5923403c493428fbe972528
45.0,45.0,41.666664,52.0,47.5,8a75e746de5b443a2819a666741a2810
58.333332,60.000004,47.666668,74.0,54.0,da784611a27e752ac2bb69eaecd52097
90.0,55.833332,51.0,70.0,56.333332,04d1fd5419e6e82352ccd480ece65748
51.666664,62.333332,59.666668,75.0,0.0,742bab1bd01f243b4e537ef6c7eddaaf
100.0,72.666672,65.779465,84.333336,67.346939,998ec5ccca58432bd6f7fae53ccd7282
70.0,63.833332,57.333332,83.0,0.0,5b806171408c0c03d3c5ea33b9452c2e
51.666664,56.833332,55.333336,71.0,66.666664,ab957544c77edf2180c2683690d03529
100.0,76.5,75.333336,94.0,79.0,3b111174728458ca728f88919f735be2
48.333332,47.666664,42.333336,54.333332,50.666668,4b98e9279df9cbfa3cd3e4f7d471c1ab
46.666668,43.5,33.0,70.270271,37.666668,c900fddb6efadc9a6fe1adb5ccdc6bd7
95.0,58.833332,54.166668,72.333336,0.0,813e99aa1a6bb869047346cf7e716c33
50.0,55.666668,51.666664,65.0,53.0,5d408131705530dc8d65542f49156355
100.0,48.666668,52.0,60.666668,46.666668,11aece3ae32c91a5d48da4f02005a108
51.666664,66.0,60.0,81.333336,69.0,464b7daceba55f87b802acf5e77d7c7f
96.666664,59.833336,57.666664,73.0,67.099564,6b6e604df13b0199a3ac751d07f92405
100.0,66.0,68.666664,81.0,64.333336,be25881a2468c9d111b5e3698ccb1bcc
43.333332,47.0,42.333336,39.666668,43.0,874b67358c3c0007007f356ad01e60a8
62.5,51.898735,56.666668,75.0,0.0,4360cf85c54fc6702245ba2fe96eb290
73.333336,57.333332,60.000004,69.333336,55.333332,bf7d5222ef429a9b6818ff988c1be03d
50.0,64.028778,68.965515,77.906975,0.0,bf652982b913038e6a9dd6f88aedb24b
86.666664,64.0,63.666664,78.0,53.0,e9817aa012d45bf5471ea800b898d425
86.666664,57.166664,54.333332,70.0,54.666668,cab1af0b6ac9a716069bbaf8870c73c3
53.333336,49.666668,47.333332,63.0,52.0,458dce09541d8b4dd645bc4bbccc22ad
48.333332,52.999996,53.666668,66.666664,55.333332,0bc879293cac66c60e75d4de22a1db52
83.333328,58.833332,57.333332,68.333336,57.0,8a899769658d5e33111bc30818ecbda0
50.0,48.0,47.333332,30.333334,45.666668,9067d56638c1546f52ece1404db99c35
50.0,58.0,53.750004,67.0,62.264153,0edf8db49fdf58df2e3936c64e639d4c
100.0,76.166664,0.0,89.333336,73.333336,aa515d5d04402bd2b4eac3fba339f74f
45.0,53.666668,46.666668,59.0,52.0,1e6527c60406b80bfe7efccf8e4a99ba
73.333336,57.833332,58.666668,65.333336,47.666668,297f0ef018b8754e1434ec62740c9070
65.0,50.833332,53.666668,63.333332,49.0,bc10c4aa858abaacce48310f2a007eb4
100.0,76.190475,0.0,88.235291,0.0,5ed87a8d004353c82153666292cbef9b
0.0,0.0,0.0,0.0,0.0,2c82f5dadcdbd97052375e17fbfab8e3
,,,,,86f0cccfaf8edfd27f2ae6bf40549d63
51.666664,55.5,49.666668,64.333336,47.169811,fe1db468c66d4a2f236ec02e34576895
60.000004,56.333332,63.666664,70.0,56.333332,c69b1ec7532c5c4d495f037fee34001f
83.333336,60.5,78.0,70.0,57.666668,f4b52fa433911e56c82a1c9aae7f9273
55.0,56.5,53.333332,67.333336,60.0,321678412158fc4f9c7f4b334129243a
90.0,60.000004,52.333332,72.333336,54.666668,9ab732a986fb6f3d79010c349c79306b
70.0,49.166668,46.0,58.333332,63.513512,290a0881c96db9a29b8dc36da1d02466
50.0,59.833336,52.333332,71.333336,53.0,1fdcd39af6d1e05c095d252aa6b4195e
53.333336,61.166668,67.0,68.333336,56.333332,cc21eb3edce8e8e00eb9f10ea7f3c193
0.0,65.384613,0.0,70.833336,0.0,13ff47a0fa9431b003787acd37e59fc6
83.333328,65.833336,62.0,80.333336,55.333332,302cf3d52b39a070bbf935f877ed4971
66.666672,49.84127,59.259258,59.589043,30.0,14e3eb4e46c747050094146c71491125
35.0,52.999996,55.666668,69.666664,55.333332,1e54053c4dce0398db146f79f3f47ace
66.666672,50.0,41.0,62.5,71.428574,bfb205e04580253c93e529d330032b36
65.0,54.5,0.0,61.333332,0.0,34c790657d152676e77f3316e7275983
100.0,60.000004,0.0,75.333336,55.666668,85f2eb8083a04e3c86cd4fdfd5b8d954
100.0,64.5,59.666668,75.333336,52.0,225f7e878dcb9e69ba93dca8f612504c
50.0,54.000004,55.333336,80.333336,54.666668,a918ac309520c1f6781708a6e68bb130
35.0,43.434341,43.965519,77.777779,45.833332,9034bda6cda258f467572040a15445f9
93.333336,58.499996,46.666668,80.666664,54.666668,42bd97e135f5beb27e8db1b7b0d0ca66
,,,,,b75bcd48b8f95f858171c3ec00286349
100.0,60.166668,57.666664,75.666664,71.0,be2a967ffaf8501027b4fdceebe8c232
95.0,63.0,0.0,67.0,0.0,2c739264096a813f3d670ff0bd326a3e
63.333332,51.0,48.356808,58.333332,46.666668,448d59cb382c4100f083d393680f2ee5
,,,,,7a4be4cd67e5ac38a4b67784d41f99d2
55.0,61.166668,65.333336,69.0,61.0,c02c1e967e4ef17e2229afdc4507c1db
84.615387,51.5,62.5,60.666668,100.0,75933946369cfffce26709dda131a1ce
95.0,58.333332,57.333332,100.0,60.333332,4bc70905956ded382326fe37d33a1f2f
41.666664,60.333336,60.000004,68.333336,63.666668,f0195e57d8b8ec2146f882fc71cda4c1
75.0,70.050766,68.023262,0.0,0.0,b56f0d2691245f2571cf3b9f1db8f115
51.666664,50.166668,51.666664,60.333332,48.666668,05a18cd649ee37f1af1483b77be9636a
42.857143,41.347904,42.0,0.0,50.0,d3957ebda91a02b6a293b0bdf9351d1a
50.0,52.333332,53.333336,61.666668,53.0,dcf10cd5b38307f0be40e5ec8b0552bd
51.666664,55.5,55.0,68.333336,53.333332,aac436fe720a847cdfb4d6b6acaca36d
62.5,61.9403,57.5,69.491524,0.0,74cefc43c05dabb71cbabd7c108fc27f
100.0,67.833336,66.666672,100.0,61.0,07de6556a78d8a90a248686b1e8050d5
93.333336,61.833336,59.333332,69.333336,67.333336,ebfa759b4e5684fefe8ad4b1cf2afd9f
50.0,59.333332,61.666668,62.333332,51.666668,08eda9546e5f1fb347c1c1baf9995fe0
76.92308,57.828808,57.480316,72.727272,50.0,5d9824a4a3caf71975b4582e5c15172c
45.0,35.333332,33.0,30.0,42.666668,c582896d49ae12fa1bcb1fdeef3fc79e
76.666664,63.333332,65.0,77.333336,64.0,32c72276a29b4c933693cbc2a95c25a4
,,,,,a4b7bec52f5633ad0e6f8837fdeb5a97
48.333332,60.000004,60.666668,76.056335,65.0,93be843504a5f52ccb3b206f3382b7a0
65.0,55.666668,55.0,61.0,56.333332,02f7b46afbb4a512444950abcaa82fc5
66.037735,43.097015,43.650795,65.662651,31.404959,a1c86f2664ef0e1154e6c91c68355118
75.0,52.666664,54.666668,63.333332,52.666668,cb9dc495f934fc020a64f5d679079983
56.666668,61.333336,69.666664,69.333336,64.0,1ab75b4f4b2e6b652dc5a52ca36c42f1
21.666666,38.666664,40.0,8.0,29.0,679f72357e5307d22d88d03955075519
51.666664,53.333336,52.666664,55.0,51.0,bf0e9f16bd742d6ff1c140c450752f53
50.0,54.5,56.666668,61.0,57.317074,d7a4b30fe2bf5aee4d4fe5d227453151
100.0,62.333332,67.333336,74.333336,66.176468,165f9d75f76689ecf5a6e5380749af64
80.0,54.639172,0.0,65.333336,0.0,97db329778c3ac87524c8c52c3a9e78a
51.666664,60.000004,65.0,76.333336,63.666668,2b74d979470e71bff7d4b189ee4788c8
46.666668,43.666668,45.333336,59.333332,37.301586,9ca9c9cef7e51b9c477b9a59f92df81f
50.0,47.333332,44.333332,47.666668,57.0,1a7f2212c416e739e262975fc9771b32
93.333336,65.0,46.666668,76.333336,63.636364,2367552c16d60ef3c469e83c1a12f865
93.333336,66.5,66.666664,75.666664,66.333336,8b18c4e0a836f13f380e07895554bfda
0.0,45.5,57.142857,68.888885,43.333332,e850740bb69a6a7ad75c27fba5ebcf1e
58.333332,53.500004,50.0,59.0,50.0,e8eac1a3b5a5a59a602ddc4d1e14bd9d
100.0,66.5,66.0,77.333336,69.666664,0f4b38c4a1c403e99090af70b584f4db
100.0,74.0,67.666664,85.0,57.0,c502d3fd5758722587e8cd9e198e330f
100.0,62.166668,58.823532,75.0,0.0,cbcea67075a87428c839e15efc2d9e30
78.333336,52.166664,53.666668,0.0,59.666668,e46d4a5de0af0d4bdcb1feded8a6db8c
68.333336,53.166668,54.000004,64.333336,58.333332,06aa26986feabc7a6fb3a47842f62505
50.0,54.333336,55.0,74.0,51.0,3f0ac62f6ad7d5694c320da8d2fc7538
55.0,52.666664,50.333332,64.333336,30.434782,0e76d3d63aab916b051ec98c09b33d24
90.0,66.5,70.666664,78.666664,75.0,5798c06fe07f4617c7fa9d7742972654
41.666664,42.833336,42.333336,47.666668,40.666668,ee7e103078c7a3b1c9ffff46368dc8fd
75.609756,50.535332,0.0,58.0,0.0,9ec56da7ab9d01350ee28cfa9ee404f1
40.0,48.666668,51.0,43.666668,42.857143,aa3de16816bef2bc2685d5c9b269128c
100.0,69.166664,73.0,83.0,72.666664,387472745545c752f7933119441c39e2
23.529411,46.913578,0.0,0.0,48.101265,ee2e50222837cd55102dd375873d1364
46.666668,50.0,31.428572,0.0,51.595745,2aba1ddc5b1637c56e73fff004b850a8
50.0,40.666668,37.666668,51.333332,38.666668,273fc7cacbb72e25dddc8703a37c4f68
51.666664,42.166664,44.333332,53.497944,49.0,997f1bbcf0d794553dd5cd3e8ba2f31a
100.0,56.0,58.0,74.666664,0.0,a4ae38c88df1ff2017f150330339a39d
48.333332,37.0,30.666668,28.333334,40.666668,b011e8a735e4bbf067688287a4f5d689
86.666664,60.666668,62.666668,76.666664,52.0,15adce07e64a4eb8f4a84c4b04b264ef
91.666672,67.333336,67.0,80.333336,83.0,238ab45e41be1a196441840ec914cb57
75.0,62.406013,0.0,70.652176,0.0,99fdd03cfedd4e2d1e2a275c5f0ea50f
48.333332,53.833336,54.666668,63.0,51.0,e4f6adb7bd718c5aba0e700080581b13
81.666664,54.333336,51.685394,67.333336,55.033558,988dd6365ec78a8c0d870110a69e8654
96.666664,64.5,65.0,73.0,63.666668,02061ef94e66b0b019e9feaf0476adc4
78.333336,55.5,54.666668,66.08696,0.0,be005cfda14380a5ab1f0e965bdbcb61
46.666668,56.0,50.666664,61.0,52.173912,1dcd6b5f45db490fbf8321ceb43352fc
51.666664,67.0,63.333332,85.333336,62.333332,10706f53ff802d275825ee36c15c7554
,,,,,59c2c01525734e37da87d6f6653295b1
56.666668,52.499996,54.666668,0.0,0.0,6f646e98f6cbe679aacbfe14733691ca
63.333332,58.0,54.333336,41.935482,56.0,e6c831cafc641abaf4336f8b28a58142
53.333336,58.666664,57.333332,69.333336,54.666668,1ef648ff7e16c517cec9b71110978e27
37.5,51.282055,60.000004,56.25,0.0,9cd47aec7dfdd7f51ed31f1520caf251
46.666668,52.833332,55.333336,65.333336,59.677418,07bf9dd59261298e26f3e5b169a778dd
50.0,55.5,55.666668,67.666664,53.666668,3448d8af4b56d5748ba5104f54c330ef
53.333336,51.166664,47.666664,67.333336,48.666668,223dc4b251c64a10660866406caa8daf
50.0,51.666664,59.090908,60.0,0.0,d3315dfb5018f3acb0fc9932d90266c3
48.333332,55.0,57.333332,68.333336,57.333332,58f18738ea6585757975e8f70991bbbd
48.333332,54.333336,47.333332,66.666664,57.142857,34114a81e834c9467e9c9bd5ffbbfee2
80.0,56.666668,57.666664,37.5,63.414635,337a7817d589999370235ce3bfd4cb44
75.0,75.166664,81.481483,88.666664,74.333336,09dc7f714499c12dbf439ac7725247b4
0.0,0.0,0.0,0.0,0.0,741b229d713260f2539035b1fdeeeef3
90.0,66.166672,71.333336,73.333336,65.0,4dc9515741bcc25dac7398682090c42d
41.666664,45.833336,46.333332,68.333336,45.666668,bc0c6b33bb6dec1f7544163c79f9166d
51.666664,57.5,52.0,67.333336,51.0,63a891307be8815c201667d80d639a56
56.666668,53.500004,53.666668,66.666664,0.0,c55e90223e61741aff2c9ce6076ff126
100.0,71.0,68.666664,85.333336,72.0,b53fea4650f6aaa0dce64c16ea2f7f66
59.459461,60.377357,61.5942,75.0,0.0,610f234b3542806e2b0c6e5674aa5a68
58.333332,57.333332,57.666664,67.0,56.666668,4bd46191f5c81da3a8178827bb144913
48.333332,46.666668,48.333332,56.666668,46.0,e1647cc09499823f4b0fafd6323bb2c3
1.666667,45.166664,41.0,38.333332,40.333332,34384d6b88c86036563b9f2f395903e2
82.5,60.580914,91.666672,70.666664,100.0,61638c71abdeafdf22d5d03e78d0eb90
43.333332,50.666664,49.6063,62.333332,50.333332,fb60214fffa137c2fbb198141346ab52
73.333336,57.833332,0.0,0.0,57.666668,2201e38168ca744bc2de0b894831b828
100.0,75.333336,76.333336,100.0,73.666664,3c475d36a9a7687ef34150e8194bc33d
